# .PCD v0.7 - Point Cloud Data file format
VERSION 0.7
FIELDS x y z intensity
SIZE 4 4 4 4
TYPE F F F F
COUNT 1 1 1 1
WIDTH 11545
HEIGHT 1
VIEWPOINT 0 0 0 1 0 0 0
POINTS 11545
DATA ascii
1.7686429 -17.14467 -0.23527476 2
1.9509583 -17.110672 -0.18012168 2.265625
2.1842828 -17.174681 -0.16161256 3
1.7702167 -17.094486 -0.033740986 3
1.9350113 -17.093494 -0.15428212 2.4375
2.3098669 -17.082199 -0.1335846 3
4.8667841 -16.817856 -0.051212937 4
4.7638888 -16.74597 -0.027927181 5
4.8758774 -16.776943 -0.034467004 6.5
5.6216083 -13.89489 -0.014894171 2.5
5.8345366 -13.969713 -0.017193079 2.5850694
2.3720779 -13.741131 -0.016496198 1
6.0733829 -13.621191 -0.020708039 2.4375
5.4787316 -13.362441 -0.0056034797 2
5.4863081 -13.020327 -0.022609387 2
5.4846134 -12.743032 -0.012522161 1.875
5.5195279 -12.496668 -0.0071872068 8.375
-5.2449646 -12.016029 -0.047386933 2.3333333
-5.2864103 -11.98394 -0.028427601 10.3125
-8.1897793 -10.511268 -0.015238065 17
0.7343713 -10.572885 -0.019315924 2
0.62319565 -10.499769 -0.013453028 1
-3.796433 -9.3468151 -0.035316676 2.6184244
-3.5668771 -9.3518906 -0.067336455 1
-2.5807738 -9.3179598 -0.092648573 1
0.074548706 -9.4207859 -0.053701639 25.184273
0.37478793 -9.4368973 -0.034304496 23.160816
0.84115517 -9.3484955 -0.10785319 5.7525635
-3.7914436 -9.2859497 -0.0083082924 4.5
-2.8100848 -9.2578201 -0.062515169 2.75
-2.5601888 -9.2493629 -0.050907291 3.4721498
-2.3823984 -9.212121 -0.051184535 1
-1.7263336 -9.2329941 -0.03161639 7
-0.9903 -9.1836853 -0.013293196 52
-0.65373147 -9.2059975 -0.067050159 25.819286
-0.38410944 -9.2431297 -0.076413445 18.858692
-0.27005661 -9.2305641 -0.072833359 16.067652
0.025318641 -9.2700872 -0.012764719 30.396484
0.84165144 -9.2589464 -0.013466934 27
1.5463961 -8.7363892 -0.052282874 2
1.5659505 -8.66605 -0.025525464 13.25
-8.1224785 -8.3573742 -0.038230363 1
-8.0608158 -8.2486372 -0.043076105 1.7395833
-3.0898843 -8.3432074 -0.0082073165 1
0.38677141 -8.1591635 -0.011409298 1.2634277
0.81218934 -8.1903419 -0.034232445 8.382678
1.0015258 -8.1938972 -0.041470252 0.45268768
1.2548702 -8.1575756 -0.014272595 5.6362524
1.7769978 -8.1979332 -0.044316012 18.603085
1.8196132 -8.1581917 -0.018032556 37.1875
-8.0310097 -7.957469 -0.028488934 4.4475508
-6.2342358 -8.0241375 -0.028359111 15.5
-4.290524 -7.9024372 -0.053929888 8.6713896
-4.1548481 -7.9959106 -0.042969786 8.6609964
-3.1344061 -7.8604493 -0.0081951218 0.25
-0.76813322 -8.0517807 -0.059519444 11.827346
2.2608011 -7.8364687 -0.040632006 9.7168903
-7.9179516 -7.6261168 -0.059327196 2.4161887
-5.4592357 -7.5047145 -0.025157154 10.25
-5.2249088 -7.5429859 -0.025772618 11.15625
-4.9667063 -7.5848436 -0.015658163 12.625
-4.2811241 -7.776186 -0.056376286 5
-3.141264 -7.724328 -0.0063844337 0
-1.8750253 -7.62045 -0.018335829 0
-0.92056972 -7.6199121 -0.044355057 14.25956
-0.84749645 -7.7132397 -0.042548511 7.3482485
1.4916341 -7.5514684 -0.04189812 21.5
1.6152478 -7.6243482 -0.02676557 12.689848
1.8582364 -7.507679 -0.0073154964 15
2.3219953 -7.7732229 -0.021013256 11.154838
2.6185646 -7.5439816 -0.043982789 8.6811199
2.7467656 -7.517931 -0.021713942 17.955061
3.0264702 -7.5753927 -0.047540657 1.09375
-7.9101858 -7.4112768 -0.055019137 4.8867188
-6.0306702 -7.3349681 -0.017498475 22
-5.4445529 -7.4617414 -0.021221828 15
-5.3025188 -7.4830246 -0.014008838 20
-4.6379137 -7.2242961 -0.042987123 6.25
-4.217504 -7.2242985 -0.046841003 11.958333
-4.1732225 -7.2271843 -0.018719701 14.888215
-1.0559921 -7.3401527 -0.034051936 5.0649958
0.35935518 -7.2101312 -0.023444081 0
1.4051781 -7.36447 -0.019766174 14.287785
1.7194374 -7.2919807 -0.016299624 24.230614
1.8169379 -7.4682236 -0.053648613 13.578125
2.5981197 -7.4908304 -0.045660947 22.929102
2.7613554 -7.4655218 -0.035779741 21.749165
-7.8819685 -7.0414829 -0.025948269 13.725
-4.5497174 -7.1829123 -0.019531187 11.961589
-4.3513737 -7.1515551 -0.041680992 10.5
-4.1910496 -7.1745005 -0.051248599 10.8125
-1.1038413 -7.189189 -0.036614202 1.9375
-0.16993466 -7.0224895 -0.02116758 0.85982502
0.39385721 -7.0991154 -0.045217931 0.61960477
1.6195517 -7.1939483 -0.063277371 9
-8.1766109 -6.7613764 -0.062067151 15.773112
-7.895206 -6.7931852 -0.066049419 4.2991128
-7.7816205 -6.7686586 -0.02962164 8.6171875
-0.025065914 -6.78403 -0.015221698 0.68493652
0.18907586 -6.6701565 -0.037276752 0.96182382
0.3247031 -6.8180637 -0.022350091 1.0328777
2.8752799 -6.6738129 -0.053005703 1
3.0348089 -6.8157454 -0.053301845 0
-7.6345191 -6.3446131 -0.037158635 2.0625
2.3181114 -6.3353996 -0.065956615 0
2.5114875 -6.3957787 -0.063596308 0
-7.8702736 -6.0204191 -0.0040055583 29
-7.6653223 -6.2960944 -0.05759206 1
-5.9369707 -6.1437688 -0.015587826 19
2.2640615 -6.1256113 -0.068769038 0
2.6225839 -6.2174101 -0.065429941 0.78645837
-7.9028273 -5.733737 -0.035055727 17.674664
-7.7508326 -5.8314714 -0.016084068 14.071289
-6.0437789 -5.7282019 -0.042757247 1
-2.6507444 -5.7873445 -0.026680699 0
-2.2369251 -5.7731676 -0.042656042 0
2.1704459 -5.9039717 -0.072626501 0.083333336
2.5747168 -5.8012519 -0.071073562 0.25
-7.897738 -5.6994433 -0.020436767 15
1.3969935 -5.5587749 -0.068888091 0
2.0254195 -5.5914903 -0.067489497 0
2.2038283 -5.6126566 -0.075435333 0.037037037
2.4417076 -5.5561266 -0.073854461 0.83333337
-7.9133139 -5.1367512 -0.027171522 19.646925
-2.7376893 -5.1678243 -0.033740543 0
-2.2821102 -5.2360926 -0.043217629 0.001953125
0.78297162 -5.1402369 -0.07675042 0
0.99418151 -5.2339635 -0.069366388 0.375
1.231226 -5.1928306 -0.071115337 0
1.7595378 -5.1099558 -0.073049247 0
2.0864089 -5.1551628 -0.080769926 0
2.196981 -5.2292728 -0.076423556 0.14583334
-7.9281549 -4.8703332 -0.041925058 10.900533
-2.640192 -5.0020313 -0.045603305 0
-2.2200994 -4.9560728 -0.046125844 0
-2.0696347 -4.8892679 -0.050721183 0
-1.3556514 -5.0756869 -0.052674755 0
-0.78042197 -4.8926296 -0.058434479 0
0.57164466 -4.8809361 -0.075732619 0
0.74831343 -5.0113831 -0.072129697 0.025
0.98794466 -4.8890705 -0.074829876 0.5
1.253266 -4.8236809 -0.077923469 0
1.6900761 -4.8373704 -0.076807149 0
1.9508188 -5.0095096 -0.076559514 0
2.1382306 -4.8644238 -0.078798577 0.25
-7.9285593 -4.7686367 -0.033168424 13.290167
-2.7149436 -4.7720985 -0.045562256 0
-2.5555248 -4.5607724 -0.042866342 0.078125
-2.2037594 -4.6874514 -0.049900815 0
-2.0046759 -4.5646372 -0.054461636 0
-1.6820416 -4.6060247 -0.0553733 0
-1.3913326 -4.6471395 -0.058609419 0
-0.73302126 -4.7390404 -0.0684193 0.25
-0.028184891 -4.5713506 -0.068305582 0.125
0.19122684 -4.7027016 -0.070158049 0.12504071
0.51697999 -4.6222572 -0.075828731 0.2578125
0.83804464 -4.6500783 -0.077275038 0.61458331
1.0471919 -4.6335568 -0.07820496 0.0043945312
1.311491 -4.5916281 -0.079451576 0.1875
1.6402206 -4.6336298 -0.076217756 0.29166666
1.8666415 -4.5775013 -0.080418155 0.89826393
2.1211104 -4.7343278 -0.083016902 0
-7.9224925 -4.2226152 -0.032733746 14.344682
-3.0052981 -4.2018018 -0.049898852 0
-2.4672136 -4.4378176 -0.051077038 0
-2.3016725 -4.3747416 -0.051034473 0.41666669
-1.9021208 -4.2945547 -0.058209375 0.50390625
-1.6838813 -4.2999439 -0.058832482 0.75
-1.4224796 -4.2435055 -0.064205065 0
-1.1953546 -4.3005204 -0.06613601 0
-0.30967644 -4.2398429 -0.071702957 0
-0.19321221 -4.3228188 -0.074417561 0.27534723
0.076102443 -4.206039 -0.07995452 0
0.51510972 -4.3321476 -0.078885294 0.45833334
0.75015754 -4.2742186 -0.078319728 0.49341837
1.0129621 -4.4137201 -0.078712299 0.125
1.3059754 -4.2626791 -0.082442418 0.36202651
1.7117949 -4.2608213 -0.085221931 2.0410583
1.858947 -4.2941103 -0.088741586 0.5625
-7.9295874 -4.1420994 -0.031875424 12.19375
-5.4872837 -4.1804271 -0.0072988574 2
-2.9258754 -4.0563345 -0.0485528 1
-2.2403464 -4.0551538 -0.059179209 0.40625
-1.9436013 -4.1585388 -0.05775813 0.125
-1.6477081 -4.0197086 -0.063168384 0.58854169
-1.4765337 -4.0361099 -0.065859325 0
-0.6778509 -3.9773407 -0.07079459 0
-0.44791999 -3.9434834 -0.072717614 0
-0.19370434 -4.0850177 -0.076284081 0.044108074
0.23239225 -4.0367417 -0.080840357 3.3835068
0.43292105 -4.0667167 -0.082924858 0.12883781
0.82908553 -4.073565 -0.083045393 0.45213217
1.0066357 -4.1552372 -0.08558841 0.28515625
1.2830493 -4.1367874 -0.086118303 0.676709
1.7635964 -4.1078687 -0.08932361 3.3117561
1.8412862 -4.147593 -0.087214053 3.8645835
-7.9298482 -3.7217894 -0.044228908 5.1815596
-5.1523361 -3.7248483 -0.073109098 3
-5.0467024 -3.6698117 -0.024325009 30.671875
-2.4750593 -3.637943 -0.043340757 1.1618301
-2.1467929 -3.7403665 -0.060850061 1.4788066
-2.025733 -3.66324 -0.060208086 1.6588824
-1.6236603 -3.8378222 -0.066408545 0
-0.93687856 -3.6616025 -0.075186297 0.2
-0.84544671 -3.8649418 -0.070767142 0
-0.49282318 -3.8615313 -0.077718593 0.31640625
-0.16021019 -3.7589903 -0.084168777 0.083333336
0.20327634 -3.8551674 -0.087360457 0
0.43604362 -3.801403 -0.085613072 0.013064131
0.71347761 -3.7271719 -0.087271273 1.2389392
1.1558517 -3.7581789 -0.089391083 0.1875
1.3693361 -3.7523732 -0.089826435 1.4865432
1.6131648 -3.7357435 -0.091415301 0.72167969
-7.9304214 -3.4824829 -0.046971142 6.3658695
-3.3641672 -3.3154655 -0.013452012 2.21875
-2.5845845 -3.45364 -0.023798747 0.5
-2.3165848 -3.4552443 -0.064644873 2
-1.9693143 -3.4526179 -0.069603249 1.1890862
-1.2543211 -3.3985388 -0.070825353 0
-1.1348004 -3.4770405 -0.076210797 0.73647881
-0.89322674 -3.334929 -0.083636887 0.2
-0.54160655 -3.4103315 -0.081692517 0
-0.15787974 -3.4068253 -0.083670281 0.083333336
0.083375007 -3.5002003 -0.084472641 0
0.48640722 -3.484134 -0.088208742 0.0625
0.71747422 -3.5187273 -0.08824861 0.26302084
1.1269546 -3.4854517 -0.090447202 0.65625
1.4005039 -3.4871302 -0.090469807 1.6041666
1.5544872 -3.5041137 -0.092265241 1
-7.9424696 -3.1898613 -0.061907627 3.6084161
-4.9419122 -3.1463645 -0.0016204281 16.333334
-4.7877946 -3.073832 -0.024756279 32.25
-3.8285089 -3.117101 -0.034897335 0.94294131
-3.3189635 -3.1155624 -0.039032124 1.3771284
-3.2643943 -3.016294 -0.068101071 0.13485718
-2.5987167 -3.2900319 -0.043450683 1.5
-2.1580124 -3.1277809 -0.061956413 0.125
-2.0578852 -3.0668516 -0.073171631 2
-1.6017892 -3.0284176 -0.077249937 3.2237854
-1.0177344 -3.2438495 -0.083854035 1.3484848
-0.85264587 -3.0667446 -0.082569554 0
-0.43165287 -3.1528084 -0.085363626 1.2762345
-0.047126465 -3.2133365 -0.087925032 0.001953125
0.20185535 -3.1402054 -0.08575131 0.035749231
0.40219426 -3.0657809 -0.0879592 0.25785318
0.78798783 -3.1742408 -0.088998288 2.9269156
1.0081264 -3.0847712 -0.09099479 1.6498256
1.2669175 -3.139909 -0.090319835 2.0436966
-7.9300623 -2.7732942 -0.015595973 8.145833
-3.7388463 -2.8353605 -0.049435034 1.2660087
-3.2220206 -2.8552136 -0.059154887 1.9807328
-1.9602249 -2.8644969 -0.069451965 4
-1.5757916 -2.8884997 -0.074868269 4.1873221
-1.0035083 -2.7540412 -0.081222683 2.4114585
-0.8418439 -2.7994823 -0.086568922 2.0345984
-0.40020609 -2.8678024 -0.087397896 0.0044642859
-0.18632621 -2.7511461 -0.089041293 0.35107699
0.20098943 -2.7364435 -0.090267301 1.7594287
0.48192358 -2.732444 -0.089966297 2.8842993
0.72003567 -2.7544558 -0.091599494 2.227428
1.102561 -2.8796647 -0.091497511 2.0355427
1.242907 -2.8492966 -0.092646271 0.29882812
-7.9266295 -2.6339135 -0.013302033 12.796489
-5.5255966 -2.5807056 -0.053023845 0.79602051
-5.2040577 -2.582871 -0.0020476752 8.354166
-5.0806303 -2.5789237 -0.012012288 7.75
-3.1186037 -2.5549212 -0.031435873 9.2209206
-2.8800893 -2.5149322 -0.064093709 0.35196939
-2.6582155 -2.509392 -0.069140255 0.5234375
-1.8256819 -2.4522858 -0.02868776 9.7421875
-1.5491693 -2.5244818 -0.061651785 2.0606103
-1.2388219 -2.4943697 -0.052230816 12.166999
-1.1081895 -2.5623105 -0.057661522 26.212502
-0.84109199 -2.6292336 -0.089542538 2.6332464
-0.39135897 -2.5046949 -0.088478163 2.25
-0.073517755 -2.592392 -0.089407474 2.2906928
0.2826162 -2.6246748 -0.089182734 2.8048332
0.38859555 -2.6105924 -0.091976494 2.1378446
0.81436801 -2.605442 -0.095669925 3.5162649
1.139595 -2.5914171 -0.096397869 4.3310223
-7.9373636 -2.2318597 -0.0068078036 7.0900497
-4.1261516 -2.3491328 -0.025725251 11.875
-2.9479167 -2.208281 -0.021720283 0.27178809
-2.5416498 -2.3184421 -0.07275527 0.81886578
-2.2212329 -2.2428045 -0.050397538 0.00018310547
-1.8024658 -2.3169515 -0.046727609 4.5
-1.7290387 -2.2690864 -0.052441273 8.3594046
-1.2856477 -2.1892576 -0.07161399 9.1953125
-1.092443 -2.2584968 -0.076298445 12.165775
-0.78643715 -2.2803922 -0.09110909 4.3881249
-0.55394393 -2.236819 -0.09357357 1.6666666
-0.14597979 -2.1837487 -0.090810962 2.1480737
0.19599307 -2.2316136 -0.09157607 2.4018183
0.36452085 -2.1461539 -0.094968453 2.5314908
0.68607211 -2.2548499 -0.095219657 3.2859335
1.0448923 -2.3342412 -0.097355708 3.229059
-7.9493327 -1.9124377 -0.023289112 15.666666
-5.586607 -1.8831106 -0.018559797 0.27539062
-5.3331132 -1.9073358 -0.049038537 0.4375
-3.9866056 -1.8998147 -0.065074205 1
-1.6624463 -1.883683 -0.06119452 10.086309
-1.2488428 -1.9726262 -0.076171935 30.679974
-1.0544145 -1.894659 -0.087756082 26.17523
-0.85825664 -2.0427411 -0.0941424 5.9474463
-0.40660119 -1.9301099 -0.093964979 2.0989585
-0.073785491 -1.9335208 -0.094357133 1.9888917
0.18223894 -1.9580991 -0.096601531 2.0688043
0.44601813 -1.9035655 -0.096408091 2.5019357
0.725676 -1.9748178 -0.10140675 2.4431105
0.93880796 -2.0205283 -0.097856849 2.0546875
-7.9399385 -1.7057071 -0.0072528739 13.946392
-5.1322374 -1.6797229 -0.0020324611 8.333333
-4.9422412 -1.5716734 -0.02284687 4
-1.8962814 -1.6293603 -0.020172501 0
-1.6592027 -1.7219887 -0.063513905 74.299057
-1.4543684 -1.5381849 -0.0064436095 4.4383545
-0.91923773 -1.5904853 -0.085347652 6.7404046
-0.82346451 -1.7211096 -0.088676319 5.7760415
-0.34656003 -1.7493556 -0.092478931 2.0243845
-0.13991889 -1.6904101 -0.092311613 3.177171
0.077096701 -1.6571565 -0.090923756 3.0237122
0.51378202 -1.6945014 -0.095987357 2.7916667
0.65790242 -1.7436998 -0.097086646 4.203125
-7.9367328 -1.2289035 -0.013543984 12.975826
-5.5066414 -1.378026 -0.0099688377 1.3144531
-1.8245213 -1.2209663 -0.036753401 13.714286
-1.7277768 -1.2947087 -0.00843943 4.6252747
-1.454415 -1.4958906 -0.010642113 0.75
-1.116967 -1.2434371 -0.071366683 6.484375
-0.3323077 -1.2709693 -0.081408009 0.83333337
-0.19990534 -1.2206202 -0.079262599 0.52619046
0.47249654 -1.2184957 -0.079089493 11.68177
-7.948947 -0.93787873 -0.017946046 15.249695
-3.6575496 -0.94235367 -0.056938838 0
-3.4595289 -1.1287982 -0.054583184 0
-3.1993866 -1.0665686 -0.062214352 0.021472868
-2.7902155 -1.0760622 -0.062273845 0.55859375
-2.5330818 -1.0665298 -0.063577682 2.639029
-2.2578893 -1.0871927 -0.065361008 3.7909267
-2.0396638 -1.0956149 -0.068509489 3.5875001
-1.7226045 -1.1852618 -0.027170159 6.685957
-1.3952715 -0.95170879 -0.078380994 20.273972
-1.0815873 -1.0944678 -0.074679993 6.6263227
-0.6604709 -1.1314548 -0.079081386 4.0482678
-0.45000586 -1.1320503 -0.079297245 0.41261196
-0.1962972 -1.1687419 -0.078075498 0.1480622
0.23042944 -1.1781216 -0.073714852 0.86090386
0.48565817 -1.1431993 -0.081541993 1.9298464
8.5132608 -1.1031373 -0.0091699967 6
-7.9448204 -0.8787269 -0.0099282293 13.616756
-3.3908911 -0.79257739 -0.0614844 0
-3.1613507 -0.70539451 -0.063874409 0
-2.7404909 -0.66500783 -0.069500782 1.5661459
-2.564465 -0.67016637 -0.065543257 1.6420257
-2.2811165 -0.72328657 -0.072489887 4.2778578
-1.8620813 -0.74264866 -0.08011771 6.8903451
-1.5758154 -0.70247304 -0.085160904 12.638292
-1.2886677 -0.79540384 -0.080922619 14.036294
-1.0193318 -0.76637173 -0.082992725 5.2283421
-0.89318359 -0.85203582 -0.084281534 0.054463927
8.5206814 -0.88492572 -0.074727051 2
-5.1744537 -0.5102663 -0.05115756 14.121965
-3.3573093 -0.36946923 -0.060491063 15.361458
-3.2036464 -0.49088064 -0.065304294 2.8261766
-2.8192167 -0.55508292 -0.072086513 0.35185546
-2.5378795 -0.53978622 -0.070700884 1.0789275
-2.2060578 -0.52658463 -0.080689803 5.2488279
-1.9197994 -0.50882363 -0.083279118 7.2286062
-1.6105435 -0.55225706 -0.083967075 11.0625
-1.3159332 -0.41129738 -0.082167268 8.8442106
-1.0972302 -0.51396364 -0.082000464 0.73256981
1.3793323 -0.33956733 -0.11364239 1.8029785
-4.3115606 -0.044847995 -0.021438925 86.712105
-3.9763381 -0.19408613 -0.049307641 10
-3.6930552 -0.18773007 -0.041890752 11.65625
-3.3656802 -0.23897843 -0.037478402 28.316181
-3.2742016 -0.25435227 -0.046207547 17.446928
-2.9444227 -0.25405839 -0.012836247 36.529411
-2.6260943 -0.23851398 -0.078350127 20.619791
-2.1821156 -0.16313353 -0.03018737 28.493578
-1.8738265 -0.1759935 -0.016049493 27.026527
-1.7059674 -0.12803663 -0.016021173 37.339462
-1.3055468 -0.18116415 -0.086337179 12.051918
-1.1786392 -0.24304646 -0.087889105 1.0254464
1.3832467 -0.21890277 -0.10592967 0.31138104
1.692821 -0.036764897 -0.10904375 75.5
1.828599 -0.042276174 -0.10902306 104.0052
2.3404837 -0.024838194 -0.067219406 54.445095
2.43366 -0.044074737 -0.030761883 29.431913
-4.3110223 0.21890694 -0.031628598 101.41202
-2.8423448 0.14801821 -0.015337652 129.22005
-2.5588591 0.11866991 -0.054633155 85.875
-2.196223 0.0718702 -0.043347187 25.220833
-1.8289998 0.2542212 -0.073000699 27.324512
-1.5611751 0.15492263 -0.094210297 37.959175
-1.3486931 0.2168839 -0.089863442 7.9564877
-1.1814451 0.18626447 -0.091021694 0.97684413
1.5400491 0.014912736 -0.11087749 0
2.0095296 0.0031210685 -0.11730193 1
2.351738 0.088284485 -0.047905304 44.947235
2.4050274 0.075148702 -0.012153736 36.930557
-4.3042703 0.48235869 -0.054859657 95.388611
-2.7937584 0.35403037 -0.047581874 44.710938
-2.6283956 0.43306822 -0.065893382 20
-1.9287399 0.35976619 -0.05089467 38.520832
-1.64537 0.3371948 -0.091090158 21.222729
-1.4238622 0.49878913 -0.090544142 10.538871
-1.138499 0.48446751 -0.093055151 3.822309
1.184341 0.33424246 -0.10599463 0.0009765625
1.2808163 0.36507303 -0.10491046 14.422271
1.5830028 0.33624655 -0.053354785 23.193123
-4.3035774 0.70660871 -0.011881443 122.21729
-2.1577029 0.74990344 -0.012163216 17.987143
-1.8223846 0.7187075 -0.013371238 13.438373
-1.388288 0.81413543 -0.090196848 5.9790869
-1.1343391 0.7355988 -0.092855699 4.2519689
-0.89061499 0.87714148 -0.097387038 0.13357843
0.88681686 0.88296616 -0.10316043 0
1.0511018 0.78482503 -0.10603985 2.5971482
1.378798 0.79929399 -0.11017387 27.903637
1.5764188 0.77356803 -0.058959387 17.376709
-4.3010492 1.1317947 -0.057986222 122.93121
-1.9783254 1.1154146 -0.018167159 6.1601562
-1.6036167 1.0850658 -0.097392574 6.7197914
-1.3274541 1.0857553 -0.093114004 5.5839629
-1.0403068 1.0670984 -0.097439066 3.2146935
-0.72629201 1.1156788 -0.0996655 1.4251549
-0.51688123 1.1437118 -0.098281942 0
0.45065674 1.1711411 -0.10440966 0
0.78369719 1.0274695 -0.10452074 0.41979009
0.98042375 1.0079237 -0.10577136 1.7975522
1.2415538 1.1345546 -0.11112005 9.4591331
-4.3021555 1.2663345 -0.052492402 82.212013
-2.1686583 1.3097696 -0.0061989166 11.646059
-1.8402109 1.2551044 -0.096769884 7.1689835
-1.7237604 1.3354504 -0.097451493 4.1624622
-1.2247796 1.3058026 -0.098218612 6.9516211
-1.138725 1.3080664 -0.097805686 6.8945384
-0.75990403 1.2781222 -0.098862566 3.4551792
-0.32198283 1.301895 -0.10212256 0.92301959
-0.12208311 1.3198893 -0.10322732 0.89054847
0.24663475 1.3656397 -0.10568 0.90837777
0.35049874 1.2610904 -0.10541729 0.54681158
0.76515925 1.2475737 -0.10778357 2.5164649
1.1161506 1.3331647 -0.10878491 4.6054864
1.2983342 1.2367903 -0.11200756 13.045818
1.5997107 1.2295165 -0.068524256 19.263149
-2.7249391 1.5385742 -0.038962517 5.8333335
-2.6725197 1.5418215 -0.028550874 5.6158853
-1.8649702 1.6869668 -0.093661726 3.1413186
-1.5656538 1.648825 -0.102778 5.0439825
-1.3181951 1.7445943 -0.10560477 5.2127275
-1.1206515 1.616816 -0.10079962 8.2261019
-0.71696812 1.6771102 -0.10410829 5.0444994
-0.37232941 1.6389964 -0.10456097 4.4509544
-0.21490353 1.7402599 -0.10844427 3.6785517
0.1767415 1.7446332 -0.10882567 3.0030968
0.39450145 1.7542489 -0.11198054 3.6120415
0.72546673 1.7124902 -0.112342 3.975549
1.0203356 1.6365391 -0.11304035 4.7187834
1.2624973 1.750325 -0.13188949 8
1.7123951 1.7423697 -0.044465449 16.71715
-4.2965374 1.921226 -0.084291801 71.493103
-2.4995122 2.0731683 -0.10387533 0.125
-2.2534466 2.090034 -0.10037796 2.2793946
-1.9237967 2.0185432 -0.10332526 2.4259434
-1.6026945 1.9595028 -0.10831901 2.9602878
-1.4108292 1.9790434 -0.10335326 0.55951881
-0.97505569 2.0513663 -0.10660148 3.5411544
-0.75961465 1.883306 -0.10762799 4.3382072
-0.43175796 2.0573816 -0.11153051 3.2194273
-0.14431775 2.0069125 -0.11260764 0.69000262
0.16005869 1.8816516 -0.11104878 1.9902632
0.37271804 2.0554848 -0.11503935 1.5520517
0.78091002 1.9000926 -0.11500041 3.8927441
1.1129842 1.9552644 -0.11374696 1.435017
1.2836193 2.0643106 -0.12174761 4.625
1.7236388 1.9399209 -0.011749419 4.3875937
-4.2915225 2.3884985 -0.09823519 73.205574
-3.0559447 2.144191 -0.11278991 0
-2.8762982 2.1947937 -0.11005819 0
-2.5591865 2.2834909 -0.10711456 1.4105903
-2.2688084 2.1919031 -0.10650539 4.31078
-1.9013572 2.1308417 -0.1098783 4.6767578
-1.7014418 2.1601827 -0.10808852 0.07945846
-1.270647 2.1441784 -0.10750262 4.4780197
-1.0438682 2.1672039 -0.11016123 2.788923
-0.78156799 2.3074076 -0.11714545 4.6661229
-0.3955043 2.1508522 -0.10798225 0.4013021
-0.13807169 2.1553421 -0.10702184 0
0.016431345 2.1132948 -0.11039235 0
0.43609983 2.1517878 -0.11529259 3.1908407
0.77187634 2.2393904 -0.11698714 2.4226859
1.0629921 2.2468929 -0.11974778 3.3200562
1.2570673 2.2990408 -0.12399756 4.365696
1.700695 2.2622857 -0.065994442 16.428917
-4.2891059 2.6356111 -0.093902096 56.907619
-2.7351925 2.4552016 -0.11211759 0
-2.576838 2.4378393 -0.11034086 0
-1.570721 2.6279979 -0.12127711 13.5
-1.4832532 2.439024 -0.11213808 4
-1.0166603 2.6527317 -0.12043548 9.4562502
-0.67941105 2.4872737 -0.12107589 9.59375
-0.5409922 2.6983073 -0.12788692 14
0.561005 2.452981 -0.11782734 2.78125
0.75716692 2.5937023 -0.11969548 2.0729165
1.1317464 2.6536241 -0.12508345 3.0052016
1.2293859 2.5682492 -0.1226799 3.2336934
1.7342918 2.6548519 -0.01489418 1.1147703
-4.2855639 2.7707837 -0.12013628 37.977524
-3.0478361 2.9991143 -0.0033123589 24.666666
-2.2238035 2.996346 -0.012487539 41.945946
-1.8987651 2.8765049 -0.1213473 16.613436
-1.6649566 2.9220228 -0.12388147 15.756756
-1.2483068 2.8728008 -0.099505663 8.2963486
-1.0538282 2.8847675 -0.11944653 5.8629704
-0.73364151 2.9606838 -0.11012489 18.350361
-0.51007009 2.9022107 -0.10747054 26.538881
-0.20650572 2.9658241 -0.11300457 31.678299
0.27179849 2.9510808 -0.1069805 32.944386
0.5309155 2.9010775 -0.096543342 8.0375252
0.68795478 2.8315964 -0.11081447 5.5167041
1.1295314 2.7479067 -0.12798205 3.6041667
1.2215011 2.8491111 -0.12651059 0
1.7210648 2.7742071 -0.068591699 19.418682
-4.2909203 3.2653513 -0.061316252 55.490341
-3.0433311 3.0089841 -0.007130587 38.37767
-2.7192023 3.0005903 -0.039790358 41.833332
-2.2320414 3.0022671 -0.02366621 43.720497
-1.7473433 3.0042257 -0.028851915 18.695862
-1.2347035 3.001725 -0.04345651 3.7952933
0.56559467 3.0337582 -0.11991133 3
0.77525258 3.13376 -0.12926739 0.1
1.1086901 3.1457453 -0.13186088 1.9124348
1.2480831 3.1314678 -0.13107339 0.3125
1.7221025 3.2580326 -0.080567688 18.779222
-4.2889595 3.3168421 -0.059010834 32.932289
1.0830019 3.3689625 -0.13602681 0.125
1.2289507 3.4992485 -0.13745867 0.76406252
1.7325834 3.397454 -0.066114314 12.162053
-4.2893057 3.787524 -0.056718756 47.346466
0.85395217 3.6933174 -0.13788858 0
1.0554898 3.7552211 -0.14187285 0.048214287
1.3680701 3.727071 -0.14197335 0.3125
1.7281079 3.7767401 -0.086728558 16.345354
-4.2819786 4.0521936 -0.093288526 45.647537
1.1606724 4.1495686 -0.14812802 0
1.7318617 4.1799045 -0.12068192 13.095833
2.6946321 4.0238833 -0.0037811156 20
1.1739885 4.2684855 -0.14627597 0
1.2022154 4.3182297 -0.14873359 0
1.7349236 4.2541871 -0.094449975 13.633644
1.7413695 4.7382064 -0.10920456 12.409309
1.7463436 4.8165889 -0.081265308 10.376008
2.6941695 4.8856745 -0.012876824 15.1875
1.7491136 5.2789621 -0.11049214 9.5811234
2.6887972 5.3043804 -0.020342287 14.234375
1.7609982 5.6014299 -0.10332767 4.3616524
2.6862631 5.5067778 -0.018402386 14.125
1.7526493 5.81884 -0.11929311 5.9602995
2.6840301 5.7784081 -0.020648539 14.59375
1.7676502 6.219532 -0.12062728 7.0281868
1.8041385 6.2899108 -0.05502874 0
2.6781838 6.1891088 -0.025697241 10.617188
1.7654543 6.3539782 -0.13197064 8.4987526
1.8023878 6.4671569 -0.074149825 1
2.6727052 6.3444605 -0.029910337 9.9375
1.7641572 6.7185211 -0.11494531 5.5922194
2.682497 6.7882051 -0.033973947 4.3268228
1.7690113 7.0167198 -0.14814624 4.7511101
1.808316 7.049161 -0.081889048 0.5
2.663085 7.0645514 -0.02780867 3.0488892
1.7693717 7.310041 -0.13467371 4.2579317
1.8204051 7.2818933 -0.076004028 0
1.7732081 7.7524004 -0.15423729 3.0257142
1.80717 7.6047306 -0.095526665 1
2.5664952 7.767909 -0.053691834 20.699625
2.7789912 7.7177997 -0.041274898 17.971354
1.7732748 7.9485869 -0.15831456 3.5490301
1.8047767 7.9112501 -0.10267264 1.625
2.3823814 7.9617682 -0.056433521 7.0664062
2.4332724 7.843874 -0.061341867 14.064026
1.7705301 8.1296835 -0.15930107 2.3985062
1.7733239 9.2791271 -0.14857143 40.227505
1.8012195 9.2609396 -0.098405428 46
1.7826178 9.3112259 -0.098568812 43.166668
1.8737142 9.4291201 -0.15364714 30.576824
2.0147209 9.7225971 -0.17812683 6.0608306
6.3399639 22.011429 -0.041803438 6
5.9719591 22.425175 -0.043480791 4.5
6.1413603 22.312782 -0.076331869 8.2480469
2.2280183 -17.100199 0.016168131 4
1.6549649 -17.035339 0.20156038 49.4375
1.9341874 -17.037767 0.17636995 63.361938
2.305289 -17.032373 0.17297676 41.391136
2.6623721 -17.034084 0.18831557 52.459259
2.8484821 -17.056618 0.23315656 25.682234
-7.6584258 -16.571577 0.11541708 12
4.7461262 -16.744003 0.02903848 18.523438
4.8762836 -16.704317 0.1295232 50.618599
-7.6239276 -16.466108 0.21192992 71
6.4511318 -16.160395 0.27006993 2
4.4429932 -15.758366 0.14434162 4.793294
4.5160131 -15.824053 0.20228162 2.5416665
2.3823519 -13.833158 0.20544618 1.6666667
5.6138844 -13.894175 0.055424679 2.3071485
5.7482576 -13.932768 0.01344117 4.083333
5.5453215 -13.645526 0.14945504 2.0008681
6.0986643 -13.607447 0.0084647816 2.75
5.4822459 -13.267871 0.14053142 5.2952213
5.4923706 -13.059288 0.10450104 9.6701727
5.5097408 -12.761618 0.14317021 15.528353
5.5122685 -12.482059 0.10963332 18.61031
-5.4963264 -12.009377 0.073413357 1.25
-5.2283468 -12.011801 0.12557763 9.848958
5.5657091 -12.284624 0.15088198 4.1191406
-5.442831 -11.972216 0.14914477 4.6306429
-5.1910524 -11.954674 0.15551472 30.684214
-8.8669853 -10.662941 0.010705993 7.390625
-8.5750847 -10.561603 0.061575718 17.765625
-8.2862024 -10.519714 0.073524892 21.526367
0.77622008 -10.603054 0.17103261 8.9022884
-8.169323 -10.478027 0.07066986 39.25
-8.0764036 -10.492409 0.12955163 25
0.70438313 -10.488798 0.21169797 23.375
-3.7259374 -9.9329824 0.29828948 49
-3.40062 -10.003576 0.24553762 28
-3.1236217 -10.045511 0.26255852 47.296875
-3.7330155 -9.8014565 0.24793011 38.480232
-3.3858857 -9.7490921 0.24891871 12.5625
-3.2286396 -9.7408361 0.25176823 30.234375
-2.8327088 -9.6249399 0.2143303 40.583336
-2.6361303 -9.6991749 0.24372539 43.841038
-1.8602362 -9.7534685 0.21055005 21.84375
0.048285831 -9.6292114 0.17562497 7
-3.9323592 -9.3202581 0.11297043 4.9833331
-3.7751837 -9.3164682 0.036707215 9.8120174
-3.4236569 -9.3428802 0.178422 20.228516
-3.2329097 -9.3572636 0.17906962 9.5735188
-2.7854834 -9.4105167 0.25068495 28.00135
-2.5651276 -9.5210714 0.27126622 28.121454
-2.3539004 -9.3640099 0.25595248 19.392857
-1.9087377 -9.4508362 0.1883333 44.832684
-1.3993526 -9.4009972 0.29121846 39.5
-0.66078138 -9.3134956 0.28347489 50.557934
0.19736448 -9.4526958 0.22175069 145.42368
0.34746349 -9.4215145 0.20819938 99.25
0.88071811 -9.3285599 0.21800154 61.863724
-3.9144192 -9.2754927 0.073178545 12
-3.7984755 -9.2930689 0.079694219 13.195984
-3.3112652 -9.2868538 0.10337457 20.5
-3.2235284 -9.284358 0.12188525 12.136955
-2.7223914 -9.2700768 0.20119423 26.925962
-2.6933117 -9.2561522 0.14972852 30.00423
-2.2786222 -9.1460466 0.11530709 6.1814785
-1.868947 -9.2264299 0.024363153 6.2802048
-1.7894917 -9.2329998 0.032106813 9.479167
-1.3062267 -9.1974297 0.21002012 30.041666
-1.1240234 -9.1722994 0.055975653 43
-0.63869882 -9.2296066 0.13410257 71.799728
-0.36164469 -9.2381535 0.17950192 69.140633
-0.28355712 -9.26719 0.28310084 53.053493
0.020332986 -9.2554579 0.0050801821 38.5
-2.1528575 -8.8710299 0.23134086 2.2264485
-2.0985518 -8.8460293 0.25006467 14.05
0.52181041 -8.7995701 0.25100955 9.0587769
1.5720422 -8.7354107 0.1689485 17.149658
1.5615283 -8.6768188 0.057919398 10.75
-8.111393 -8.3075409 0.10593624 2
-8.057456 -8.3007298 0.066914 4.5801888
-4.1802745 -8.1020861 0.0012248786 3
-3.0779176 -8.3639393 0.0047456142 0.5
-1.599664 -8.1873589 0.26281548 1.035319
-1.4602351 -8.1232643 0.27504015 20.625
0.44874936 -8.1277218 0.22632384 8.1583862
0.84477711 -8.2052927 0.014315794 18.505096
1.0755388 -8.1805687 0.055481978 1.7856013
1.250001 -8.1468353 0.020923635 11.037305
1.7825205 -8.1628828 0.12591603 23.5
2.0559723 -8.1600018 0.14105502 25.238281
2.1336703 -8.1182251 0.1590372 15.906637
-8.0200863 -8.0140829 0.041798573 11.961683
-6.2251282 -8.0069342 0.0064688246 15
-4.2269287 -7.9009848 0.020597341 36.958599
-4.1679192 -8.0014496 0.048830114 24.777561
-1.3203968 -7.9362926 0.083087049 1.1609375
-1.0614176 -7.9007692 0.1816126 2.4163001
-0.78786433 -8.0278883 0.16457722 31.66823
0.44011736 -8.0953217 0.26690286 7.25
1.4816432 -7.9876771 0.18471086 6.0292645
1.5267363 -7.9931669 0.15020537 27.706114
2.0752547 -8.0043488 0.073252723 26.121094
2.2402325 -7.8452764 0.017188961 15.891691
-7.9027843 -7.6127949 0.05342748 13.006659
-6.0599909 -7.5649052 0.019885268 17.25
-5.1966414 -7.5280776 0.028588451 24.126564
-5.0551205 -7.564887 0.068665594 10.291666
-4.2474794 -7.7361007 0.044236206 12.1875
-4.1976824 -7.7337871 0.026104867 27.5
-3.1192827 -7.7146902 0.056398131 0.3125
-1.8723695 -7.6214328 0.051980015 0
-1.0578732 -7.671834 0.054874197 10.072917
-0.8069976 -7.761189 0.18928854 16.427998
1.4717255 -7.507061 0.19999123 21
1.5765145 -7.7088962 0.21872446 17.695946
1.8581026 -7.5433817 0.18195011 6.2083335
2.3298593 -7.7685747 0.055537269 15.344438
2.51509 -7.6076579 0.21011463 20.635365
2.7192979 -7.5194054 0.081971094 22.925159
3.0244861 -7.5574136 0.099639326 3.072706
-7.915451 -7.2493124 0.070318557 12.090965
-6.0474567 -7.3924236 0.022431053 31.625
-5.4430957 -7.4579797 0.00107257 17
-5.2056346 -7.4657326 0.070788234 17.694481
-4.9660082 -7.479022 0.052781392 19.5
-4.6927328 -7.2438688 0.014071521 14
-4.2083216 -7.2562094 0.050660886 12.808205
-4.181922 -7.2384729 0.039346099 14.460067
-1.020484 -7.3634062 0.035479512 2.6721191
1.4286027 -7.356308 0.13361028 24.040163
1.6891466 -7.3238096 0.21406385 18.266544
1.8112214 -7.3381 0.16543874 8.5
2.6797295 -7.4031601 0.20356607 33.707153
2.7503204 -7.4565964 0.024740657 28.407745
-7.9188414 -7.1182671 0.058423743 12.930037
-4.5731049 -7.1754856 0.031861953 19.73267
-4.2268705 -7.1812677 0.034974579 18.858492
-4.1837502 -7.1881447 0.030233603 23.5
-0.17457253 -6.9911737 0.025685817 0.033854168
0.27380717 -7.1134548 0.21190451 8.4926586
0.3262468 -7.0797005 0.15329821 8.4760342
-8.1788502 -6.8058815 0.084230043 110.07774
-7.9390659 -6.8052135 0.067707829 14.8223
-7.7357264 -6.6448078 0.015932642 29.375
-0.081629232 -6.8371506 0.17743433 6.5529718
0.2031642 -6.7578802 0.14576012 9.3102398
0.33838528 -6.8690128 0.093322515 6.5989585
-8.2262096 -6.3229461 0.09782505 25.349243
-7.6729622 -6.4856529 0.01877832 17.78125
-6.0593719 -6.3433776 0.034668524 17
-8.1945572 -6.2094021 0.081367083 43.360519
-8.0528183 -6.189559 0.047386747 21.34375
-6.0995555 -6.0691996 0.068626679 1
-5.9467239 -6.1509533 0.032328863 9.25
-7.9248753 -5.8349166 0.06749697 20.698032
-7.7004352 -5.9271231 0.0050630998 12.044922
-7.9257431 -5.6976814 0.065924749 33.5
-6.0187278 -5.634974 0.035723485 17
-5.9404612 -5.6797419 0.017707285 2
-10.214356 -5.179801 0.25876334 2
-9.9529409 -5.1447425 0.20078458 4.6086364
-9.8693838 -5.1494637 0.23892979 4.6692595
-9.3704891 -5.1506653 0.20401657 6.7810216
-9.2833691 -5.1449537 0.19187817 5.3125
-8.8489456 -5.1402531 0.21373665 5.171011
-8.4994097 -5.1387568 0.21234657 7.8709126
-8.30931 -5.1269636 0.19435947 8.8998528
-7.9301314 -5.1512966 0.035879973 16.588526
-5.9192619 -5.345716 0.042579286 13
-8.4067469 -5.072494 0.23706548 10
-8.1817083 -5.0257654 0.15753578 12.046954
-7.9511995 -4.9486532 0.075710922 20.467625
-8.1129065 -4.721643 0.23835342 1.8333333
-7.9963551 -4.6641741 0.17607275 9.5695114
-8.1215553 -4.3186569 0.20056354 0
-7.9430695 -4.2483826 0.063094579 11.338094
-8.0573883 -4.1902628 0.2577669 10.48139
-5.4404674 -4.1109762 0.046688221 29
-8.1242876 -3.6323099 0.21390629 0.75
-8.0751801 -3.6255183 0.23001704 4.3398943
-5.0505142 -3.6603558 0.01616865 37
-8.1158304 -3.5810127 0.19239853 0.75
-8.0563316 -3.5870519 0.26887608 21.958313
-3.3548884 -3.3105974 0.0041759028 10.5
-8.1125278 -3.1118293 0.22170049 1.5
-8.0603275 -3.125093 0.21567479 8.6136074
-4.8110437 -3.0691795 0.054072004 25.25
-4.7694159 -3.0244865 0.030816549 44.541668
-3.8345885 -3.1123979 0.027657935 6.6341476
-3.3683512 -3.2884157 0.0069262777 9
-8.1226273 -2.819293 0.20387517 0.45833334
-7.98387 -2.7977188 0.059305564 5.4860067
-4.8125682 -2.9501297 0.25056177 53
-3.232805 -2.812186 0.0057624141 7
-7.94841 -2.6731937 0.035775043 7.9346333
-5.2367029 -2.5858495 0.061241049 15.340832
-3.1259198 -2.5046749 0.011953062 35.591797
-1.528558 -2.5669641 0.011050788 4
-1.258769 -2.5313098 0.013678423 6.290184
-1.1516285 -2.4878273 0.10430445 9.3426552
-8.1130619 -2.250309 0.21280602 1.7604167
-7.9676671 -2.1979089 0.035557698 6.8289614
-5.255446 -2.1844883 0.1081083 5.0415807
-4.9600697 -2.2507803 0.29035321 1
-4.1087112 -2.2416255 0.083420061 25.514351
-3.3486698 -2.1395421 0.20948094 33.796272
-3.2622886 -2.2528219 0.14536026 32.764908
-2.9696679 -2.1840122 0.0099475784 2.09375
-1.0785384 -2.231205 0.19195394 2.9926314
-8.1472073 -1.916847 0.20702785 0.5
-8.0186691 -1.870144 0.077239238 1.4235026
-5.5992579 -1.8354608 0.098247677 7.3338652
-5.1963577 -1.9046307 0.11259097 3.901876
-4.0277724 -1.9409329 0.15089905 45.349319
-3.723218 -2.0231354 0.24756381 45.67527
-3.4017437 -2.071533 0.24272397 36.470879
-1.1456325 -1.8814448 0.27671334 2.645956
8.5416775 -1.8369684 0.27938271 3
-8.1199112 -1.6853853 0.19661294 1.4166667
-8.0051298 -1.7054769 0.12830634 13.532701
-5.1350994 -1.7370688 0.1099402 5.1205392
-4.9915338 -1.5926213 0.11802541 7.3601885
-3.201714 -1.5832615 0.11375304 54.543907
-1.7240548 -1.5470643 0.00075803779 2
-1.2721927 -1.6377071 0.13363394 1.3643456
-1.0881932 -1.6095104 0.22733527 0.28664058
8.5374479 -1.6754225 0.27843323 8.9117651
-8.1212215 -1.3287327 0.1724795 0.59375
-8.0095997 -1.2286168 0.10067736 11.075584
-5.4902182 -1.3692398 0.074861713 5.3372436
-5.3063869 -1.4266453 0.21898824 12.348611
-3.0970974 -1.2148095 0.091539264 51.622643
-1.7157364 -1.2920622 0.0053313654 5.8054419
-1.2688973 -1.2106464 0.03035789 1.9972827
-1.1922559 -1.2329637 0.093996003 1.7931035
8.5239124 -1.3207595 0.19113669 8.8317785
-8.1103535 -1.1233227 0.19550878 0.91666669
-8.0395164 -1.1250837 0.13065363 9.6225815
-3.597132 -0.91656727 0.14909726 53
-3.0618145 -1.025717 0.048921045 36.038429
-2.9500105 -1.0452319 0.19444859 58.218552
-1.6580606 -1.1998843 0.026089042 7.0999999
-1.2592919 -1.1892084 0.029228114 3.0262709
-0.026288165 -1.1409023 0.19959725 4.444139
8.5069208 -1.0132501 0.17877667 16
-8.1345959 -0.78367549 0.18103595 0.35416669
-8.0225058 -0.80471367 0.11641967 4.3009806
-3.0163231 -0.63919353 0.064895891 36.186752
-2.8453038 -0.66308409 0.11624011 56.146511
6.2037759 -0.61236727 0.2829468 0
6.6524868 -0.7398892 0.24797404 0
8.5322113 -0.80899942 0.17281872 21.333334
-8.0650253 -0.51037019 0.25218087 20.458984
-3.0147915 -0.52692312 0.078163072 52.378937
-2.941483 -0.54659414 0.077172957 47.531677
-2.6785052 -0.35895202 0.11326348 47.25
1.3866642 -0.39227974 0.036386035 8.5037127
6.2349157 -0.56585264 0.28605106 1
-5.0436993 -0.041467406 0.17779781 51.884689
-4.3196659 -0.049502149 0.020247042 75.333336
-3.7895796 -0.1933848 0.011234194 7.4375
-3.0910389 -0.19371541 0.023647534 101.233
-2.8058491 -0.16185698 0.077129051 39.655872
-2.6682107 -0.22770703 0.090342991 55.612206
-2.1128218 -0.097185493 0.077427059 37.709515
-1.9805763 -0.047415104 0.13408107 51.705429
-1.7700528 -0.13208526 0.028260496 38.26511
2.5101395 -0.11603686 0.25427014 35.164734
-5.0455942 0.27092952 0.19638537 52.434174
-4.3181806 0.21090978 0.012258502 118.27431
-3.1151996 0.26888034 0.16992657 21.818182
-2.9482582 0.15230155 0.027695186 88.306183
-2.6463223 0.17726749 0.12345527 31.840908
-2.105103 0.24370679 0.11801656 42.72599
-1.993619 0.20298141 0.10832904 51.909351
1.5885791 0.29625189 0.19542783 28.03804
2.3790956 0.093606316 0.25190359 58.760178
2.4102278 0.071633674 0.0046133515 44.587631
-5.1698246 0.44809383 0.17430145 51.453938
-5.0626893 0.33576006 0.1594314 46.373436
-4.3011026 0.57735837 0.022996135 44.664062
-3.3057351 0.48459032 0.088998333 42.552448
-3.2876768 0.51313651 0.11025573 40.063087
-2.9491286 0.35528171 0.10132048 75.441154
-1.9253139 0.34163046 0.038158048 39.530632
1.5869606 0.30368656 0.20210803 27.676041
-8.0577688 0.8870666 0.22462282 21
-4.3022442 0.70943719 0.015457517 124.5
-3.2142267 0.61676705 0.047977053 38.467186
-2.7709475 0.67613316 0.14053106 37.501175
-2.6895733 0.72859263 0.10652755 27.772198
-2.1969523 0.74451172 0.062286392 13.186272
-1.8943965 0.69279122 0.092361674 12.119977
-1.7901409 0.7081213 0.020675104 17.116488
1.4987051 0.702887 0.28472975 2
1.5807757 0.77685368 0.17194879 20.884401
-8.1154318 1.067938 0.1619895 1.3333334
-8.0662909 1.0036823 0.20350963 13.234085
1.5780962 1.1769917 0.1653118 18.083702
-8.0744448 1.3352892 0.25452477 23.75
-4.6115131 1.381659 0.21107745 10.356445
-2.7400725 1.3124838 0.05990294 20.038637
-2.6914797 1.3162657 0.045805737 29.438868
-2.1993272 1.3062694 0.061653979 10.685761
-8.1036415 1.7632962 0.15760666 1
-8.0711536 1.7499735 0.26287267 29.171543
-4.6805258 1.7668056 0.22237647 5.75
-2.76144 1.5359149 0.059078574 5.4031677
-2.6495681 1.534584 0.154456 9.3451729
-2.1261406 1.5889897 0.15235946 8.1417418
-2.0923061 1.5756826 0.13640997 9.2450008
-1.6670657 1.700785 0.044360287 2
-8.1142387 1.8320215 0.15477496 1.9375
-8.0652056 1.8889537 0.19308123 21.863392
-1.8598156 1.8213716 0.0094108433 5.25
-3.0605836 2.9955831 0.082995184 20.125
-2.7190924 2.9961646 0.087153941 41.126328
-2.6972663 2.999917 0.084611841 39.228573
-2.2342305 2.9973693 0.05725266 45.159966
-1.8075006 2.9898486 0.011346992 29.145184
-1.7661967 2.995707 0.02970897 25.530403
-1.2322429 2.9973788 0.010569541 3.6753051
-0.67772025 2.9922676 0.067231402 29.286882
-0.24544373 2.9898767 0.10294852 50.663109
0.25083637 2.9860799 0.11683686 48.454067
0.53244185 2.9817083 0.1244849 10.832037
-8.1239872 3.2869534 0.27168187 3.75
-8.0936527 3.2482498 0.27563179 6
-3.0549424 3.0079932 0.05026038 29.314976
-2.7494578 3.0086963 0.090786166 39.566437
-2.2551222 3.0724456 0.17184876 81.664391
-1.8490368 3.1455729 0.16547169 25.867882
-1.7696273 3.002975 0.014975756 21.24144
-1.237105 3.0048418 0.016958095 3.2251143
-0.30891666 3.0346186 0.28571147 0
0.36940688 3.0284064 0.29346329 0
2.8193936 3.2365241 0.1558762 3.5051212
3.1845479 3.2762957 0.27872461 8.3647537
-8.1049824 3.4178073 0.24983841 6
-8.0923042 3.38077 0.2681832 14.3125
-4.2971416 3.4123077 0.0060900603 18.5
-1.8735108 3.3106122 0.20469964 30
2.8754239 3.3178301 0.25964308 12.348789
3.1821332 3.30474 0.29537028 13.972098
-4.3040552 3.7737486 0.0044493922 8.9321985
-1.8723924 3.7529173 0.20657465 20.075359
2.7672582 3.7426822 0.15689294 27.439695
3.1391714 3.6425781 0.24553938 28.389898
-4.3150301 4.1154051 0.014470981 2.40625
-1.8495295 4.1285505 0.2712546 3.2916665
-1.6993617 4.19065 0.22720048 35.529228
-1.2394457 4.1971607 0.19975278 43.410622
-1.171196 4.1981363 0.23878953 25.278378
2.688565 4.1841073 0.13848501 20.333334
-1.6866956 4.2027755 0.20517716 35.026787
-1.236789 4.2016473 0.20389518 39.235615
-1.0935664 4.2036219 0.18674059 33.358849
2.695394 4.2654371 0.129639 19.502464
2.7021861 4.2606702 0.1761494 15.756493
2.6929984 4.7160492 0.18457502 17.972006
2.7012403 4.7519646 0.14466606 14.8125
2.6906776 4.8058963 0.18857068 17.745214
2.7050095 4.8299909 0.24127455 11.666667
2.6911426 5.2553024 0.20058763 14.858304
2.6891665 5.6861596 0.13379949 9.833334
2.6897993 5.7751799 0.16187279 14.360979
2.7117317 5.800209 0.25292894 3.59375
-8.1433201 6.2954488 0.27174386 3
2.6843414 6.2609425 0.14800623 12.87718
2.7012291 6.2324429 0.22445114 6.3333335
-8.1120434 6.4117527 0.1389555 3.81357
-8.0854645 6.4893327 0.15229651 7.8066673
2.6787057 6.3212214 0.11788844 12.635191
2.7041492 6.3220634 0.19702737 6.625
-8.1092205 6.7352772 0.12653553 2.9221096
-8.0963058 6.7556343 0.15619889 9.5420237
2.6778762 6.7444 0.1667586 9.6770678
-8.1035213 7.0041604 0.11710021 2.75
-8.0831614 7.1831408 0.13945618 7.375
2.6790175 7.0753765 0.1543908 7.5736451
6.2843456 7.1286945 0.23911569 3.25
6.5031662 7.128644 0.25603044 5.4293966
6.6745977 7.1818867 0.26085433 1.5267944
-8.1040621 7.2518725 0.17313392 6.4052277
-8.0945072 7.2283783 0.13110259 10.157469
2.7326272 7.2565498 0.17687507 13
6.5635929 7.2013483 0.214469 1
6.6558895 7.2452726 0.2137979 1.069809
6.9463315 7.3832207 0.17315733 1.375
8.4813719 7.3356905 0.28381181 18.034115
-8.1164303 7.7095056 0.2642664 4.8540158
-8.0893545 7.5867357 0.13515916 13.933678
2.6810188 7.7001548 0.19639 33.325279
2.7133517 7.6986618 0.19700071 31.797827
6.7898884 7.5978069 0.22641873 1
8.4901714 7.6836329 0.25875252 10.07987
-8.1404486 7.8073783 0.24581109 4
2.3827858 7.9190845 0.16988957 18.771534
2.4102097 7.8383074 0.19417068 29.631371
8.5610447 7.8677697 0.28354806 4.7578125
-9.8595066 8.3995962 0.0069114775 2
-9.3404312 8.3998117 0.094121546 3
-8.9043922 8.3937359 0.066512398 4.375
8.6193047 8.1692514 0.24212773 1.25
-9.9287624 8.4370623 0.071124226 2
-9.7056942 8.473403 0.073740318 6.3006277
-9.4754486 8.4591627 0.080777153 3.8864746
-9.1803036 8.4729671 0.085345119 6.4948993
-8.8532791 8.4309425 0.17328127 11.211696
8.6183491 8.7889957 0.26765972 3.5208333
1.764454 9.2475414 0.10676708 38.460335
1.8155926 9.2706642 0.12881741 38.666664
8.6229067 9.0635204 0.26993614 3.5625
1.7809144 9.3432693 0.096741855 48.009407
1.8268166 9.3407154 0.19633353 49.676617
8.6260605 9.5030746 0.17898974 5.5
8.7227716 9.496026 0.22302771 1
1.9479725 9.6905632 0.21399972 28.598576
6.3762493 21.862034 0.05856036 5.125
6.3715382 22.145504 0.15986791 7.0185547
5.9276814 22.418804 0.11318538 4.8398438
6.1580629 22.305294 0.17369002 8.784358
6.3217545 22.203053 0.17063741 7
5.944767 22.510983 0.17120126 5
4.7589455 -17.533684 0.46896943 9.3935547
-4.2797379 -17.153549 0.52968442 3
1.1597954 -17.158997 0.51020658 2.5078125
1.2283809 -17.114819 0.53433013 7.1199951
1.2722744 -17.08857 0.53305304 10.75
1.7366112 -17.030529 0.46435529 55.736835
1.9287486 -17.033234 0.42159754 69.384308
2.2346475 -17.039242 0.35975173 46.282204
2.588213 -17.045647 0.40272915 24.174105
2.786658 -16.950808 0.40791023 29.477371
4.7775698 -16.742134 0.46915352 73.407547
4.866827 -16.726135 0.50208271 73.298439
4.2963457 -16.049196 0.58087635 2
4.4369583 -15.804575 0.36834958 2.9191499
4.5171041 -15.820875 0.38277501 2.0833333
2.3191941 -13.871559 0.3832114 1.5
5.5495448 -13.810809 0.42143887 1.1014404
1.9009107 -13.596107 0.44478959 1.625
2.3574948 -13.768602 0.42526191 1.9609375
5.5712867 -13.759594 0.39203587 1.75021
1.929709 -13.41027 0.4477731 2.1285036
2.2384183 -13.279263 0.50704652 6.2148438
3.4861336 -13.293047 0.43103033 1.5
5.4911022 -13.235663 0.38925081 6.9245205
2.1978259 -13.151308 0.43597245 4.9523873
5.5219741 -13.042797 0.441412 13.192316
5.517128 -12.704683 0.47019213 11.766037
5.561553 -12.37409 0.40334916 7.0533867
-5.1226692 -12.004518 0.45900542 14
5.578331 -12.279331 0.33491641 3.25
-5.1900048 -11.950817 0.552086 25.414778
-3.794414 -10.007254 0.42913216 54.375
-3.3891802 -10.034934 0.41960073 53.080078
-3.2150328 -10.043191 0.34964132 59.129227
-3.7558918 -9.7107105 0.41474921 38.451637
-3.360322 -9.6961889 0.42531389 31.851627
-3.232801 -9.6882401 0.33764029 33.296745
-2.9374783 -9.6128635 0.30384591 41
-2.5916224 -9.645381 0.33717731 40.853298
-2.3478265 -9.6501389 0.48571688 2
-1.8613023 -9.6724529 0.36198741 27.770832
-3.9117253 -9.3221006 0.53665596 9.3999996
-3.7223234 -9.4003601 0.53768981 30.341064
-3.4300461 -9.5204897 0.41226092 25.376064
-3.1492262 -9.4964638 0.5134179 36.698425
-2.8215551 -9.4420376 0.46249303 47.099487
-2.5892189 -9.4547653 0.48363894 23.440617
-2.3323154 -9.536665 0.48518544 8.2646484
-1.9030316 -9.4765453 0.52813363 46.206379
-1.7497761 -9.4449339 0.52363974 52.63047
-1.3292937 -9.3902321 0.5027895 31.633505
-1.0894083 -9.5002794 0.5283041 52
-0.67752647 -9.3280258 0.40491763 38.525669
-0.38194799 -9.3729839 0.48590699 51.169643
-0.11802522 -9.5693455 0.53179789 51.80188
0.17037638 -9.4330387 0.3561576 120.83235
0.39524239 -9.4171906 0.37280241 97.764328
0.86065161 -9.3275967 0.32735151 48.300392
-3.8613739 -9.296258 0.54585516 15.766666
-3.329144 -9.2975321 0.59061003 15
-3.2830477 -9.2951527 0.58251148 33.590279
-2.7293568 -9.2452221 0.53856331 23.599085
-2.5591166 -9.2760029 0.47974294 29.03125
-2.3360066 -9.2517033 0.55584264 31.108316
-1.9419149 -9.1775904 0.39486572 35.077595
-1.6241955 -9.2327271 0.58420265 18.240854
-1.3216832 -9.244729 0.37927645 23.665508
-1.095552 -9.2235603 0.5531559 8
-0.65180194 -9.2614288 0.34769884 47.325676
-0.32766747 -9.2661648 0.37986022 46.459831
-0.28179061 -9.2623062 0.38989562 53.796307
-2.1233382 -8.8447084 0.4541212 4.4076171
-2.0175283 -8.7994242 0.41764542 21.85323
-1.6773658 -8.8776646 0.36370969 37.720573
-1.4739771 -8.9121513 0.38713461 12.5
0.53614068 -8.837575 0.50490683 1.1977743
0.83095193 -8.8565502 0.59218061 4.121582
1.0518943 -8.7833786 0.59332037 13.875
1.2560647 -8.7867985 0.59210527 5.7072916
1.6266191 -8.765749 0.53222585 13.833202
2.0334346 -8.8418036 0.55298567 53.258636
2.1359141 -8.8153133 0.55485964 16.311157
-1.8258584 -8.5054932 0.52849525 28.169474
-1.773953 -8.5324974 0.45441946 18.277346
1.5746704 -8.6870098 0.39451772 10.916667
-1.8134711 -8.3905716 0.44128186 0
-1.5875375 -8.3010979 0.35316318 8.5
-1.4730752 -8.2071047 0.3293367 8.25
0.44470745 -8.1408482 0.49254543 1.2879833
1.6699903 -8.1215639 0.32713607 16.25
-1.01849 -7.8274684 0.33052173 1
0.42883545 -8.0931301 0.41222376 8.2012901
1.4770119 -7.9995732 0.36210495 2.5898504
1.545032 -7.9838877 0.52485728 4.0010977
-1.8133922 -7.6129546 0.35578901 0
1.6932278 -7.6576819 0.35301411 7.3919921
1.8588256 -7.580657 0.39264834 4.458333
2.387002 -7.6776309 0.46202767 27.466667
2.410784 -7.6513939 0.44703841 33.432396
2.764045 -7.5075951 0.3047356 21.464287
3.0506978 -7.5167933 0.43617046 9.7723484
0.10409914 -7.2176352 0.54448664 24.592447
1.4595642 -7.3747196 0.35696131 4.875
1.6181291 -7.3343391 0.35400501 15.749111
2.0696068 -7.2969947 0.4425118 0.8828125
2.2123237 -7.2766147 0.43390602 19.836792
2.6707473 -7.3724747 0.33044961 34.302299
2.7326574 -7.4120979 0.44528961 54.968384
3.0482218 -7.4724321 0.51349413 10.82833
-0.095891364 -6.9563465 0.38545763 0
0.15346158 -7.1139984 0.55384099 23.999355
2.0916681 -7.1694789 0.43242699 7.25
2.1802256 -7.1056304 0.383643 16.668674
2.4383233 -6.930788 0.37489623 34.581146
2.7650695 -6.9139776 0.37141794 8.1307774
3.0774188 -6.9163218 0.43102455 6.2408867
-0.047657594 -6.7875628 0.38279873 11.8125
0.13888338 -6.7641745 0.32557744 17.875776
0.32074329 -6.7653446 0.5507012 13.029436
2.6779099 -6.8876047 0.38148385 19.432291
2.7684894 -6.8803453 0.4025909 8.9144783
3.0278921 -6.8911762 0.41285247 16.298523
-10.206328 -5.1465449 0.3088406 2
-10.042795 -5.1527004 0.41438833 4.5
-9.8251858 -5.1607113 0.34755668 4.25
-9.366766 -5.1504025 0.45742846 3.75
-9.1545296 -5.1521826 0.46280158 6.625
-8.8152199 -5.145978 0.45943695 6.1328125
-8.6414948 -5.1416292 0.47296518 6.2890625
-8.3304539 -5.1179566 0.43260664 5.1877365
-8.0706186 -5.1141567 0.36363941 3.5
-30.575781 -4.9712358 0.4453212 7
-8.1502724 -5.0591459 0.38243961 14.730515
-8.0371647 -4.9568615 0.32864445 24.819809
-30.115086 -4.5134382 0.57415551 16
-8.1182718 -4.6763716 0.39404276 1
-8.068779 -4.7274275 0.34334198 19.242907
-30.012981 -4.4530807 0.52946001 29
-8.0498238 -4.2056236 0.34489226 28
-30.242447 -3.9370034 0.50697815 0
-29.809059 -4.1615124 0.44544265 15
-8.1342201 -4.0850363 0.37974894 1
-8.0507355 -4.1017084 0.32656342 28.705326
-28.872295 -3.630085 0.51813745 10
-8.1092806 -3.7756288 0.50062299 2
-8.0673656 -3.6963253 0.50883877 17.441021
-32.127258 -3.4500513 0.50160539 0
-28.509377 -3.3130245 0.59765071 19
-8.111434 -3.4401593 0.48004889 1
-8.059062 -3.5759447 0.34416229 24.667969
-8.1196518 -3.2647147 0.47341552 0.48958334
-8.0644169 -3.2107348 0.44029373 10.800464
-28.819639 -2.9769938 0.52595717 10
-8.1125727 -2.8874726 0.47343022 0.96354169
-8.0759001 -2.8634844 0.33718252 19.868174
8.5244741 -2.7578344 0.57178032 15.625
-28.566347 -2.6592777 0.51725972 15
-8.1139011 -2.5397234 0.36206454 0
-8.0604248 -2.6557596 0.30929637 20.75
-5.12219 -2.4797101 0.52092284 9.25
-5.075182 -2.4818692 0.56305397 30.5625
-1.159271 -2.4840965 0.57869685 1.015625
8.52987 -2.6230645 0.56474745 25.103271
-8.1022139 -2.1513896 0.38381907 1.75
-8.0624943 -2.217746 0.34618604 24.650246
-5.5115767 -2.2021708 0.37662578 9.1963348
-5.2154274 -2.2471538 0.56731522 56.13485
-4.8563108 -2.2331915 0.50820363 25.857988
-4.0689139 -2.1007488 0.57732731 90
-3.7388074 -2.1083364 0.56671506 27.320324
-3.3117604 -2.192153 0.55387414 33.136799
-3.2670259 -2.204217 0.58093345 25.252644
-1.2390018 -2.1833386 0.57493633 3.0417867
-1.1133649 -2.17588 0.36073327 2.5294399
8.5271645 -2.2471161 0.56979954 30.836937
-8.1130943 -1.919417 0.49647748 0.75
-8.0664558 -2.0043054 0.55660367 17.378742
-5.5624866 -1.8271368 0.34072241 13
-4.0723352 -2.0380192 0.48819187 41.469868
-3.7366109 -2.0859144 0.49830344 38.228851
-3.4884741 -2.0872545 0.32514727 48.75
-1.2527659 -1.8127587 0.47811717 13.68141
-1.1603191 -1.8981854 0.32373118 1.7904698
8.5334139 -1.9395242 0.40623921 21.179688
-8.1067448 -1.7551264 0.46905828 5
-8.0587044 -1.7376735 0.46999043 21.23114
-5.5330009 -1.6723927 0.57635331 53.75
-5.1870718 -1.6769127 0.43973988 32.90234
-5.0866027 -1.6624693 0.39362532 26.695536
-3.1595879 -1.6437538 0.55442601 73.053017
-1.2423704 -1.7097352 0.40558049 7.6251378
-1.1777306 -1.7317832 0.36254048 4.0719085
8.5370274 -1.5908847 0.5523814 5.9283605
-8.1188259 -1.2460902 0.51233351 0.875
-8.0756588 -1.2060168 0.4791095 14.467428
-5.4143829 -1.4444079 0.40229857 10.2
-5.3019543 -1.4349405 0.43209258 22.975168
-3.0752468 -1.2276144 0.54804742 59.822914
-1.3066943 -1.4137497 0.49614638 5.0623875
2.266794 -1.3364242 0.55962253 5.698494
8.5295563 -1.2589567 0.51369286 27.345423
-8.0625668 -1.1765734 0.41432226 21.232664
-3.1063635 -0.99663252 0.52401847 73.871429
-2.9451678 -1.0120311 0.45484638 51.883331
-0.027466614 -1.1068115 0.37186301 11.30335
0.18432029 -1.0848522 0.40692312 5.0741868
0.31348443 -1.0827087 0.38070846 4
8.5254269 -1.1838423 0.49473122 25.586271
-8.1235018 -0.8012017 0.56638682 1
-8.0731277 -0.83068627 0.49927461 20.650043
-3.0450158 -0.64357215 0.48972368 38.215168
-2.8976731 -0.69783247 0.57790744 60.059444
5.8316164 -0.61268425 0.34973323 2.5
6.1168404 -0.6513586 0.31661665 0.375
8.5348835 -0.82430351 0.448511 25.868042
-8.0640926 -0.42216104 0.43546209 18.863773
-3.0757215 -0.49494556 0.56996983 42.467361
-2.8382201 -0.45458448 0.59639961 50.809177
5.6529722 -0.45535368 0.35344598 8.9591675
5.8162985 -0.56235611 0.327016 4.138021
-5.0461345 -0.024653004 0.53035241 51.69622
-3.0495369 -0.10321703 0.49720347 59.510418
-2.7068529 -0.11706232 0.41887823 36.903706
-2.6857183 -0.12356044 0.40508941 53.124161
-2.1206236 -0.0083745923 0.40985364 21.5
-2.0605316 -0.014993225 0.43896002 35.093052
2.4285152 -0.058858953 0.3142491 53.239746
-5.0475206 0.25845796 0.49016711 51.831024
-3.0989959 0.29268733 0.51632673 27.5
-2.8177218 0.13688613 0.49968356 45.771732
-2.1290052 0.14984061 0.47818628 32.618958
-2.0782104 0.020458061 0.419359 34.74065
2.3672247 0.095050484 0.34188241 70.21875
-5.1291285 0.42330214 0.56348991 62.603172
-5.0498171 0.33289498 0.46814889 45.461388
-3.3345757 0.34693164 0.39186606 23
-3.1342161 0.39771724 0.44573641 67.63559
-2.9177346 0.39401883 0.42517865 42.777206
-2.2451899 0.48517379 0.49561107 16.461836
-1.9789491 0.56840837 0.58371329 30.572735
-8.0856571 0.83064222 0.41743755 17.083334
-3.0410242 0.68806237 0.4256283 27.786568
-2.8180561 0.70207918 0.57434976 15.426779
-2.435143 0.60043621 0.43278277 6.6666665
-2.2801178 0.61110103 0.43601874 3.3431356
-1.9654269 0.62498879 0.43882319 7.5033894
1.7880515 0.7812503 0.56594729 4.2734194
1.8008014 0.77467352 0.56541198 1.5
-8.0760918 1.0969385 0.43837285 20.068865
-4.5095544 1.1899992 0.43888974 28
-4.4755235 1.1892591 0.51065028 39.333332
-2.8390698 0.90695882 0.59943932 2.6666667
-8.0736551 1.244454 0.46665633 22.375
-4.589304 1.4824967 0.53380179 40.884453
-4.4846988 1.400142 0.55115807 36.214844
-2.7779493 1.4661576 0.55480629 6.9590268
-2.3312354 1.4951184 0.58644617 3.875
-8.1149244 1.7963465 0.34193432 0
-8.0942669 1.7458112 0.33399478 4
-4.6014562 1.6032562 0.58021879 34.671024
-4.4941082 1.5338489 0.50439477 31.84375
-2.7751493 1.5333469 0.47802317 5.7629128
-2.6076887 1.5344434 0.54639208 6.4351969
-2.199389 1.5651166 0.46380639 11.529341
-2.0000794 1.5801873 0.42164156 3.203125
-8.0785751 1.8467529 0.30650592 5.375
-8.1034145 2.3983681 0.42512456 3
-8.0884409 2.3811924 0.43281928 7
-8.0831013 2.404211 0.41206172 3
-8.1206589 3.2727852 0.35483477 6.150187
-8.0835752 3.2339211 0.43367332 11.370117
-2.2622204 3.2250817 0.30941325 151.39706
-0.55554515 3.0319817 0.30162516 0
2.882453 3.2682199 0.30477011 2.875
3.1867194 3.2813077 0.33199802 12.290195
-8.1194534 3.4341621 0.42982575 5.335907
-8.0858049 3.467855 0.43882704 25.403421
-2.5482895 3.4225595 0.46452588 70.427353
-2.3691907 3.4399099 0.5281958 60.07589
3.2327354 3.3676593 0.48487675 32.145557
-8.1038837 3.6476307 0.41502059 8.7884111
-8.0922947 3.70016 0.48463669 24.049459
-2.2995582 3.6468458 0.5458768 43.303474
3.2222233 3.6106462 0.53373212 32.621269
-8.1450129 4.1959686 0.37464193 1
-8.0324011 3.9914742 0.37896726 17.994812
-0.62421387 4.1902628 0.44864696 44.044037
-0.55282331 4.1900024 0.45360726 36.704224
-0.15656319 4.1923647 0.43114233 103.66216
0.26262873 4.1893721 0.4266935 93.740929
0.5011633 4.1832156 0.43298554 55.414124
-8.1200342 4.2365894 0.39535308 5.2453613
-8.0846615 4.2935877 0.41823098 16.999825
-0.63236856 4.2106471 0.48697728 0
-0.36420852 4.2552004 0.46667677 47.100342
-0.24465176 4.2476521 0.45788455 95.916672
0.19952454 4.2124166 0.45532548 73.547745
0.46685085 4.2185764 0.46715915 10.25
-8.108469 4.7772379 0.4342891 14.75
-8.0848494 4.7854681 0.43179804 18.375
-0.13714086 4.6236782 0.57350945 135.88635
0.070193276 4.6203685 0.57028097 106.0302
-8.1067991 4.9534974 0.42572784 11.925001
-8.0929089 4.8609848 0.4326936 16.828354
-8.1280451 5.2325544 0.50852525 1.3417969
-8.0745516 5.3892446 0.5174666 14
-1.8211443 5.3933082 0.4827646 1
-1.6985376 5.3979712 0.44195479 54.35236
-1.3899381 5.3995419 0.43335098 64.538002
-8.1039324 5.4506392 0.49902311 3
-8.0757017 5.4547548 0.4511807 16
-1.7164168 5.4036369 0.42611718 55.758942
-1.402137 5.407269 0.42424029 69.732819
-8.1247396 5.8864784 0.49914363 2.7286785
-8.0856037 5.9287081 0.47309738 16.5
-8.1401176 6.0646181 0.48910519 4.6908855
-8.0830593 6.0382113 0.4470048 13.1875
-8.111577 6.4636393 0.38575673 6.618104
-8.0946264 6.4088149 0.40114945 19.881136
-8.1216021 6.7799635 0.39314955 6.4028168
-8.0910091 6.7363935 0.42408258 16.055174
-8.1253242 7.1620235 0.40274251 9.104166
-8.0775089 7.1972771 0.41190132 14
6.5448189 7.1278033 0.31428325 0
-8.1189594 7.2271175 0.37749815 6.3812714
-8.0964775 7.3020496 0.42625684 8.900753
8.4810753 7.2946773 0.40341127 18.344313
-13.18106 7.7619386 0.54976046 37.5
-8.1135416 7.7295213 0.42546195 10.642424
-8.0965118 7.6565332 0.45336914 12.553512
2.6852119 7.7095623 0.30182624 36.099998
2.7393422 7.6982594 0.38529599 38.364769
3.04356 7.772121 0.38584107 3.1862955
8.4826326 7.6256542 0.4741388 18.278584
-13.16869 7.9801064 0.53485507 39.626083
2.3662417 7.8660517 0.42522275 34.300045
2.4050212 7.809123 0.41248906 45.642857
3.0753846 7.8208466 0.47662508 0.96679688
8.580555 7.8792744 0.39098302 10.332556
-13.188075 8.100894 0.54563224 9
-8.8012018 8.3944435 0.3836745 2
8.6097717 8.1946306 0.43632561 6.3549528
-9.3317842 8.4274063 0.33987874 6.34375
-9.2082386 8.4799232 0.32662758 6.2857056
-8.8359566 8.4329576 0.38395512 7.1011953
8.6172028 8.6747169 0.42713374 5.8334961
8.6162291 8.7549858 0.43708137 5.5784349
8.6134338 9.1928816 0.44212604 7.7326574
8.6208944 9.3732376 0.46370402 13.341187
1.7821517 9.7062044 0.4705013 69.066406
1.8899817 9.7100639 0.48539788 50.964478
8.6253624 9.8044796 0.46555737 2
-16.288513 14.099031 0.59631038 12
-16.309267 14.260886 0.55802774 8.6875
-16.066839 14.156105 0.57490313 8.875
-16.382233 14.427464 0.5467853 8
6.3612652 21.80846 0.33180165 4.5
6.3704977 22.021107 0.44543514 5.875
5.9605207 22.43824 0.45738962 6.7744141
6.1049657 22.33127 0.51626348 10.516726
6.3177738 22.213385 0.33543888 10
5.9495506 22.502871 0.55451334 5
6.3765721 24.468651 0.46135259 6.5
6.2557511 24.649868 0.53989327 7.5
6.2720718 24.932632 0.45120308 6
6.3566751 25.081532 0.45061591 4
6.2900581 25.818047 0.58280891 6
4.6946182 -17.760849 0.65024781 5.875
4.7453279 -17.641083 0.6264137 7.25
-4.1394591 -17.147791 0.88113409 2
1.17417 -17.153034 0.65811437 2.8958335
1.2338381 -17.123505 0.78881955 8.4859886
1.2637515 -17.088503 0.82926053 10.616983
1.7175725 -17.025181 0.87913525 70.071228
1.8912516 -17.04549 0.82049102 76.443634
2.2614212 -17.046417 0.83984685 75.014893
2.6581984 -16.99247 0.79026413 75.73806
2.7513361 -16.866539 0.73841023 67.548874
4.7901049 -16.760817 0.73962331 11
4.879921 -16.717287 0.7463702 30.424582
4.1298933 -16.009171 0.70647871 5.293457
4.2580156 -16.031532 0.6750887 9.2570562
4.4081917 -15.869771 0.62642717 4.666667
4.5144577 -15.834846 0.64730906 2.625
2.3150802 -13.818323 0.77551186 1
2.3272271 -13.729101 0.79270715 2.5992343
5.5449657 -13.318233 0.76041162 6.625
5.5834327 -13.157742 0.63462985 4.4583335
5.5140195 -12.658548 0.87712169 21.45052
5.5737829 -12.463253 0.8135916 5.8564816
-5.336411 -12.008829 0.70198864 1.5
-5.160223 -11.94875 0.64243096 30.825684
-4.908741 -11.450895 0.86753249 1.5
-4.8373413 -11.22072 0.78780055 13.807284
-4.791297 -11.176031 0.735421 13.5
-0.13499925 -9.6235275 0.76583576 11.375
-3.7955899 -9.3158846 0.69124794 21.879707
-3.3051932 -9.3046675 0.62082893 37.666668
-3.2610204 -9.3636436 0.61073256 28.627605
-2.7765708 -9.3079433 0.60824203 45.666664
-2.4336379 -9.3308744 0.6031512 53
-0.72945637 -9.3209686 0.62899613 42.666668
-0.38342506 -9.3153381 0.61276203 63
-0.1150295 -9.5808716 0.70813507 41.832199
0.063081756 -9.5721207 0.6683147 112.46756
-3.7377462 -9.2934189 0.68671954 30.676432
-3.3536005 -9.2861881 0.64836448 36.662758
-3.1608212 -9.2715683 0.62509513 36.980637
-2.8061805 -9.2376328 0.63493377 39.774868
-2.5371733 -9.2444925 0.65030634 36.703125
-2.342401 -9.2328167 0.62856954 40.118652
-1.6017759 -9.2293692 0.62019277 13.306502
-1.2780795 -9.2071533 0.62870216 32.634666
-1.1850221 -9.1835613 0.66859871 27.717533
-0.74254072 -9.2074223 0.65510112 51.377571
-0.3379584 -9.2213345 0.65790319 56.348042
-0.28697103 -9.2336321 0.69048351 7
-2.7635694 -8.7081242 0.68255877 2.5
-2.6728721 -8.8135471 0.68400019 1
-2.2043662 -8.7481842 0.66131508 8.125
-1.5088506 -8.8065186 0.67290449 57
-1.4569082 -8.8325977 0.68167138 33.5
0.73474407 -8.8067665 0.63802326 30.561672
1.1647286 -8.7651081 0.6454882 43.027946
1.246779 -8.7623768 0.6325506 24.995317
1.7316966 -8.7867184 0.62206435 23.796103
1.8714304 -8.8323298 0.63466424 25.317511
2.123754 -8.8305254 0.65764809 16.289062
-3.0399122 -8.5371037 0.66764736 2.6738281
-2.7669764 -8.6059418 0.69496083 1.4064697
-2.4977927 -8.4949322 0.66439402 1.3671875
-2.1863561 -8.5601749 0.64699149 5.0511942
-2.0220742 -8.5416832 0.656829 9.916667
-1.6030287 -8.5612926 0.72921008 8.728981
-1.4331872 -8.6454277 0.7190364 8
0.51825523 -8.4806824 0.81359303 22.091797
0.75217676 -8.4306383 0.82214868 11.84375
1.0375144 -8.5663023 0.78651577 11.5
-3.0393915 -8.3648758 0.68051994 2
-2.8627524 -8.3430109 0.71152931 1.1471355
-2.292598 -8.361372 0.69178426 1.7020264
-2.0887146 -8.3263874 0.68347043 3.75
-1.6963234 -8.3668823 0.67004466 41.380951
0.45963049 -8.1594467 0.65062982 21.577438
0.72768116 -8.2839651 0.72883701 43.909203
1.0098026 -8.3388996 0.81789631 12.854792
1.2941275 -8.1961784 0.72644132 38.77861
1.5117086 -8.2072687 0.79001564 4.75
-2.0607498 -7.8321919 0.80438483 16.4375
0.47649267 -8.0859375 0.63202941 11.902344
0.75100338 -8.0667515 0.66814828 33.219837
1.1078346 -8.0773821 0.6623261 27.1625
1.3128024 -8.0135126 0.66090488 23.293619
1.5450258 -7.9810381 0.63572907 7.6946888
-3.1465135 -7.6092725 0.71336627 6.5170364
-2.7994535 -7.5835333 0.70530117 11.226105
-2.6755064 -7.5753784 0.71384227 5.046875
-2.208178 -7.6133718 0.71435487 15.097146
-1.8592072 -7.6026683 0.68284547 9.3550568
-1.7891768 -7.6250286 0.63298464 0
2.3950825 -7.6382751 0.77254128 44.881775
2.4070821 -7.6222687 0.82906365 49.456436
3.0639777 -7.5044217 0.78146058 13.151042
2.5350127 -7.4751682 0.76244628 100.96085
2.7313643 -7.4411011 0.8281638 70.858765
3.0295563 -7.4763069 0.84313655 22.695471
0.16541544 -7.1560664 0.60589933 63.164062
-0.097203717 -6.7067966 0.64711976 1.59375
0.23284547 -6.6868653 0.65917087 22.003838
0.32124051 -6.7612467 0.76327389 14.789062
-0.12170992 -6.5591688 0.68362343 6.8026099
0.13535631 -6.4140182 0.67985666 12.074782
-32.026585 -6.1016736 0.71126103 0
-30.914728 -5.1196418 0.66914517 15
-30.824324 -5.3482962 0.6164726 29
-30.986492 -4.9337802 0.88876927 9
-30.429552 -4.2369599 0.77116299 0
-30.017229 -4.2290287 0.62979478 0
-30.727049 -4.1343255 0.86213142 14
-8.0265427 -3.796272 0.84030008 32.0625
-28.861063 -3.1762137 0.79973584 18
-8.1226521 -3.1427183 0.88853484 0.75
-8.0576057 -3.0835466 0.7314176 20.877438
-4.7600384 -3.1907711 0.7528668 13.625
8.5468464 -3.1318059 0.83636439 4.2049484
-8.1086788 -2.8761494 0.88689768 5.5
-8.0557261 -2.8767428 0.86020279 23.541359
-4.7226772 -2.9551201 0.73069102 14.75
8.5285301 -2.7645333 0.79313296 28.886147
-28.570267 -2.4396176 0.78489894 21
-4.9436865 -2.4011631 0.60683602 10
-4.694572 -2.4845202 0.63810194 15.379944
-3.0381117 -2.5123503 0.64228868 5.9077621
-2.9721513 -2.5129666 0.63306355 2.8094041
-2.6613574 -2.502892 0.64185566 7.34375
-1.1717074 -2.4821093 0.60385931 1
8.5286303 -2.5927739 0.63537991 29.090445
-5.5351529 -2.1941152 0.62064892 0
-5.3108191 -2.1428835 0.81029642 13.552352
-4.9055882 -2.2491772 0.6843034 17.582802
-4.7460775 -2.2513092 0.65807855 20.956375
-4.221005 -2.1141036 0.61097002 34.666668
-4.0719957 -2.1039486 0.61759627 47
-3.3136442 -2.1675527 0.60406667 26
-3.2357826 -2.2074828 0.6167804 21.553448
-2.8529921 -2.2840993 0.63711339 7.0860233
-2.4716771 -2.2277198 0.65551305 14.651205
-2.3750067 -2.2353456 0.65788841 7.0606842
-1.6518265 -2.1717758 0.79435986 2.8758931
-1.2476666 -2.2199693 0.62987459 2.9553649
-1.1644273 -2.2564709 0.6001997 3.0526316
8.5291166 -2.3455884 0.73354632 32.745724
-8.1080208 -2.0373082 0.73744905 4.25
-8.0567102 -2.0088964 0.79442322 27.439762
-4.2077012 -1.897692 0.72930837 20.013281
-4.1376414 -1.9699802 0.67998606 28.348778
-3.8373299 -1.9374769 0.67383337 6.7114396
-3.4382999 -1.9610647 0.68272877 3.5730543
-29.029734 -1.7711784 0.78861117 9
-8.0599518 -1.7037909 0.89240575 20.80929
-5.545496 -1.6685041 0.655276 41.220657
-5.345283 -1.6266619 0.60004747 50.57143
-3.3042116 -1.6479449 0.74046439 21.75
-3.1568627 -1.6126168 0.67020625 33.530746
-2.9961884 -1.5261078 0.71769345 63
8.5442581 -1.5985541 0.73460078 7.4339509
-8.0638123 -1.2128103 0.87649012 22.405437
-5.5176439 -1.4082766 0.72466832 3.8192673
-5.3851037 -1.4156668 0.61510718 27
-3.0499134 -1.3027728 0.75933528 54.645836
-2.9798827 -1.2934781 0.70266128 58.852272
-1.3462021 -1.4879236 0.62620533 25.25
8.5281887 -1.246794 0.85371459 32.576385
-8.1452494 -0.92365783 0.61925095 0
-8.0610199 -1.1676401 0.82259762 22.442791
-2.9198716 -1.0023966 0.73399591 44.453571
-0.31790343 -1.0123646 0.77243328 6.0333333
-0.18082595 -0.94246161 0.81315172 8.0619936
0.060334314 -0.94764668 0.80746555 5.0683417
0.33129352 -0.95751429 0.72548282 7.9338875
8.5321512 -1.0614679 0.87306672 5.5553112
-8.1263256 -0.80652523 0.60875702 1
-8.0710888 -0.81616592 0.85263717 21.057489
-3.1376171 -0.72064197 0.65264702 43.411026
-2.9057698 -0.682881 0.65885383 57.526131
-0.6390866 -0.63328999 0.872895 5.2929292
-0.36622667 -0.78599942 0.83121562 4.0454106
-0.15618896 -0.83304185 0.8136664 6.0852704
0.031955592 -0.85357749 0.82769597 3.1808279
0.48872253 -0.88137281 0.64861631 1
8.5296736 -0.82229972 0.72348398 34.877506
-8.0642509 -0.42145789 0.82282901 26.13916
-3.1596432 -0.4186146 0.6675452 30.46151
-2.8051753 -0.46666241 0.70740938 22.34244
-0.67802358 -0.57965505 0.79201329 6.6666665
-5.041564 -0.1299901 0.70290387 37
-3.0779605 -0.072460651 0.67491859 40.651787
-2.7651939 -0.20256896 0.62487662 56.196754
-2.5166857 -0.10712725 0.63639772 51.87471
-2.2427902 -0.032404874 0.64131701 52.80249
-1.9562254 -0.033981368 0.6498065 48.651501
2.3979778 -0.060642079 0.73551893 57.641281
2.4860332 -0.14135914 0.76122862 32.664059
-5.0429525 0.24086595 0.70871913 49.048244
-2.9333 0.16730785 0.76896864 22.346725
-2.681392 0.25374445 0.61064696 45.842106
-2.2123985 0.26288301 0.61419392 35.512283
-1.948504 0.14182475 0.66057873 55.132698
2.3713274 0.20965734 0.79026258 61.230896
-5.1954155 0.52499926 0.76990873 68.96875
-3.1564538 0.49942786 0.63878858 25.148441
-2.9876986 0.48838988 0.64453828 43.078308
-2.2476013 0.31388196 0.61839628 21.368534
-1.9732523 0.33780643 0.68863332 50.756077
2.5502384 0.47339594 0.83713925 14.053043
-8.0661716 0.66840059 0.7537232 33
-3.1895988 0.62259883 0.72627425 3.0122447
-2.8283882 0.72399247 0.63095027 12.756701
1.7976387 0.77958816 0.60170889 5
-8.0779562 1.1819886 0.74667519 32
-2.8433614 0.92532659 0.62235749 2.75
-8.0753946 1.2308779 0.71562469 26.75
-4.5975409 1.4955711 0.68207026 42.596123
-4.4927664 1.4737892 0.66154331 30.93103
-3.013202 1.4081789 0.70946777 4
-2.7911141 1.436078 0.64561522 5.6722422
-2.5737557 1.4950316 0.81076479 0.125
-2.2555816 1.4916699 0.7033006 3.5116687
-8.0738831 1.5928352 0.70480227 18
-4.6125693 1.6783397 0.62380266 34.019493
-4.4895573 1.5569983 0.81078911 68.166664
-2.6313043 1.5348313 0.63024712 4.9051433
-2.2990103 1.5065684 0.64712524 3.1660759
-8.0802259 2.0818241 0.78122759 16.3125
-8.1206055 2.257844 0.84110391 10.484375
-8.080265 2.2090917 0.79084718 22.294086
-8.1115379 2.4165363 0.89656425 2.5
-8.0874243 2.9329298 0.69942486 25
-8.118331 3.2477078 0.89032865 2.75
-8.0914421 3.2564375 0.89283496 12
3.2600906 3.2945189 0.61985219 11.9375
-8.1297979 3.4450328 0.83915496 1.6458333
-8.0851269 3.4913406 0.69608086 6.875
-2.5845857 3.4248688 0.61695027 19.666668
-2.3259594 3.5115721 0.62287414 22.972221
3.2636008 3.4281721 0.62118125 17.372471
3.3039188 3.3931975 0.66607803 0
-8.1184978 3.7414446 0.75263929 2.5
-8.0856771 3.7542696 0.82175452 31.520834
3.250948 3.6168833 0.61402917 14.375
-8.0827932 3.9196749 0.89600444 27
-8.1324921 4.3116603 0.89129579 1.625
-0.13327336 4.623323 0.7174989 103.8744
0.079838753 4.630424 0.72713369 74.898689
-8.1105156 4.9231706 0.88998556 4.625
-8.079443 4.9155416 0.89545166 11.375
-8.1049213 5.3497696 0.64980793 4.2044272
-8.0835562 5.3329248 0.65822351 13.810562
-8.1037226 5.5404015 0.67472881 21.285095
-8.0716963 5.6150799 0.65332615 12.408805
-8.1227932 5.8451176 0.71624982 10.75
-8.0943985 5.8380718 0.67295992 6.375
-8.1178513 6.1410179 0.7490899 4.125
-8.0933008 6.1928034 0.82184929 12.416666
-8.1253929 6.4610362 0.83278453 4.150064
-8.0885086 6.467802 0.83883774 5.0531797
-8.1196136 6.7697449 0.84774178 11.280384
-8.0949173 6.7803211 0.80113316 24.437099
-8.1446056 7.0867143 0.80212706 3.4609375
8.4796686 7.1804409 0.85258508 24.5
-8.1058283 7.3001676 0.85865408 8.0816183
-8.0899887 7.2763338 0.85404563 12.364856
8.4747944 7.2735047 0.82240939 27.006554
-13.174731 7.7715988 0.61979473 45.125
-8.1205101 7.7602363 0.84161448 11.648694
-8.0862465 7.7288013 0.80677497 17.078125
2.6917164 7.6921978 0.76070184 50.0116
2.7334785 7.6932139 0.71484339 45.192047
3.0541582 7.7843971 0.67569345 2.9286613
6.2130728 7.7964153 0.83769143 30.175537
6.5279341 7.7537603 0.86456031 2.987915
8.4720078 7.5965786 0.69961166 23.467499
-13.175571 7.9179106 0.73324883 35.898438
-8.1806316 7.845726 0.80312324 1.5
-8.0860481 7.8487639 0.89578295 15.333333
2.3664088 7.8634605 0.69832224 39.5905
2.4063635 7.8091445 0.70181465 54.035702
3.0694654 7.8074551 0.69503641 0.3125
5.980752 8.0682297 0.84911931 23.976988
6.1580877 7.8145657 0.87164104 33.271683
8.5918636 7.9156413 0.7889719 10.156904
-8.0617542 8.2921085 0.89434415 24.25
5.9732018 8.1731482 0.85336912 3.4375
6.0022135 8.1432419 0.8263166 8
8.6454134 8.204052 0.83892655 3.9756284
-8.8442421 8.4246216 0.62375534 6.4726562
8.6539116 8.6006927 0.70571846 3.5270996
8.7113876 8.5546684 0.64990848 1
8.6413956 8.8231258 0.72473347 2.5549152
8.6479836 9.1706858 0.72491306 2.8355169
8.6356144 9.4775829 0.69154507 5.5090942
8.7087345 9.4841356 0.6409803 2
1.9370952 9.7368183 0.62367356 1.5
8.6941614 10.004622 0.777161 1
-12.098032 10.848484 0.88582861 9.8433228
-11.840402 10.860779 0.83518636 13.741591
-11.537578 10.869173 0.83865035 15.786942
-16.95237 14.041361 0.65255928 6
-16.682711 14.069287 0.63365692 12
-16.410416 14.028605 0.64319187 10
-15.938111 14.082291 0.62788343 10.75
-15.857116 14.070233 0.64854014 9
-16.957277 14.399306 0.73771471 5
-16.374413 14.207657 0.69457597 7.25
-16.131332 14.201189 0.653763 9
-17.263828 14.456811 0.69884372 7
-17.05773 14.435429 0.71562105 8
-16.622162 14.405969 0.71113712 7
-16.419724 14.429186 0.69862193 9
-15.983698 14.422894 0.7228713 11
6.2525463 15.649314 0.77957547 18.793945
6.4543982 15.676044 0.79310238 9.1664972
6.632493 15.749241 0.8139168 1.96875
5.9654727 22.449814 0.72065055 5.9902344
6.1311445 22.321865 0.71105742 11.10107
6.3145714 22.229475 0.72396219 9.125
5.9486647 22.539967 0.74329817 4.3125
6.3281021 24.186478 0.84181279 5
6.2745686 24.396952 0.73727268 6
6.3559561 24.473465 0.82927889 6.625
6.2691174 24.792831 0.68511856 6.125
6.3827133 24.758818 0.70461136 6.4375
6.2565947 24.956665 0.73971105 7.25
6.3354464 25.039036 0.78097457 7
6.2620201 25.325066 0.89564025 6
6.3413658 25.360212 0.70126253 8
6.2513938 25.819439 0.84062994 6
6.2839112 26.188892 0.63396263 6
1.0965772 -17.190289 1.1541742 9.7990456
1.2555331 -17.118404 0.96239746 14.505413
4.9104528 -17.184572 1.1134309 3
1.3479385 -17.058479 1.0607892 31.42757
1.7592609 -17.042267 0.99831301 76.518188
1.8769398 -17.049911 0.94124043 83.957169
2.2100892 -17.031105 0.98621988 75.614258
2.6068063 -17.026077 1.0026728 71.124847
2.7921135 -16.838306 1.0627788 55.981796
2.3608134 -13.682644 0.92889273 8
2.4216418 -13.672811 0.99442756 6
3.1425877 -13.518019 1.1212797 6.75
2.6832335 -13.432175 1.0912821 58.625
2.8699336 -13.43767 1.1065214 58.084785
3.0627365 -13.449357 1.1307955 33.390354
5.5221133 -13.268177 1.0968421 17.217413
5.52458 -13.135985 1.0026581 14.137459
5.5199661 -12.739384 1.0281718 20.457039
5.5194674 -12.438056 1.1153231 21.386257
5.5404263 -12.205999 1.0409782 16.806942
-4.8759599 -11.705016 1.0571337 2
5.5244942 -11.863079 1.0883536 15.676291
-5.1509042 -11.667203 1.0007164 1.25
-4.9875464 -11.625557 0.95581865 2.0987413
5.5847111 -11.662688 1.1506189 3.25
-0.62144876 -9.1671972 1.055953 0.5
-0.58511257 -9.1296482 1.0351086 1.3327637
2.3944581 -7.6592455 1.0947366 39.281921
2.4416313 -7.5675688 1.054969 65.862411
3.0983031 -7.5069962 0.99834245 2.1875
2.5122068 -7.4860396 1.0303313 102.45264
2.8525186 -7.4488888 0.96550518 54.255226
3.0489588 -7.4887028 1.0591148 17.390476
-4.9454427 -3.6122622 1.1904908 46.5
-5.2350063 -3.5820353 1.0481671 30.5
-4.8401809 -3.3639333 1.1983706 80.5
-8.1190872 -3.1309302 0.98048139 0.75
-8.055439 -3.0914607 0.98982161 16.524509
-5.02811 -3.2688887 1.1975131 84.5
-4.6852074 -3.1265368 1.1754491 82.375
-4.4918365 -3.1198084 1.1867684 65.285713
8.542305 -3.028686 0.94405693 3.8139043
-8.1004419 -2.8394001 1.0089983 18.5
-8.0575809 -2.8183815 1.0017719 19.05378
-4.8596973 -2.9038377 1.177949 70.166664
-4.6157522 -2.9531953 1.1911634 81
8.530797 -2.7420197 0.91026109 22.891144
8.5302086 -2.6702304 0.93781519 28.239767
-1.814352 -2.2561402 0.96244907 1.5
-1.7454505 -2.2428894 0.94795513 2.2245808
-1.4921954 -2.1906734 0.96498668 0.91935921
8.5274725 -2.3652506 0.91176873 33.666668
-8.1142626 -1.9639978 0.96426904 1.5
-8.0613317 -1.9741349 1.0147445 22.56595
-3.1489425 -1.9938653 1.0518863 37.284283
-8.1000586 -1.7539707 1.0279738 1.25
-8.0581093 -1.7025523 0.96805495 21.64679
-3.1855855 -1.6100465 1.0392232 33.74202
8.5282278 -1.628859 0.92379725 13.986328
-8.0670061 -1.2150118 0.93619537 16.383421
-3.1021049 -1.2946699 1.1153543 49.921673
8.5271893 -1.2162899 0.95690173 32.369499
-8.1633301 -0.93110782 1.0989431 0
-8.0715981 -1.1627679 1.042979 7.4861884
-3.0665221 -0.95100123 1.042331 17.099701
-2.8978953 -1.0269873 1.0848851 44.472313
-0.32360107 -0.9654063 1.0528505 15.554595
-0.13709076 -0.95692998 0.99104404 5.8897662
0.093875907 -0.97290725 1.0590616 11.774993
0.38830251 -0.96654803 1.0750843 7
8.5321922 -1.1264095 0.91807902 18.768118
-8.0798855 -0.80450547 0.96240568 12.968981
-3.0608153 -0.65721416 1.0918522 23.898872
-2.8873901 -0.64907193 1.0943481 46.549702
-0.68477082 -0.64327973 1.0293778 2
-0.50140893 -0.71984422 0.96320176 11.677559
8.5312777 -0.86272079 0.91632026 29.761398
-8.1093159 -0.45061696 1.0202643 1.5
-8.0738297 -0.44223899 0.99121737 21.08707
-3.0684996 -0.39654875 1.0540175 7.6285157
-2.7761705 -0.42945382 1.0183597 24.750076
-2.5329587 -0.47600785 1.1677327 3
-0.66946417 -0.55148518 0.94503087 5
-5.0392661 -0.1170008 1.1486574 44.097473
-3.0780177 -0.12384677 1.1541216 27.09375
-2.7554841 -0.11131184 0.98593092 46.022846
-2.6228662 -0.20937146 1.0903238 46.425129
-2.1817482 -0.048942726 1.0548451 39.469788
-2.0257633 -0.024099937 0.94006866 24.25
-5.0392008 0.11654341 1.1674541 48.436623
-2.9299812 0.15168327 0.96750492 15.995105
-2.4877958 0.077627145 1.197275 35.666668
-2.1256385 0.27267748 1.0449774 32.886166
-2.0257115 0.037175115 0.92254037 17.906013
-5.1375999 0.45424125 1.0627701 61.75
-5.0530686 0.31979945 0.96884716 47.754463
-3.0778456 0.33191332 0.90663517 26.8125
-2.9235871 0.42825031 0.96029758 47.162285
-2.5368843 0.41461518 1.0601747 3
-2.1338611 0.3274821 0.99388611 33.030167
-2.0446041 0.49444044 1.0672631 21.775703
2.5501549 0.47526759 0.96426594 13.654972
-3.0386913 0.7494899 0.95257032 37.568134
-2.9606504 0.75281227 0.93673742 33.602173
-2.1229296 0.6523155 1.1389542 21
-1.8605783 0.60790896 1.1614298 31.682581
-3.0524395 1.0563926 0.91143984 0
-4.689805 1.4908645 1.1031661 39.179893
-4.4843178 1.4415817 1.0668967 58.422333
-4.6739979 1.7472327 1.0377057 54.53006
-4.4883132 1.5949041 1.040355 32.833332
-8.109148 2.0875075 1.0488281 1
-8.0869255 1.9214988 0.97614121 7.1875
-4.7704754 2.0172968 1.0966344 8.6875
-8.1085978 2.3096466 1.0053641 14.625
-8.0896244 2.3145418 0.96670377 22.003689
-8.1300621 2.4203682 0.91362923 6.125
-8.0923605 2.4122562 0.99401212 27
-8.1102238 2.9445729 0.97611332 11.296875
-8.097271 2.9668763 0.94987333 14.311035
-8.1224842 3.2292109 1.042562 1.7751331
-8.093132 3.246357 1.0084083 12.81062
-8.1086998 3.3935332 0.96173453 14.003437
-8.085619 3.3766899 0.9689877 27.784702
-8.1355648 3.7535074 1.0115249 5.1922817
-8.0940304 3.7964387 0.9349215 24.824728
-8.1079636 4.1922102 0.98048794 19.75
-8.068985 4.1780982 0.92354649 17
-8.1135101 4.2714424 0.97783637 20.703287
-8.0902462 4.2466669 0.94701201 17.855379
-8.1187572 4.7826004 1.0141008 7.5
-8.0756817 4.7791076 0.99711788 10
-8.109374 4.9391642 0.9750815 20.825502
-8.0907574 4.8528633 0.95431852 15.144819
-8.1155033 5.2745762 0.97970176 8.6829691
-8.0919323 5.3207464 0.94029176 23.45545
-8.1113205 5.6087437 0.96882069 12.465309
-8.0958138 5.4837513 0.99072456 12.621745
-8.1372004 5.7281237 1.0200042 2.2840984
-8.0883198 5.8125572 0.93909478 13.219772
-8.1285372 6.1701279 0.98011303 5.1640625
-8.0916214 6.2644749 0.944107 17.098957
-8.1096478 6.4138017 0.95069563 14.132812
-8.0793505 6.4349422 0.93537807 17.061005
-8.115591 6.7385292 0.91994202 9.401041
-8.0892305 6.7873077 0.92578477 13.215047
8.5103912 7.1850395 1.0210397 5.625
-8.1198959 7.2694068 0.94249338 8.336751
-8.0969658 7.2997417 0.92319047 9.3017168
8.4990654 7.3206725 0.9753207 13.936913
-8.117197 7.7223911 0.93296683 13.8353
-8.0911398 7.7460947 0.92980909 13.755859
2.6918402 7.6974034 1.1367457 57.128048
2.8841259 7.7285147 1.0687196 33.151279
3.0382776 7.7751784 1.1155721 6.5483828
6.1820817 7.7863955 0.94173515 35.067894
6.5497894 7.7677336 1.0345151 1.2414141
8.4827957 7.6311111 0.94008893 19.731552
-13.211981 8.0862761 0.95954663 7
-13.182917 8.0758562 0.98057735 4
-8.1437397 7.9220538 0.99747968 5.4023438
-8.0831461 7.9973078 0.93148392 20.4375
2.3507895 7.9048724 1.1674372 36.303616
2.4070663 7.8114462 1.1170307 58.333336
3.0844636 7.8194942 0.98103595 0
5.9745169 8.0436592 0.97043061 25.395729
6.115047 7.8655171 0.97399062 35.081612
8.6213341 7.9349127 0.90437466 5.1875
-13.209606 8.248744 0.94682199 2
-13.18548 8.1606541 0.96785712 6.875
-8.133009 8.1799736 0.98994559 12.834114
-8.0848503 8.2138863 0.91789591 22.96875
5.9714141 8.1184549 1.0524892 11.395075
6.0070696 8.1593266 1.0358306 9.4414062
8.6678123 8.2511797 0.90744972 1
8.7034159 8.2521305 0.91511649 2
-12.671738 10.859284 1.1780479 9
-12.356855 10.878553 1.1740365 13
-12.102167 10.872879 1.0736002 16.77474
-11.777784 10.864475 1.1707313 19.905687
-11.606646 10.858095 1.139485 20.273417
-11.335592 10.875128 1.1289186 17.21875
-10.334784 10.908888 1.1780845 7
-9.230957 10.962982 1.1707489 10.5
-8.7968941 10.93516 1.1872766 10.75
-5.7613688 13.686739 1.0861382 5.912684
-5.6579738 13.682971 1.1255127 22.96261
-5.2810473 13.699408 1.0929658 33.557865
-5.002121 13.794592 1.1082535 40.75
-4.9592381 13.897732 1.1399114 22.8964
-16.872709 14.374881 1.0730288 4
-16.76646 14.375397 1.1034851 6
-16.210728 14.382225 1.1563772 9
-16.823669 14.447543 1.1038061 6
-16.761536 14.441813 1.1159539 5
-16.302038 14.443979 1.1382453 10.590332
-16.010935 14.450027 1.0176649 14.75
-7.072401 15.671427 1.1697353 45.5
-6.8426785 15.703696 1.1851995 62.5
2.9384637 15.846976 1.118597 38.4375
6.2451634 15.646223 0.98976845 20.775494
6.4805164 15.6766 1.1162184 8.0425167
6.6317415 15.737285 1.0026778 1.75
2.9915919 15.923666 1.1305113 48
3.0974436 15.996624 1.1629379 30.971287
5.9636798 22.473543 0.98007154 5.4303999
6.1094408 22.32217 1.0362923 14.263674
6.3068929 22.206499 1.0666637 15
5.9487081 22.518646 1.1279175 4.75
6.3976374 24.256168 1.1007524 5.75
6.2479763 24.422688 0.99335271 4.5
6.3802862 24.352806 0.99465287 5.2539062
6.2608099 24.7411 1.1118025 6.3125
6.3305283 24.678238 1.0546615 8.90625
6.2772775 25.090088 1.0872523 7
6.3287754 25.060289 1.0205126 7.375
6.2690992 25.247967 1.0844988 7.625
6.3210783 25.329279 0.90692252 4
6.4835515 25.56864 1.15811 13
6.3051405 25.86237 1.0036122 4
6.2372766 26.123735 1.1815739 7.5
-7.5713167 -17.129623 1.468949 10.5
-7.3671665 -17.241516 1.3222829 2
-4.935307 -14.128815 1.4505962 2.5
-4.9616256 -13.934825 1.4348885 9.104167
-5.4962459 -13.525023 1.247386 4
-4.9824319 -13.698556 1.4404546 22.65625
2.3458161 -13.731929 1.4484375 2.515625
3.1070623 -13.503046 1.4731396 23.875
-5.6080198 -13.455196 1.4020677 15.969482
-5.2829571 -13.443922 1.3840671 48.112568
-5.0204515 -13.476676 1.3836367 33.75
2.5430126 -13.473595 1.32986 81.454269
2.7572989 -13.445134 1.3953218 63.55114
3.0400674 -13.454239 1.3245454 39.469296
5.5214987 -13.363228 1.3933467 10.791105
5.5273991 -13.148977 1.4513817 21.636776
5.5240088 -12.77449 1.4343088 20.462904
5.5163016 -12.392822 1.3645689 26.414347
5.5213594 -12.135534 1.4626297 25.076378
5.5564957 -11.762248 1.3465405 13.06549
5.569448 -11.589242 1.365459 8.1171875
2.391571 -7.6588683 1.2475924 37.6092
2.4139717 -7.6021891 1.3731198 53.91346
3.0987325 -7.5134048 1.3912061 6.4503784
2.579268 -7.4693642 1.4269605 82.505486
2.8218918 -7.4399219 1.3765888 53.503342
3.0342727 -7.4558496 1.3508819 24.116892
-7.9126592 -5.4929314 1.3811327 8.2173767
-9.1111412 -5.1712532 1.3613878 2
-8.7661247 -5.1646299 1.348394 1.65625
-8.5752087 -5.1569204 1.3453264 2.4375
-8.2896318 -5.1697154 1.3253286 1.8164062
-7.9268856 -5.2897997 1.3041735 4.7587433
-5.2956071 -3.980319 1.3693442 29.333334
-5.2379618 -3.6432352 1.3792871 6.25
-5.1224356 -3.4367857 1.3075674 35.833336
-4.9618349 -3.4938409 1.3588983 48.34375
-29.843691 -3.0273478 1.4155709 19
-4.8064132 -3.1283984 1.4987967 1
-4.7108145 -3.151958 1.2472236 61.568592
-3.2341895 -1.2946494 1.45016 3.9625001
-3.0418022 -0.95307183 1.3782319 15.340625
-2.9566116 -0.9788667 1.4303246 19.3125
-3.1246371 -0.77740026 1.3248299 36.696739
-2.929477 -0.71560162 1.3364242 31.415434
-3.1375663 -0.43993556 1.3772601 14.276041
-2.8372264 -0.37567461 1.4304979 20.534481
-2.6355798 -0.51480871 1.2180414 34.727272
-5.0400152 -0.09150707 1.3313732 45.718315
-3.0620103 -0.13646124 1.2658088 25.375
-2.7818587 -0.077841178 1.4232104 12.367857
-2.534169 -0.04908384 1.4191145 27.623701
-2.1629338 -0.057758421 1.2213907 37.302307
2.3968165 -0.049190797 1.2596633 48.647079
2.4803274 -0.13474639 1.2805425 30.776075
-5.0347772 0.094375871 1.2346846 50.260666
-2.8870893 0.1098011 1.3224268 13.683333
-2.4850874 0.088526525 1.4538488 16.220045
-2.1314747 0.20381571 1.3903236 9.5896006
-2.0726087 0.16644013 1.2387326 38.999882
2.3689637 0.21747717 1.2662048 51.492966
-5.1636248 0.50081605 1.3430228 46.666664
-5.0493402 0.39476469 1.4153981 21.3125
-2.1123722 0.30867082 1.4162953 5.4503908
-1.9479237 0.46201879 1.3132522 9.6362953
2.5344195 0.46936494 1.2957556 14.699632
-2.1504683 0.64243567 1.4541755 0.85630584
-2.0577037 0.655168 1.433048 0
-4.6945887 1.4915183 1.3143286 49.256935
-4.4446898 1.3304194 1.415977 35.643177
-4.6524162 1.6808629 1.3993672 31.774767
-4.6662798 1.8288051 1.3537185 37.916664
-5.6582756 7.6911316 1.4957085 20.416668
2.3969007 7.7837744 1.2395622 56.333332
2.683629 7.6972971 1.2602047 58.385651
2.7371464 7.7053471 1.3554037 49.086685
3.0322633 7.7703338 1.2393103 11.284963
6.1717143 7.7952423 1.2939429 37.030327
6.5288706 7.758481 1.2654011 2.4916992
-13.164219 7.9765816 1.4329212 48.375
-5.0718808 7.9312449 1.4890776 32
2.3795414 7.8629885 1.3071618 47.516403
2.4033899 7.8173146 1.2631752 58.25
3.0711153 7.8112864 1.3119051 1.125
5.9681602 8.0618162 1.253787 23.888428
6.0971889 7.8931365 1.4128387 37.582462
6.5789533 7.800015 1.4977849 0
-13.221371 8.293354 1.3876352 2.875
-13.188084 8.2724819 1.429014 5
-5.0559988 8.2658415 1.4601378 12.123495
5.9913454 8.1217098 1.3290623 17.977308
6.0075064 8.1684856 1.327445 10.64563
-13.249428 10.849772 1.4295571 4
-13.039708 10.878809 1.361336 6.4232483
-12.761314 10.884529 1.2916019 10.603695
-12.422335 10.864881 1.2693372 11.715088
-12.184347 10.867424 1.234803 11.631344
-11.850407 10.858709 1.2797951 17.300516
-11.549874 10.86697 1.2878307 20.919922
-11.304888 10.867294 1.3854668 17.407846
-10.977501 10.993629 1.4385946 11.130615
-10.624984 10.963579 1.396571 9.1620712
-10.296975 10.927895 1.3149946 11.136167
-9.973732 10.941607 1.3695729 5.8682709
-9.7677526 10.95919 1.2943922 5.9294763
-9.4053516 10.941086 1.3120482 11.805816
-9.2073593 10.980762 1.3035784 11.332525
-8.8856945 10.924006 1.2482026 11.717797
-11.279384 11.300772 1.4508598 16.078125
-11.048702 11.362495 1.3126922 14
-11.265821 11.500865 1.4070785 24.21875
-11.017596 11.966032 1.312562 17.5
-11.449143 12.210145 1.478809 17
-11.278351 12.151982 1.4097815 20.240316
-11.314332 12.841333 1.4278073 23.75
-11.570912 13.105794 1.495672 34
-11.304018 12.950275 1.424275 20.375
-10.912464 13.162207 1.4711494 6.5
-10.424047 13.154869 1.4847023 6.5
-5.738205 13.68119 1.3736238 11.729963
-5.5939274 13.688079 1.2845392 30.235233
-5.2536669 13.721656 1.3375905 34.816582
-5.220077 13.839515 1.3873134 28.25
-5.0366125 13.965368 1.2612417 22.25
-16.666887 14.357561 1.2455777 4.625
-5.0484552 14.277576 1.3454729 4.7260847
-16.668436 14.403966 1.2193189 5
-16.352936 14.430536 1.2283654 9.5
-5.1734152 15.576967 1.4456794 63.367188
-4.8703022 15.590281 1.4842584 55.161461
-4.7524328 15.582485 1.4385271 66.125
-4.3507748 15.585518 1.4462891 63
-8.2046995 15.80835 1.4470574 33.015785
-7.8813624 15.797366 1.4183618 44.661457
-7.7291117 15.808008 1.423995 37.04694
-7.2997365 15.758229 1.4071608 29.658173
-7.0247097 15.691345 1.2913096 54.055801
-6.8239565 15.699369 1.3770505 60.318924
-5.4119883 15.603153 1.4829099 36
-5.3718653 15.606237 1.4351617 46.25
-4.3005981 15.634329 1.4360526 36.145832
-4.0443869 15.74655 1.4574599 12.5
-3.8213239 15.76603 1.4702387 9.5
2.8780904 15.75902 1.3544776 31.253906
6.2105956 15.655525 1.3137645 16.512085
6.467453 15.670555 1.3116621 10.021874
6.6163416 15.733271 1.4183342 2.3125
2.9664779 15.922398 1.4410458 51.125
3.1909964 16.016615 1.2954221 14.873074
5.9241123 22.486961 1.392597 5.2553711
6.153574 22.329117 1.2452216 13.389967
6.3101625 22.252697 1.3223691 11
5.9312372 22.504555 1.4389372 4
6.3608165 24.231668 1.3973345 6
6.2851162 24.404911 1.4228311 7.25
6.3495803 24.42288 1.3741459 5.9799266
6.2745705 24.77389 1.3371339 8.125
6.3803153 24.751278 1.3332827 7.25
6.2546492 25.090065 1.3984087 6.5
6.304472 25.145216 1.3558577 8.5
6.2752824 25.292452 1.280794 8.625
6.3316326 25.300774 1.4283936 7.875
6.2668619 25.722219 1.2627156 6
6.4044757 25.65155 1.3790356 8
6.2431016 26.04034 1.3072846 8
6.3855705 25.845463 1.280526 6
6.2266278 26.573837 1.2609346 7
6.0110545 -24.027815 1.7400522 3
5.9890823 -23.911224 1.5795019 5.25
6.0274034 -23.89852 1.6814955 6.0527344
6.2786326 -23.680601 1.7387251 18
6.4907727 -23.576077 1.6355374 11.568359
6.4961553 -23.261051 1.6268729 6
6.4883275 -23.029453 1.7206215 11
6.4251051 -22.51782 1.6463636 7
6.4692936 -22.297789 1.5679481 7.75
6.4309788 -22.088354 1.6333108 8.75
6.4550009 -21.845306 1.6533146 9.5
-4.1335626 -18.317118 1.7954085 4
-3.9786172 -18.174393 1.7858484 3.75
-4.03686 -17.860022 1.7728112 4
-7.6339369 -17.141668 1.7294502 4.7202148
-7.3448734 -17.114166 1.6310199 79.108078
-5.8289037 -17.170589 1.7829318 48.25
-5.6183624 -17.130688 1.7750432 29.75
-3.9553733 -17.197971 1.7640606 11
-1.354164 -17.166836 1.7030604 2
1.2229269 -17.124367 1.7708037 8.5
-7.6148043 -17.095375 1.7692659 12.5
-7.4546084 -17.094488 1.6086723 63.536461
-5.4201403 -17.095987 1.7862115 13
-5.292367 -17.053436 1.7862548 44
-4.9235578 -17.053621 1.7831004 60.5
-4.7608643 -17.054424 1.7803124 76
-4.2264042 -17.063896 1.7772254 19
-4.1403718 -17.05319 1.7382655 53.6875
1.3100313 -17.073841 1.7508781 24.253906
1.6713166 -17.043854 1.7484163 80.25
2.0465984 -17.057827 1.7687206 96
2.1809611 -17.039259 1.7261255 93
2.4768972 -17.028015 1.7146686 88.3125
2.8094954 -17.032543 1.7165897 78.25
-4.9723492 -13.872544 1.6513102 13.438056
2.3011439 -13.814104 1.6552383 1
-5.0003128 -13.545225 1.6378428 33.620903
2.3185267 -13.731771 1.6753888 1.9904525
2.4722764 -13.543515 1.6734973 66.839058
3.1639445 -13.508965 1.6973416 5.25
-5.5919628 -13.449041 1.6001536 19.515097
-5.3126097 -13.443324 1.691703 42.820755
-5.0516462 -13.473068 1.7082939 37.0625
2.5521078 -13.471704 1.6304443 90.014755
2.741132 -13.444374 1.6474786 66.667664
3.0714433 -13.464629 1.7004297 30.377808
5.529408 -13.303785 1.7259494 15.974695
5.5254631 -13.033031 1.6134584 22.171917
5.5241609 -12.801019 1.6966686 22.524897
5.5249095 -12.406748 1.6247962 20.996445
5.5266161 -12.181849 1.6387587 26.201435
5.5397921 -11.815101 1.568749 20.350479
5.5360928 -11.586876 1.6546415 23.15103
5.5119228 -11.372919 1.6574271 28.421408
-7.8910265 -7.5032873 1.784102 1
2.3912487 -7.6563931 1.7474865 34.612911
2.4445038 -7.5498347 1.5917995 65.573914
3.1022868 -7.5093441 1.6781342 2.9029949
-7.8960285 -7.4133787 1.7682176 2.0556641
2.5159101 -7.478847 1.6829607 86.188744
2.8146427 -7.4350638 1.7307094 48.995399
3.0194259 -7.4507914 1.6770021 26.488613
-7.9180655 -7.0939093 1.7726511 7.830729
-8.1604309 -6.8098469 1.7096894 1.484375
-31.613472 -4.1548018 1.6486201 8
-29.658554 -3.6830387 1.7171425 9
-5.2507863 -3.8310151 1.5505357 2.2333333
-29.891727 -3.4921575 1.5564537 8
-29.580198 -3.5813041 1.7284169 11
-29.974283 -3.2310088 1.5637014 7
-4.89219 -3.1627984 1.5593472 0
-4.7321248 -3.0894499 1.5587963 1
-29.424894 -2.8291082 1.5125382 23.5
-29.32313 -2.8304958 1.5616314 22
-1.4048272 -2.9079545 1.6408157 5
-29.796106 -2.501605 1.5397582 9
-1.3695858 -2.5534444 1.6534367 5.2904458
-1.3587997 -2.2785511 1.7034333 3.8624496
-1.5353613 -2.0345287 1.5357517 5.418005
-1.4921025 -2.05444 1.5316303 12.002604
-3.0356421 -0.60384488 1.549765 0
-3.0398326 -0.4271591 1.5396852 6.8333335
-2.9104123 -0.3751061 1.5376747 15.919643
-5.035965 -0.091408744 1.6431596 47.126251
-2.7798553 -0.12983425 1.5105028 14.5
2.3980856 -0.033858433 1.7162569 42.556843
2.4691277 -0.10780369 1.7518576 31.34841
-5.0478911 0.20280509 1.5936209 46.234257
-2.6414101 0.073292464 1.5035186 11.4
2.378787 0.20960391 1.7558277 43.30407
-5.2019401 0.55825299 1.7651806 18.043089
-5.0847692 0.31116349 1.6610445 49.635593
2.5269561 0.45367005 1.7591236 19.036247
-5.2987151 0.60046428 1.7980114 0
-4.4422388 1.4276633 1.5244601 20.919914
-4.5097141 1.7338675 1.5807676 4.4054799
-4.4954691 1.7188274 1.5638014 11.041368
-13.208935 7.7892933 1.7791113 20.5
-13.176806 7.6738167 1.7459073 43.6875
-5.7137675 7.6685071 1.7011517 8.8359375
-5.6663532 7.7001367 1.6417911 27.891867
-5.2433729 7.7733765 1.6434175 36.354309
-5.0957804 7.7821832 1.6349471 32.5
2.6825128 7.716897 1.6811227 54.227184
2.9020085 7.7381129 1.6705782 29.381523
3.0310435 7.7627902 1.7024637 6.0134063
6.2010632 7.7829452 1.6359272 39.47591
6.4748359 7.7358789 1.6355994 18
-13.205875 7.891233 1.7451646 58
-13.175147 7.9993553 1.7552251 54.597656
-5.1712432 7.8111954 1.6519909 34.121437
-5.0806856 7.989439 1.6071475 31.107162
2.3655262 7.8732338 1.6534941 48.548164
2.407464 7.8236275 1.6876098 56.572914
3.0551577 7.8193073 1.7264764 1.8020834
5.9713497 8.068758 1.6219641 23.890789
6.0469995 8.005311 1.623812 32.493462
-13.217831 8.2918034 1.7733712 20.375
-13.178371 8.1566935 1.7074393 22.193359
-5.051404 8.2987671 1.6276896 10.073696
5.9704943 8.164238 1.593545 5.3601213
6.0089879 8.1380711 1.6529906 15.646321
-13.362122 8.570159 1.7840104 13.5
-13.39576 8.7648516 1.7403636 52.121807
-13.405975 9.2018175 1.7539369 56.042969
-13.401014 9.4063873 1.7512804 52.21875
-13.416581 9.6447239 1.7712197 56.248535
-13.414346 10.458037 1.7545805 34
-13.317875 10.642483 1.7410548 25.562042
-13.183705 10.724627 1.7941952 23
-16.037357 10.964817 1.7592154 2
-13.250269 10.830896 1.7303805 13.854167
-12.998137 10.861764 1.7389518 11.3125
-12.774799 10.866768 1.7319672 14.221226
-12.447529 10.875038 1.7506402 13.01311
-12.197813 10.884555 1.692644 13.028284
-11.86031 10.904633 1.718106 11.56254
-11.550481 10.91613 1.7210913 11.575039
-11.232687 10.918648 1.7277617 8.7692194
-10.854088 10.964073 1.7084727 7.5893164
-10.676171 10.937346 1.7118016 5.4221292
-10.319622 10.947499 1.7603531 8.4602013
-10.080815 10.922839 1.717901 15.217194
-9.7699032 10.928174 1.7001761 12.968593
-9.4290981 10.953625 1.575912 8.5658321
-9.2202396 10.950268 1.5211482 1.25
-11.803251 11.320511 1.7049836 14.640625
-11.503702 11.205256 1.6896789 18.515625
-11.247015 11.223047 1.6172442 14.5
-9.6595917 11.164436 1.6750686 2
-16.031038 11.675447 1.7832937 3
-11.782017 11.447069 1.6915231 21.166668
-11.667363 11.422456 1.6495192 23.34375
-11.883993 11.997339 1.7557868 23
-11.61399 11.976828 1.6110672 12
-11.744741 12.158822 1.6911093 23.718857
-11.462791 12.119284 1.5314163 14.712326
-16.053383 12.849836 1.7679117 3.5
-11.602791 12.826314 1.5829285 16
-11.848594 12.959389 1.7163047 27.882812
-11.524256 13.035937 1.5401354 20.57016
-11.204459 13.151907 1.6093196 5.34375
-11.039867 13.171682 1.5856606 7.5
-10.638626 13.173903 1.6874692 8.1966953
-10.454946 13.177892 1.6864071 9.869792
-11.447973 13.226397 1.7385249 5
-11.26185 13.20668 1.6855955 7.21875
-10.860645 13.216978 1.7169917 6.4718752
-10.66236 13.221748 1.6547108 6.6285319
-10.431383 13.217098 1.589523 5.9375
-5.7795544 13.690832 1.6018705 8.4363632
-5.6388922 13.680508 1.7066121 32.341324
-5.267108 13.753997 1.6928451 34.238667
-5.0686269 14.077492 1.6818492 15.25
-5.0204053 14.314823 1.6487942 3.032304
-5.0133715 14.401042 1.6693341 1
-13.075119 15.561995 1.7582375 28
-5.4098992 15.580816 1.6193655 41.125
-5.2103977 15.565165 1.5943067 60.520607
-4.8747463 15.570056 1.5848377 60.574509
-4.7533813 15.581514 1.6047866 41.770569
-4.2561398 15.5883 1.6502695 38.713402
-9.4448385 15.721237 1.7584932 2.125
-9.141613 15.720608 1.7966013 2.125
-8.8413086 15.762729 1.7645434 2.4375
-8.4557762 15.740099 1.7669704 2
-8.1301575 15.790045 1.6214993 42.702801
-7.9871693 15.790301 1.6863425 33.129631
-7.6873417 15.795416 1.6436977 39.092823
-7.2592945 15.704573 1.6505201 30.942822
-7.1435909 15.65436 1.6024064 46.204765
-6.7699556 15.672977 1.6197915 60.395035
-5.2386508 15.601597 1.6195343 46
-4.8837576 15.603548 1.6438819 44.625
-4.61938 15.605257 1.636506 41.015625
-4.2344818 15.652771 1.5710893 28.639854
-4.0321755 15.741501 1.6807175 6.8296509
-3.8562307 15.774596 1.6519947 8.7976046
-3.4092538 15.787045 1.7013011 8
-3.1483474 15.765548 1.7141976 7.1875
-2.8037515 15.724466 1.7187508 10.390625
-2.6853323 15.738524 1.6861751 11
2.296823 15.753937 1.7722175 3.356946
2.6258113 15.646116 1.7687707 36.39476
2.9106042 15.827064 1.6902829 44.876682
6.2682576 15.655178 1.7344234 20.983725
6.4602757 15.675035 1.5860772 10.005869
2.9840393 15.911258 1.6222348 49
3.2194574 16.033947 1.5928094 14.531737
5.9275112 22.484798 1.7012272 4.5488281
6.062994 22.378868 1.697737 11.676689
6.3073258 22.240765 1.6404734 13
5.9257541 22.53175 1.6563348 5.296875
6.3443956 24.273045 1.6228304 6
6.3390865 24.42585 1.7085443 7.4040527
6.2753735 24.819637 1.6173971 11
6.3173141 24.730503 1.5506673 7.5
6.2448025 25.043875 1.7165368 8.666666
6.3255959 25.066818 1.6973206 7.9804688
6.2414021 25.384678 1.6864616 10.171875
6.3302355 25.405155 1.5389171 9
6.4130049 25.674179 1.5988317 9
6.2483497 25.972715 1.7105515 7
6.4092126 26.830503 1.7231205 13
5.9611645 -23.894705 1.9467649 3
6.0291667 -23.926134 1.9746661 5.7161455
6.4802504 -23.497444 2.0429072 13.699219
6.4794025 -23.286543 1.8874755 11.875
6.5053511 -22.614008 1.8753543 8.625
6.4752636 -22.421555 1.9883131 11.5625
6.484797 -22.160273 2.0461104 10
-3.9945302 -18.394535 1.9820826 3.75
-3.9887109 -18.177099 1.9972088 3.5625
-3.997448 -17.87442 1.9202532 4.5
-3.9914598 -17.689701 2.0260396 5.5
-7.5611215 -17.104111 1.9078636 31.036457
-7.414783 -17.11937 1.9673738 75.2155
-5.8739161 -17.140209 2.0041757 32.325607
-5.67665 -17.144802 1.8964887 45.655113
-3.990077 -17.143698 1.848779 19.901205
1.184014 -17.180565 2.0290573 3.75
1.2826453 -17.111458 1.9565793 23.377197
-7.5689664 -17.091694 1.9036489 21.8125
-7.452107 -17.090143 1.8939331 64.5
-5.7498803 -17.092182 2.0914445 20
-5.4452677 -17.081419 1.9039918 17.04427
-5.2441483 -17.045177 1.887973 49.375725
-4.9322834 -17.044727 1.915758 65.182869
-4.7703009 -17.047859 1.9243653 68.359375
-4.4075184 -17.047077 1.9733143 55.878502
-4.1525583 -17.042637 2.002676 54.331215
1.2673023 -17.085535 1.8882341 19.546339
1.635565 -17.025974 2.0012732 71.347778
2.0184994 -17.040241 1.9462676 84.306976
2.2096581 -17.038261 2.0062959 80.868874
2.6621103 -17.043335 1.9258103 75.867279
2.799984 -17.01527 1.9843135 80.93856
-4.9253402 -14.025064 1.9689693 5.28125
6.0042949 -13.919751 2.0742092 1
-4.9844818 -13.5898 1.9942415 28.488281
2.3260741 -13.721725 1.897037 3.2518973
2.4919701 -13.536862 1.9620584 49.033276
3.1119993 -13.507706 1.9517958 10.299154
5.6268063 -13.572506 1.9586205 2
-5.7410707 -13.489748 2.0105104 2
-5.5816469 -13.44256 2.0192559 30.174946
-5.2497792 -13.459884 2.0282235 44.436157
-5.0470214 -13.470733 1.8788766 40.875
2.5952449 -13.470573 1.9358964 74.634819
2.8207142 -13.446129 1.9696782 58.717369
3.0819173 -13.491856 1.9709684 16.174154
5.5605497 -13.267391 1.8649921 10.938654
5.5600681 -13.002304 1.8826205 7.1403809
5.5536699 -12.706429 1.8707294 9.8663788
5.5519948 -12.406147 1.8373125 14.508728
5.5526204 -12.139063 1.8692954 8.0616913
5.5346832 -11.806124 1.8409564 10.570328
5.5505972 -11.52327 1.8473313 13.432312
5.5690293 -11.224408 1.8474549 4.5065002
-7.9018936 -7.5619769 1.8372996 2.1418457
2.3792171 -7.7200232 1.8588464 12.405925
2.4867833 -7.5949297 1.9426343 39.251884
2.8082166 -7.5117607 2.0655847 30.404297
3.0673997 -7.5379791 1.9949203 6.0092583
-7.895916 -7.3069248 1.8429996 12.847894
2.6513712 -7.4679527 1.9974344 43.306816
2.7566051 -7.4384623 1.902034 49.078018
3.0386152 -7.4556794 1.9192085 9.7827415
-7.8916044 -7.1494493 1.9460895 11.386719
-8.2153282 -6.33498 2.0968835 2
-7.9277773 -6.3566856 2.0933011 3
-7.9281821 -6.2485929 2.0780237 2
-7.9091058 -5.8365898 2.0713258 37.690105
-7.910182 -5.6501713 1.9781038 55.503754
-10.007488 -5.1581373 2.0884857 3.25
-9.6842127 -5.1345062 2.0458174 5.015892
-9.3911419 -5.1397514 2.0567396 5.8774166
-9.1562338 -5.142087 2.0486093 6.7601995
-8.8761063 -5.1397009 2.0639393 4.4518642
-8.6182098 -5.1430807 2.037689 6.8240237
-8.3360901 -5.1276965 2.028023 6.6282382
-7.9157581 -5.2654066 2.0503404 36.278873
-1.5878985 -4.087759 2.0837421 4.708333
-1.3807309 -2.4857407 2.0063238 0.171875
-1.3657448 -2.2094216 1.959384 0
-1.6413474 -1.9710785 1.9787376 1.0591784
-1.4033986 -1.9940609 1.9742973 1.6098633
-5.0391645 -0.10964906 2.0496211 36.384819
2.5242796 -0.15323138 1.8140036 21.097963
-5.0415239 0.19450842 2.0526054 42.460541
-5.1723652 0.50664294 2.0357819 34.57272
-5.0899649 0.33838463 1.9421831 40.243164
2.5261586 0.43958452 1.8186138 17.010277
-13.210402 7.7279406 1.9114372 28
-13.179564 7.7491598 1.9277341 39.917973
-5.7103777 7.695467 2.0062144 12.927343
-5.5738525 7.6993179 1.9563277 35.818829
-5.2360845 7.7516432 1.9372925 34.868465
2.6537714 7.7495918 1.8922517 40.082596
2.7542138 7.7590547 1.941941 30.10997
3.0098243 7.7418666 1.8056961 1.25
6.1963997 7.7893744 1.9122615 35.15625
6.4510212 7.750741 1.9890262 24.625
-13.218086 7.9452696 2.0233991 56.25
-13.174856 7.9404016 1.9882913 55.651825
-5.2105036 7.8229532 1.9527035 34.57222
-5.0796556 8.0742111 1.9394765 32.6875
2.3752489 8.0198603 1.8779103 10.562422
2.4108779 7.9381089 2.0154614 28.167805
2.9730577 7.8209949 1.9617037 6.9528809
3.0170271 7.849967 1.9632781 1.7226562
5.9652715 8.0829563 1.8658729 22.171875
6.1284742 7.86378 1.844101 39.040302
-15.805559 8.3774834 2.0650697 4.5
-15.498617 8.3785191 2.0818801 5.375
-13.214808 8.2005997 1.9121327 32.546875
-13.153812 8.2465553 1.8963225 23.660839
-5.0631862 8.2092066 1.9801159 25.267115
5.9900341 8.1164684 1.886369 19.291588
6.0051622 8.1437683 1.8682289 16.976154
-15.526256 8.4161339 1.9617107 4
-13.364305 8.6387815 1.841444 20.054688
-12.977785 8.446146 1.9713027 6.873951
-12.744734 8.5332527 2.0777323 4.7693682
-5.0636139 8.4346733 2.0023651 0.5
-13.396685 8.9354382 1.8978847 51.164104
-12.751087 8.7189646 2.0438716 2
-13.40733 9.1538696 1.9204302 68.29599
-13.404337 9.4971771 2.0246511 67.542175
-13.408821 9.6992006 1.8923886 59.076653
-13.412688 9.9681301 1.918865 59.742188
-13.411505 10.475 1.8866858 49.334595
-13.325116 10.55126 1.9272206 42.244404
-13.133625 10.639565 1.9025886 21.261169
-12.823715 10.723335 2.022341 24.619848
-12.998211 10.832058 1.8813126 13
-12.821617 10.868652 1.8738744 15.436191
-12.380928 10.871772 1.8960125 17.89814
-12.266288 10.884092 1.8829854 14.713968
-11.823561 10.983496 1.8879037 7.7106533
-11.505325 10.945063 1.9752901 7.7953978
-11.361078 10.950919 1.9261262 4.7856646
-10.893963 11.006588 2.0187197 6.9634628
-10.684448 10.954964 1.940642 6.4150658
-10.333679 10.963951 1.9612941 5.7689052
-10.11602 10.985018 1.93501 3.7754312
-9.8772488 10.974102 1.8422062 2.375
-12.465006 11.331244 2.0348482 16.542969
-12.188009 11.259283 1.9372097 13.215603
-11.951403 11.351385 1.8297812 21
-12.437472 11.434382 2.0369728 27
-12.222723 11.468368 1.9032228 19.171875
-11.997398 11.40746 1.8596615 20
-12.480049 12.085719 2.0505421 25.904297
-12.198771 12.104652 1.917799 25.816895
-12.430307 12.873386 2.0113106 15
-12.082282 12.863537 1.8678071 18
-12.475691 13.004107 2.0228555 22.902344
-12.193386 13.031357 1.9285623 13.274445
-11.78483 13.170118 1.9273708 6.65625
-11.588077 13.176874 1.9123166 8
-11.253202 13.180572 2.0334249 11.032715
-10.876469 13.180003 1.9262563 5.7663984
-10.6726 13.19244 1.8974583 10.669942
-10.442982 13.184832 2.0227151 9.3105469
-12.075148 13.225718 2.0584135 6.25
-11.816642 13.222989 1.9577514 7.03125
-11.593967 13.211744 1.9142793 7.171875
-11.219627 13.239004 2.0117741 7.1469903
-10.863801 13.230369 2.0358365 6.4731898
-10.607622 13.226744 1.9469695 5.1821809
-10.472305 13.254309 1.9752747 6.65625
-5.7171392 13.689017 1.9346393 18.444952
-5.6616163 13.684161 1.9666729 32.004555
-5.2823234 13.701443 1.9839487 43.747414
-5.1987944 13.849531 1.9687454 29.359375
-5.0748177 14.088049 1.9627306 13.125
-5.1123023 14.121616 1.9281013 17.25
-5.0726776 14.170332 1.9934099 9.1513691
-13.621353 15.582237 2.0345726 28
-13.310143 15.567869 1.9020702 24
-13.177961 15.583053 1.8661886 15
-5.4236317 15.583157 1.9268026 48.25
-5.2305889 15.579853 1.9940324 58.451332
-4.8993139 15.594503 1.9715979 54.870007
-4.7171788 15.588012 1.8761201 41.127651
-4.3549509 15.58972 1.8468063 31.125
-1.8560035 15.588585 2.0524583 54.583851
-1.7410622 15.595569 2.0447407 54.579327
-1.3390683 15.594543 2.0762227 58.751755
-1.0161129 15.594165 1.9840808 55.005859
0.57323062 15.595391 1.969856 50.125
0.66333461 15.596014 2.0208526 42.4375
-13.504554 15.60795 2.0026381 16
-13.393365 15.625204 1.9604241 16
-12.738651 15.751762 1.9893636 15
-12.441431 15.777887 1.9779798 38.898438
-9.4701433 15.736997 1.8708586 2.265625
-9.2218857 15.715311 1.8354563 2.8125
-8.7911453 15.745829 1.8197324 2.625
-8.6742792 15.73721 1.8192353 2.125
-8.1553402 15.810669 1.8608692 20.192257
-7.8741884 15.79216 1.8981407 38.099159
-7.7300601 15.787776 1.8965886 54.249802
-7.270772 15.759115 1.8882129 43.359871
-6.9951735 15.747392 1.8699222 53.519386
-6.8246508 15.771168 1.9047077 47.861099
-5.1935253 15.604544 1.9414628 57.875
-4.8102121 15.611691 1.974249 43.303581
-4.7329512 15.64308 2.0358086 26.85944
-4.2806101 15.703661 1.9946256 6.3163843
-3.9619348 15.730425 1.9719511 2.5136719
-3.8049932 15.761492 1.9654239 2.4434781
-3.3535204 15.771932 1.995496 2.4397063
-3.2477872 15.774872 1.9911623 2.6451297
-2.8101671 15.793745 2.0297382 2.4295402
-2.546545 15.79851 2.0201893 2.2734375
-2.2606277 15.707292 2.0540397 13.067101
-1.8269174 15.60816 2.0343881 56.19857
-1.7768459 15.606289 2.0458119 60.822918
-1.2810742 15.603683 2.0396147 57.456787
-0.97280151 15.609135 2.0737853 51.875
0.56935847 15.608436 2.0085478 50.875
0.7163083 15.666792 2.0623379 24.601807
1.1639919 15.759633 1.9490085 2.1894531
1.2747962 15.752573 1.9525343 2.25
1.6239023 15.733452 1.936802 2.109375
1.8937993 15.774739 1.9387606 2.5
2.3587418 15.704821 1.9991459 11.530996
2.4725528 15.702372 1.9679714 19.321529
2.7275355 15.663156 1.9388882 35.016037
6.2409286 15.65701 1.9879352 23.80127
6.4349809 15.672993 1.9818919 17.127861
6.6432185 15.779128 1.8703239 3
2.9563808 15.915434 2.0135674 54
3.0808609 16.000187 1.8840241 59.736328
5.9257026 22.448452 1.9876513 6.03125
6.1078839 22.343395 1.9640903 14.249967
6.3080578 22.229221 2.0257483 13.5
5.9277577 22.53767 1.9524205 4.7011719
6.2662401 24.238998 1.9907508 5.5
6.3522077 24.265902 2.0071595 6
6.2600346 24.362148 1.8918264 6.5
6.3787103 24.469851 2.0130138 6.15625
6.2288542 24.887297 1.9922599 6
6.3776226 24.676975 1.9459881 5.75
6.256712 25.038239 1.894546 6.5
6.2276158 25.213259 2.076438 7
6.3232255 25.36924 1.9407078 11.5
6.2915125 25.741777 1.8593397 8
6.3391466 25.655403 1.9654747 6.4375
6.192903 26.079855 2.0219188 5
6.3187819 25.965515 1.8841834 6
6.0433989 -23.914705 2.1910954 7.083333
6.1695514 -23.691586 2.1261415 19
6.5164952 -23.540695 2.2713501 13.617405
6.4505205 -22.833452 2.2274108 9
6.4571838 -22.631149 2.2285273 12.234375
6.4590187 -22.344593 2.2407899 10.5
6.5015545 -22.087234 2.2747576 10.666666
6.4254303 -21.826471 2.1085739 12
-4.0070152 -18.358892 2.1680956 4.75
-3.9918013 -18.170769 2.2657604 4.3131509
-4.0200329 -17.875629 2.2888699 5.75
-5.8321877 -17.126457 2.1430235 16.0625
-5.6703067 -17.129175 2.1233625 24.666666
-3.9835763 -17.198133 2.1791322 25.685547
-3.8787501 -17.227312 2.2142656 3
1.1896496 -17.171143 2.2006388 2.59375
1.2209966 -17.137478 2.3271713 8.729167
-5.7247901 -17.078352 2.1983202 26.5
-5.4666224 -17.047411 2.1868429 52.255211
-5.2830305 -17.051651 2.2427716 49.085968
-4.8697114 -17.042612 2.2075272 54.744576
-4.7768202 -17.040638 2.1470103 60.622643
-4.2831717 -17.041367 2.1915889 48.934761
-4.0455608 -17.07275 2.2720466 42.84375
1.2756609 -17.087917 2.3451462 18.540459
1.7345933 -17.020397 2.2627821 77.554268
1.823921 -17.021444 2.3108358 80.0625
2.2925026 -17.021744 2.2533445 78.628571
2.6639698 -17.037029 2.2710633 81.187065
2.7578056 -17.048088 2.2807434 79.152344
6.4358983 -15.630639 2.3319976 8
6.4436793 -15.436321 2.3292122 10.851727
6.4589081 -15.219311 2.3168387 9.9339199
6.4505348 -14.966366 2.2978818 10
-4.9209166 -14.115115 2.257762 3
-4.9554625 -13.932938 2.1904931 16.5436
5.9908538 -13.907769 2.1347823 1.5
6.0374393 -13.846169 2.2175164 3
-5.7415771 -13.513824 2.158407 2.5
-4.9741907 -13.696154 2.2208087 22.259729
2.3811636 -13.764742 2.329812 1.8665364
2.4781282 -13.603297 2.2574811 19.70698
3.042428 -13.514549 2.2371306 14.479768
6.1488781 -13.554283 2.2019849 31.094852
-5.7203283 -13.485355 2.2150669 2.25
-5.6438775 -13.460026 2.2008362 10.284273
-5.345788 -13.441971 2.327729 47.43721
-5.035193 -13.480569 2.2061491 38.171875
2.6535444 -13.478621 2.3303833 44.227394
2.9510167 -13.462727 2.2061276 29.472033
3.0202632 -13.490844 2.3336163 21.46875
6.2789202 -13.45014 2.2307343 42.25
6.4446688 -13.344159 2.2974105 21.790699
6.5333033 -13.153484 2.3338637 4.1892362
2.3946183 -7.822257 2.1652188 1
2.4079266 -7.844871 2.1730933 0
2.4825191 -7.7087641 2.3419809 14.516246
2.9933796 -7.5086427 2.327806 20.437031
3.023674 -7.5316343 2.2851782 14.254013
-7.8864431 -7.2301712 2.3546338 3
2.659708 -7.4708223 2.3255742 28.196428
2.761816 -7.447423 2.3588891 36.24688
3.024478 -7.4962893 2.1844139 10.25
-7.8793435 -7.0056114 2.3326921 22.443806
-7.9117455 -6.7301154 2.2679162 26.70101
-8.2287779 -6.3857131 2.1347408 1.2734375
-7.904304 -6.4547901 2.3009896 19.912884
-8.2243595 -6.2732186 2.1181574 1.0625
-7.8948851 -6.1912317 2.2057736 18.356504
-7.8997474 -5.7342052 2.1500907 47.604935
-7.8986998 -5.6674752 2.1331544 44.406998
-10.220112 -5.1432276 2.2467549 4.0439453
-10.121732 -5.1577072 2.2081394 3.7984214
-9.7140827 -5.1350203 2.2049134 7.4331222
-9.4141846 -5.1351247 2.3350754 5.7018776
-9.1656628 -5.1407242 2.215631 7.4963107
-8.8203411 -5.1337147 2.2094946 8.6883221
-8.5781078 -5.1223726 2.2289758 7.0074306
-8.2524338 -5.1319647 2.1096339 7.3063774
-7.9272089 -5.2275124 2.1897254 28.808163
-10.276842 -5.0995064 2.3061099 1
-1.6538607 -4.0729027 2.1928682 10.523171
-1.473284 -4.0563431 2.3264437 11.452768
-2.4521327 -3.6136694 2.2701507 5.9000001
-2.2757697 -3.6052566 2.2949605 15.082325
-1.6384186 -3.6636307 2.2997985 7.6613412
-1.4085554 -3.6641541 2.3035369 20.404156
-1.108645 -3.6647887 2.2708192 23.89757
-0.78357685 -3.6735721 2.3169565 30.126194
-2.4725406 -3.5896177 2.3032517 10.25
-2.2788332 -3.5971017 2.320004 11.183409
-1.5464225 -2.5497177 2.1437597 0.62890625
-1.4096164 -2.5562849 2.1296072 2.2130742
-5.0400133 -0.094525263 2.1489635 38.266838
2.528368 -0.091188945 2.2932153 24.74268
-5.0435381 0.2311787 2.1288266 42.549896
2.4308598 0.089286409 2.2525871 28.640604
-5.1998768 0.5455718 2.1673985 24.934536
-5.0536804 0.33890802 2.224791 38.75
2.5201838 0.37325752 2.2838571 24.257801
-13.177595 7.7442303 2.1943128 48.726562
-5.7211905 7.6898232 2.1978586 10.375
-5.5956917 7.7126989 2.211498 35.672287
-5.266016 7.7610254 2.2871323 34.723454
-5.0861053 7.7623243 2.243365 32
2.6760833 7.761766 2.2568145 35.059517
2.8414192 7.7806301 2.2547038 23.535007
6.1963234 7.7925029 2.290169 32.028847
6.5143938 7.7454076 2.2484417 4.8640385
-13.211378 7.8813438 2.2948294 54.875
-13.170179 7.8378267 2.1885548 56.266167
-5.2065763 7.8047915 2.291564 35.625
-5.0768857 8.0790539 2.2476249 32.114582
2.3795347 8.0055904 2.2985387 11.400933
2.4128366 7.9336276 2.2286446 27.067448
2.9782915 7.8097115 2.2303662 7.7946773
3.0140958 7.8553085 2.229599 3.5435383
5.9931154 8.0853081 2.2975202 25.726498
6.1423492 7.8446798 2.2824106 38.016388
6.5686903 7.8074522 2.2234116 1.75
-15.99332 8.3739891 2.3270941 3.9629211
-15.855217 8.3616228 2.2957971 5.2235446
-15.506041 8.362257 2.3358743 5.5916419
-13.221752 8.2810783 2.2572422 11.4375
-13.166962 8.2774181 2.143012 19.100573
-12.726482 8.3650904 2.2390742 7.6367235
-12.427718 8.3757019 2.3518167 6.8951607
-12.201842 8.3840733 2.3890269 7
-5.1005921 8.2555876 2.2466896 32
-5.0794945 8.1915321 2.2204671 27.094879
5.9782658 8.1484909 2.2240906 13.574919
6.0187292 8.1466312 2.2590816 20.527071
-15.970909 8.4021721 2.2753584 5
-15.851786 8.4018898 2.2631333 6
-15.545374 8.4259758 2.2636538 3.9492188
-12.904789 8.4080315 2.1584558 6.833333
-12.775867 8.4237528 2.1823626 6.679945
-12.42589 8.501667 2.2648308 4.9500275
-12.227276 8.5468235 2.3227863 4.03125
-12.398471 8.7599964 2.2103782 2
-12.285625 8.7129383 2.2775648 2
-13.400121 9.2834291 2.2009902 59.058594
-13.397294 9.4001064 2.2072215 63.493755
-13.392322 9.8279514 2.2630773 62.618668
-13.395983 9.9681854 2.2124071 64.60482
-13.368013 10.425522 2.3099308 61.329479
-13.25313 10.548539 2.2232876 48.843277
-13.082361 10.554607 2.2981224 38.049843
-12.802677 10.570532 2.2669806 41.817493
-12.35037 10.713793 2.2871532 27.964674
-12.171175 10.673106 2.3445849 21.077265
-11.918009 10.785679 2.374819 19.604168
-12.420261 10.853096 2.1531198 19.245373
-12.046677 10.961466 2.2554193 8.475235
-11.793175 10.917248 2.2883096 9.5809145
-11.526014 11.029699 2.2289972 5.8359089
-11.256014 10.959905 2.243962 7.7326951
-10.862061 10.919926 2.2556574 5.9295444
-10.711025 10.94527 2.1977873 9.6026802
-10.410841 10.913904 2.1226552 2.75
-12.767006 11.32164 2.2379909 15.3125
-12.537691 11.355118 2.1210866 16.5
-12.196589 11.111228 2.2147508 2
-12.915068 11.401916 2.2843769 18
-12.825815 11.434387 2.2399366 18.929688
-12.552077 11.40939 2.1263912 21
-13.05162 12.098035 2.3481476 28.587402
-12.743061 12.118671 2.2149677 16.933594
-13.001076 12.884615 2.3134673 17
-12.798655 12.890549 2.2073953 29
-13.20643 13.110727 2.3801718 23
-13.089592 13.017897 2.3409133 20.046875
-12.787872 13.027658 2.2773731 19.624023
-12.460539 13.159798 2.2547226 4.8808594
-12.26079 13.163315 2.2503672 7.1171875
-11.888647 13.163086 2.3596087 9.0761719
-11.437057 13.183929 2.2806187 9.7724113
-11.301418 13.189504 2.269855 8.0699024
-10.903337 13.177049 2.3372293 12.229573
-10.711825 13.171068 2.2375515 8.2327471
-10.443136 13.167286 2.1454988 5
-12.547099 13.283825 2.3081887 3
-12.212029 13.220342 2.1461887 5.875
-11.780403 13.229131 2.3286657 9.0988235
-11.596125 13.227408 2.1567128 10.273438
-11.325912 13.242478 2.2187104 6.9274335
-10.86172 13.235461 2.2194324 6.5312195
-10.728556 13.22925 2.141149 6.3817301
-10.482955 13.203323 2.1351242 4.5
-5.7535915 13.689663 2.1900816 9.6635542
-5.5433407 13.681087 2.2151082 44.992107
-5.2987118 13.703347 2.3064647 45.896904
-13.210789 14.029263 2.3476732 22
-13.188936 13.99683 2.3726285 16.5
-5.2202559 13.834169 2.2395568 34.407814
-5.0787115 14.054325 2.1682582 14.75
-13.230072 14.230452 2.3340647 11.375
-13.195087 14.263908 2.252435 10
-5.1042004 14.141359 2.1666226 20
-5.0306263 14.303916 2.2559886 3.9214034
-5.0025969 14.416985 2.1721554 2
-13.933743 15.566895 2.2393007 25.625
-13.768995 15.577137 2.1695251 23.5
-12.997244 15.526108 2.3291197 33.25
-12.870401 15.577608 2.2622893 36.25
-5.4201384 15.582266 2.1878319 52.5
-5.2433472 15.591883 2.3278384 60.728165
-4.9800754 15.577282 2.2463832 68.458984
-1.842654 15.596099 2.1719203 61.147591
-1.7529597 15.589863 2.2812324 61.903271
-1.3397776 15.593441 2.2180042 58.835918
-1.057924 15.593692 2.289361 62.214966
0.53774464 15.597715 2.3688388 64.5
2.6772311 15.559361 2.1772788 38
-14.12985 15.608638 2.3166552 20
-12.77181 15.692301 2.247731 15.273682
-12.49114 15.748572 2.3299825 17.6875
-9.3397379 15.747351 2.3385944 2.953125
-9.0689373 15.755314 2.3820419 2.625
-8.8043232 15.795986 2.3574014 1.9375
-8.6319361 15.756445 2.3882132 3
-8.3280392 15.783276 2.330575 9.9193859
-7.8632927 15.765352 2.2993069 55.902168
-7.7843432 15.767008 2.186815 70.7854
-7.4008031 15.797354 2.3027964 44.718735
-6.9558706 15.806511 2.3223014 43.41843
-6.8272362 15.809358 2.2902458 39.999233
-5.1419191 15.604581 2.3222432 69.550003
-4.8558836 15.623237 2.3103449 49.452019
-4.7470255 15.641788 2.3261225 26.995438
-4.3593302 15.774538 2.3419869 2.2302752
-4.1849933 15.754986 2.3265786 2
-3.7706242 15.764255 2.2562037 2.0798337
-3.3492241 15.793264 2.2112525 2.0833821
-3.2624953 15.788601 2.3333249 2.0045776
-2.8243551 15.802603 2.332715 2.2877698
-2.4875801 15.835652 2.2143004 2.1567383
-2.2474954 15.712507 2.1869729 11.964657
-1.887724 15.605064 2.1608858 54.322914
-1.7676548 15.605812 2.2569056 59.888023
-1.32094 15.606543 2.2703526 58.54026
-1.0056643 15.606259 2.2368391 61.614258
0.58343709 15.609358 2.1555505 48.528648
0.68333602 15.620369 2.1564929 34.906712
2.3243198 15.74894 2.3152676 3.9928699
2.6521711 15.650139 2.1653762 33.394028
2.7942352 15.709724 2.1279488 37.649559
3.1153505 15.885607 2.2606204 52.5
6.2706017 15.651347 2.1923213 26.059072
6.4446716 15.680023 2.3212538 12.510583
6.6204114 15.754773 2.2011771 3.5
2.9670432 15.915955 2.2962191 48
3.1786783 16.022543 2.2422578 22.174103
5.9417944 22.47438 2.2243991 6.625
6.137958 22.322975 2.2225013 13.46381
6.3197341 22.250179 2.1574039 10
5.9284539 22.54686 2.2013273 5
6.2450414 24.532257 2.219799 6
6.324729 24.438145 2.2213531 8.5
6.2659516 24.764839 2.2241797 4.75
6.341959 24.7425 2.3310881 6.8125
6.337584 24.950214 2.2173266 7.75
6.2179203 25.438816 2.2423995 9
6.3080597 25.317944 2.2166991 5.5
6.3501577 25.58593 2.3609257 8.75
6.3467784 26.500711 2.2520781 7
-0.38509426 -30.55196 2.594754 14
5.9934616 -23.873413 2.634222 5.5
6.0472059 -23.884979 2.4845767 6.3216147
6.5232344 -23.565365 2.5734236 12.410156
6.5260377 -22.971001 2.4364674 13.5
6.4922328 -22.687958 2.630151 10.25
6.4615083 -22.262836 2.6387908 10.21875
6.4622478 -22.04854 2.4717305 8.4921875
-3.9752214 -18.360554 2.565661 4
-3.9924459 -18.222328 2.5659866 4.1328125
-3.9843524 -17.761091 2.4213338 4
-7.6856413 -17.232672 2.6689718 2.5
-5.7536469 -17.129181 2.6479492 3.75
-5.4096298 -17.105133 2.5826943 17
-5.3162394 -17.134689 2.6230283 4.2793784
-4.8378305 -17.122915 2.6106172 3.8697915
-4.7845397 -17.11655 2.5668502 4.5
-4.4451704 -17.120518 2.5489917 2.25
-3.9710159 -17.126862 2.5484648 30.25
1.1818205 -17.143744 2.4741971 2
1.2533162 -17.129744 2.4699104 21.333334
-5.7310228 -17.083313 2.5696726 4.3125
-5.6227312 -17.065521 2.673857 14.78301
-5.2826939 -17.083351 2.6214027 9.380208
-4.8880186 -17.079792 2.6045859 2.862793
-4.7108736 -17.072102 2.6542294 3.5
-4.3857985 -17.07324 2.6384382 14.687825
-4.0905638 -17.043455 2.6122193 54.21875
1.3379266 -17.05485 2.5054817 41.086044
1.7030647 -17.023197 2.4721155 72.237595
2.0075095 -17.018295 2.5132613 79.790039
2.1791904 -17.019009 2.4552236 76.885101
2.6646667 -17.032103 2.4671702 79.249863
2.7187598 -17.036541 2.5412307 73.139328
6.438138 -15.603291 2.6185203 9.75
6.4535933 -15.41148 2.6060967 11.22073
6.4654751 -15.140715 2.5611353 11.135906
6.4467974 -14.948268 2.4154584 12
-4.9194207 -14.105827 2.6989043 5
-4.957243 -13.908663 2.6124129 20.300129
6.0490189 -13.973551 2.6927879 2
-4.9805393 -13.681883 2.5582619 28.288462
2.3820462 -13.714994 2.5342479 3.0390625
2.5105319 -13.556204 2.5175357 34.204376
3.0838821 -13.530025 2.4341807 7.9619141
6.1343994 -13.602753 2.6014135 30.869907
-5.7308302 -13.486679 2.6075037 2.5
-5.6107626 -13.451342 2.5226283 13.836075
-5.3114214 -13.439439 2.5738945 45.459686
-5.0405827 -13.44976 2.6222448 42.625
2.6619105 -13.445683 2.5499787 48.277222
2.8150804 -13.442261 2.465816 43.896965
3.0066206 -13.48511 2.4634237 17.5
6.2941704 -13.43766 2.4961004 41.5
6.407403 -13.371828 2.6081197 28.535212
6.515892 -13.108231 2.5819974 8.4726963
2.4101636 -7.8322001 2.6236467 1
-7.9032292 -7.5882978 2.578119 9.8003616
2.3952432 -7.768178 2.5590639 2.5
2.5291793 -7.6304932 2.5525968 22.48246
2.9802794 -7.5242996 2.5275679 24.640392
3.0199046 -7.526577 2.587595 13.219561
-7.8760147 -7.2309952 2.5477581 19.627829
2.6632442 -7.4860268 2.4864416 35.58773
2.7906296 -7.4482613 2.5162563 35.944786
3.0307436 -7.494369 2.5235305 11
-7.8791027 -7.0277357 2.551487 22.407862
-7.8977203 -6.7158308 2.5872335 27.557972
-7.8952513 -6.454772 2.5131719 30.333334
-7.9105206 -6.1918254 2.5912485 29.130482
-7.9220033 -5.7358637 2.5273004 29.027939
-7.9188433 -5.6680298 2.5970097 30.247372
-10.24234 -5.1428728 2.4941571 3.8224792
-10.034719 -5.137598 2.4946575 5.3447862
-9.811264 -5.136517 2.5027885 5.2445087
-9.476058 -5.1357913 2.5204444 6.717339
-9.2138186 -5.1332388 2.508956 5.374958
-8.8564167 -5.1289043 2.4877331 5.9029369
-8.6123753 -5.1257162 2.5808344 6.5772676
-8.2598534 -5.1170816 2.5387936 7.3380404
-7.9308691 -5.2452908 2.5973282 26.888939
-1.4477148 -4.4038911 2.4404006 10.125
-2.5129411 -3.9492259 2.479337 9.3999996
-1.7052958 -4.1368189 2.4616337 8.1547518
-1.4727134 -4.1006069 2.5371504 5.7366071
-2.4725504 -3.6061015 2.6217937 5.3276286
-1.7251455 -3.6201162 2.4881248 1.3000001
-1.3119385 -3.6966391 2.5034401 9.2311563
-0.73061228 -3.6991129 2.6131003 17.294044
-2.485101 -3.5891252 2.5395312 5.3044639
-1.7517775 -3.5628214 2.4262321 1.25
-1.3728044 -3.595823 2.4115365 0
-1.5646992 -2.5573244 2.6289434 0.018551005
-1.4656119 -2.5502625 2.6290231 0.095705509
-5.0395727 -0.10540926 2.551542 32.36356
2.4748664 -0.034010708 2.6589086 26.526316
-5.0386362 0.22551244 2.5458646 37.873932
2.4230707 0.08987055 2.6423521 28.988007
-5.1798601 0.50301909 2.5727744 57.123039
-5.0754938 0.419842 2.5712843 29.568182
-5.2238531 0.60125613 2.5416965 6.5
-13.178508 7.7600617 2.5350027 42.265625
-5.7294717 7.69591 2.5121164 8.0320311
-5.6603742 7.6917906 2.5665002 23.851336
-5.2429304 7.7656245 2.5659955 35.282032
2.6489344 7.7806816 2.4765067 35.198719
2.7977312 7.7576995 2.4874589 29.171997
6.2276659 7.7911625 2.4287734 37.716667
6.5269504 7.7476969 2.6043963 4.0587292
-13.203276 7.8913822 2.4186971 46
-13.175512 7.9458609 2.6128726 45.625
-5.2142863 7.8088903 2.5346022 34.416664
-5.0684266 8.0037384 2.5882521 31.068983
2.3735542 8.0253353 2.5517235 12.227788
2.5071723 7.8722062 2.5441461 31.774239
2.9829383 7.8290977 2.5479474 7.9541016
3.0246913 7.8648119 2.6240184 4.2478027
5.9625678 8.0734119 2.4990251 23
6.1361728 7.8831291 2.4488842 37.165695
-15.967099 8.3660021 2.5931969 3.5546875
-15.789369 8.357523 2.5713515 5.282042
-15.533895 8.3859329 2.5106292 4.9174805
-12.968768 8.3565998 2.4577503 7
-12.725784 8.3706932 2.4913659 6.3177085
-12.443025 8.3740253 2.5066943 6.0416651
-12.185347 8.3777351 2.4838705 5.1875
-11.993961 8.3830309 2.4972091 5.5
-5.0635166 8.3013315 2.5910752 9.518528
5.9838629 8.1290941 2.5833743 15.375545
6.0082893 8.1270485 2.5788314 20.887501
-15.628557 8.4239206 2.4419839 3
-15.503642 8.4257984 2.5543818 3.625
-12.781811 8.4027185 2.6924658 4
-12.381029 8.4118586 2.50913 4.5
-12.25178 8.4072914 2.4652719 6.25
-11.961334 8.4000254 2.47802 4
-5.0486469 8.4303865 2.5733695 1
-13.352474 9.4564495 2.4986701 31.125
-13.254372 9.8478823 2.4893298 55.875
-13.068701 9.7832804 2.5651274 49.093018
-13.356308 9.960434 2.4295738 61
-13.071792 10.167892 2.5682693 48
-12.837999 10.031811 2.6699319 49.375
-13.314807 10.453324 2.4339499 49.697433
-13.074521 10.436396 2.5416176 51.527832
-12.801064 10.359444 2.6721764 48.775803
-13.208715 10.533585 2.4373584 45.25
-13.012607 10.520468 2.544333 50.103104
-12.669674 10.564064 2.5515046 45.9062
-12.533224 10.547305 2.4948211 51.442516
-12.162927 10.563915 2.6312757 51.145874
-11.805552 10.655014 2.5952859 40.399906
-11.544353 10.670303 2.6415632 30.017796
-11.368031 10.74148 2.6920254 22.666666
-11.903315 10.809219 2.444973 18.281467
-11.475479 10.89855 2.5382588 8.682292
-11.159761 10.934399 2.4531276 8.3608942
-11.071022 10.908171 2.4470396 6.75
-11.428475 11.113458 2.5905716 2
-13.356297 12.146629 2.5034974 15.385417
-13.175321 12.081265 2.4032505 14
-13.43485 12.782797 2.603605 7.953125
-13.882866 13.15689 2.6727006 5
-13.634192 13.053466 2.6264615 9.625
-13.388911 13.005849 2.5028245 19.117785
-13.039162 13.062525 2.4358046 14.5
-12.817741 13.178874 2.4233572 3.09375
-12.433092 13.148233 2.6018467 10.097656
-12.20257 13.162062 2.6145587 7.0548544
-11.828089 13.178808 2.533884 8.0840654
-11.49757 13.175181 2.6303432 5.1318359
-11.159615 13.170449 2.4910855 8.2669268
-11.095344 13.158092 2.4731853 7
-13.278049 13.293371 2.6318188 15.3125
-13.095214 13.249443 2.5931678 11.75
-12.747228 13.220307 2.5592232 6.5
-12.412504 13.237553 2.5479136 6.697917
-12.05933 13.233738 2.5975089 6.65625
-11.852188 13.239831 2.5555904 7.9073539
-11.478892 13.212091 2.5823588 10.375421
-11.300236 13.233131 2.4836903 7.3644934
-10.993881 13.232574 2.4503248 2
-13.338801 13.593922 2.5813313 17.960938
-5.7505627 13.701573 2.5583744 12.417234
-5.6232605 13.690506 2.6135612 39.107548
-5.2954035 13.713922 2.4521701 42.67992
-13.230588 13.93379 2.4701819 16.5
-5.226366 13.843932 2.5145736 31
-5.0633545 13.955149 2.6054847 18.859375
-5.1016884 14.116811 2.5428748 20
-5.050787 14.328045 2.5804684 3.7570624
-13.838204 15.556597 2.683959 26
-13.669527 15.577308 2.6592965 25.25
-13.286591 15.584767 2.4945924 29.976562
-13.050199 15.536859 2.607337 34.6875
-12.846231 15.564402 2.5973167 47
-5.421751 15.591557 2.4684806 52
-5.2850904 15.582108 2.4573836 63.240921
-4.8705549 15.583084 2.4635301 59.046875
-1.8321444 15.598049 2.5948777 62.088223
-1.7657259 15.594505 2.5494885 63.548958
-1.3211362 15.598259 2.504698 59.781898
-0.98387682 15.596401 2.488322 57.314453
0.71577775 15.581524 2.546607 35.5
6.5831885 15.599936 2.6161098 8
-13.680864 15.601618 2.6689637 23
-13.341228 15.613642 2.5228574 23.75
-13.174883 15.600073 2.4334178 19
-12.756598 15.767107 2.4642737 11.085205
-12.416783 15.769679 2.6244068 31.234375
-9.3941507 15.72225 2.4707599 2.609375
-9.2241726 15.771863 2.4339015 2
-8.8577948 15.729385 2.4052329 2.5
-8.5207891 15.765944 2.4463809 2.25
-8.1997395 15.778934 2.5446033 38.598351
-7.8205824 15.778946 2.4962225 64.738609
-7.7779999 15.795612 2.5364976 60.06292
-7.3423901 15.806018 2.4487746 41.610664
-7.0729856 15.808104 2.4875019 27.265833
-6.8002329 15.80897 2.5849447 43.234573
-5.2224827 15.605901 2.4688368 63.149086
-4.8208895 15.645348 2.5235975 39.27829
-4.7905626 15.637774 2.4838359 36.258801
-4.3377285 15.788301 2.5040882 2.3308048
-3.9508569 15.764078 2.5436914 2.125
-3.7977881 15.749059 2.4781084 2.2086887
-3.3453074 15.794596 2.5162561 2.3394785
-3.2826943 15.793592 2.5548725 2.8262668
-2.7896419 15.794952 2.521812 2.3796804
-2.5066233 15.790779 2.5094264 2.625
-2.3024697 15.729122 2.4855673 12.247835
-1.8454299 15.604916 2.5614207 58.652763
-1.7838244 15.605494 2.5155625 57.664772
-1.2803504 15.603792 2.5901637 59.587326
-1.0277646 15.61355 2.5052056 63.17728
0.58381009 15.607922 2.5602291 54.781578
0.70943832 15.642464 2.5538142 30.372564
1.1240611 15.788706 2.6402693 2.0043907
1.2400509 15.761187 2.6550279 1.9922104
1.6340632 15.794531 2.6252894 2.3619015
1.8163297 15.751244 2.6363959 3
2.274929 15.759317 2.6348667 5.5114136
2.617527 15.67588 2.5717845 40.972054
2.8439322 15.786211 2.4835219 43.946102
6.2153397 15.671967 2.557354 29.242138
6.5194607 15.696606 2.5731857 12.36111
6.6208849 15.737452 2.6330874 4.5
2.9883394 15.935916 2.6411595 56.5
3.1391706 16.023087 2.5325003 42.814671
3.3223276 16.094856 2.5255125 2
2.9922566 22.280212 2.499356 4
3.0487843 22.324091 2.4982409 5.25
5.9796448 22.453527 2.6462069 8.5
6.1849041 22.312969 2.5834789 17.65589
6.3181562 22.237411 2.5561223 12.5
5.9239874 22.546686 2.5310006 4.7773438
6.2609377 24.283123 2.4815617 7.5
6.3147273 24.196489 2.5260866 4
6.2503004 24.373363 2.5042357 5.5
6.3360624 24.450197 2.516613 6
6.2690978 24.835487 2.6518641 7
6.3538022 24.701036 2.6253614 7.375
6.2752819 24.908203 2.4695623 8
6.3800573 24.99165 2.5784559 7.65625
6.2445889 25.322704 2.5077558 6.5
6.3273077 25.466827 2.4134717 7
6.3426027 25.674 2.5232363 6.75
6.1612387 25.936058 2.6781683 3
6.3611684 26.394468 2.6075282 6
6.334435 26.507992 2.4583673 9
6.396379 26.722992 2.453239 5
-4.3453159 -30.525919 2.9654081 22
-3.6277575 -30.564199 2.9469297 21
-2.9046102 -30.568035 2.9176879 16
-1.4658263 -30.540358 2.8480542 11
-1.0849496 -30.555326 2.8196642 17
-0.75292248 -30.557077 2.8258147 21
-0.37161598 -30.557283 2.7982676 17
-5.5352826 -30.073826 2.9863815 5
5.9995384 -23.917322 2.9337754 0
6.0452814 -23.911213 2.8571415 5.9375
6.5216446 -23.550598 2.8484125 12.960938
6.4905357 -22.920341 2.9010191 9.75
6.5106869 -22.676666 2.8459246 9.1527777
6.4428854 -22.333317 2.8799739 9.375
6.4493108 -21.996811 2.7909894 8.75
6.4207058 -21.804169 2.8116174 10.5
-4.0230751 -18.38936 2.8071842 3.375
-3.9980338 -18.177231 2.737792 4.28125
-4.0160584 -17.969791 2.828068 4
-3.9541004 -17.580172 2.7617748 7
-7.7212601 -17.18923 2.7286761 2.125
-5.7865829 -17.14793 2.7894602 4.2148438
-5.3449655 -17.115173 2.7402279 6.9375
-4.9076939 -17.111431 2.853205 3.625
-4.6046047 -17.12001 2.7721295 2.5
-4.4433069 -17.105743 2.7721362 3.3854165
-3.9527588 -17.129429 2.7453914 46.125
-3.6908829 -17.154236 2.7585354 16.188803
-3.3648584 -17.158724 2.8090165 6.5
-3.2149577 -17.143715 2.751246 7
-2.8080583 -17.144026 2.7967172 18.96875
-2.4332757 -17.159397 2.7584767 5
-2.3592563 -17.127968 2.8260865 36.6875
-1.8764546 -17.132122 2.75492 12.3125
-1.7691673 -17.130457 2.7601407 10
-1.2540339 -17.237494 2.7480125 3
-0.76209539 -17.14493 2.7513628 11.223959
-0.4460305 -17.130922 2.7657857 150
-0.22885917 -17.149921 2.7782621 24
0.16393855 -17.154446 2.7683492 11.4375
0.44339392 -17.247936 2.7693319 3
0.70543325 -17.155344 2.7598109 6.75
1.1543274 -17.184351 2.7600238 20.75
-5.7130508 -17.055313 2.8317666 7.75
-5.5527658 -17.058735 2.9158354 24.466146
-5.3360949 -17.078833 2.7537997 19.061068
-4.9044037 -17.076721 2.7564192 4.7350879
-4.7915397 -17.075891 2.7859406 2.5
-4.3552999 -17.078188 2.7263818 12.187819
-4.1232686 -17.038193 2.7812119 42.550392
-3.8280237 -17.048042 2.8309629 77.006592
-3.4647095 -17.043697 2.9190359 94.168701
-3.2224183 -17.032585 2.9102812 45.156342
-2.8589911 -17.049656 2.852917 72.66507
-2.4526687 -17.054798 2.8547645 82.726562
-2.2541399 -17.030136 2.8614821 36.003426
-1.8729184 -16.986912 2.9336228 41.002838
-1.6896282 -17.005938 2.9285588 33.279373
-1.3432405 -16.994778 2.9147613 83.101181
-1.0594625 -16.99868 2.9120023 113.48438
-0.78578788 -17.022041 2.8560257 83.074295
-0.3580451 -16.998249 2.9658308 111.88134
-0.26753414 -17.040091 2.8517501 97.237183
0.15179814 -17.037214 2.8629227 83.89325
0.45879912 -16.987843 2.8867424 112.96094
0.68457264 -17.009628 2.8823662 90.50367
1.155347 -17.001694 2.9080997 95.970337
1.2358875 -17.001408 2.9066958 95.483994
1.7240694 -17.028572 2.8942156 71.334969
2.0747983 -17.015223 2.8821938 79.46875
2.1511703 -17.025669 2.926445 72.689117
2.6436839 -17.034563 2.9404428 76.08374
2.7199428 -17.025692 2.83742 80.564209
6.4449263 -15.623323 2.9362607 7.875
6.4514413 -15.353178 2.9410951 12.112553
6.4452477 -15.113432 2.9080119 12.368458
6.4730067 -14.916845 2.8508558 9.4375
-4.9056454 -14.124233 2.8299727 3.5
-4.9172697 -14.033872 2.7910407 5.5917969
6.0255952 -13.90589 2.8106675 2
-4.9792948 -13.672302 2.7293134 23.385221
2.3954847 -13.720235 2.9133201 3.8958333
2.5017171 -13.57476 2.8878388 23.316147
3.0576119 -13.512309 2.8831692 11.753304
6.1360302 -13.625253 2.8612609 26.727959
-5.7276163 -13.472 2.7288663 3.25
-5.607337 -13.451431 2.8267579 19.110826
-5.3072085 -13.434901 2.8510208 44.58725
-5.057096 -13.45392 2.8332582 43.3125
2.6619654 -13.435712 2.9364257 45.316017
2.8989396 -13.437498 2.9347858 36.883171
3.0131192 -13.490486 2.9133844 20.458332
6.2724276 -13.465149 2.811897 41.25
6.3819523 -13.410792 2.8247831 36.921482
6.4445868 -13.062426 2.9709566 15.521116
6.5281467 -12.789949 2.9472356 3.643229
2.3980625 -7.803688 2.9863191 1
2.4368162 -7.8112841 2.9078083 5.333333
2.7710912 -7.8027196 2.8708644 27
-7.8760462 -7.5345607 2.9246106 3.9583335
2.3960509 -7.7753391 2.878134 2
2.5813546 -7.5384541 2.8844433 34.060253
2.9506865 -7.5117102 2.8327911 25.283936
3.0213337 -7.5197611 2.9119616 14.09865
-7.8817263 -7.4382071 2.8908138 18.972633
2.6768899 -7.4836764 2.8977051 30.635902
2.8073931 -7.4465413 2.905448 34.305729
3.0058827 -7.496316 2.9250555 16
-7.8829365 -7.0985079 2.8043976 16.060873
-7.897603 -6.6464796 2.9341769 28.48238
-7.9062624 -6.5255384 2.8860674 27.400911
-7.9028616 -6.2111096 2.9388633 28.064106
-7.91501 -5.7191477 2.8957152 29.34166
-7.9174118 -5.6603479 2.9180157 29.401279
-10.211411 -5.1149216 2.8968832 2.8203125
-9.9851961 -5.1349053 2.919322 4.581461
-9.8096848 -5.1310716 2.9169164 5.6681681
-9.3313828 -5.1287289 2.8680277 5.9283915
-9.1939888 -5.1305027 2.8997197 6.4952173
-8.8234882 -5.1321278 2.9454339 5.2728367
-8.5802488 -5.1231813 2.9332662 6.9731445
-8.3305244 -5.1186781 2.9044259 6.1838727
-7.9231815 -5.2316246 2.8246748 29.081104
-31.91024 -5.037354 2.8854239 11
-10.25356 -5.0825911 2.7726791 1.25
-2.481616 -3.6101494 2.834415 1.5133545
-1.8910767 -3.6528213 2.7389119 1
-1.7194048 -3.6708782 2.7634094 3.6637554
-1.3947232 -3.6826742 2.7365427 14.100451
-0.71249866 -3.7061214 2.882591 8.554945
-32.558273 -3.4172888 2.7917359 9
-32.129169 -3.352947 2.745373 16
-2.4692302 -3.5959182 2.7792642 3.125
-1.9586189 -3.5188136 2.8163838 1.8333334
-32.637997 -3.1515069 2.8084264 16
-32.383503 -2.8959656 2.830725 12
-32.825272 -2.641084 2.7949636 8
-5.0337257 -0.087990999 2.9200411 29.701157
2.5213702 -0.079498738 2.7494302 24.905312
-5.0330453 0.23726228 2.8594809 37.774521
2.4215906 0.11525758 2.7223628 29.238586
-5.2113419 0.57428759 2.7964549 16.565166
-5.0599451 0.38550451 2.8443685 35.5
2.5132065 0.36972594 2.7450814 24.437756
-5.233407 0.60800916 2.8073125 1
-13.166658 7.7108965 2.9399889 49.282887
-5.7149 7.6937656 2.9062328 9.6875
-5.6552458 7.7106156 2.764359 33.710293
-5.2821741 7.744173 2.9067142 35.122433
-5.0695133 7.7899776 2.7755375 31.75
2.6324797 7.7845545 2.8114886 33.914742
2.9211323 7.7900958 2.9018803 23.233072
6.2026057 7.7925234 2.8827505 37.625
6.496985 7.7668681 2.8732288 17.656942
-13.173428 7.8378744 2.8890929 58.123253
-5.2206116 7.8218613 2.8113594 33.9375
-5.0763025 8.0344429 2.9408088 30.627422
2.3740916 8.0008583 2.8231246 13.870129
2.4344153 7.9477897 2.8270679 27.144136
2.9800177 7.8217993 2.8219743 7.5177989
3.0375726 7.8616509 2.9179974 1.8396485
5.9797897 8.0810394 2.9479051 20.5
6.1376667 7.8595581 2.8847194 37.339233
6.5536962 7.8024797 2.915699 2
-15.928102 8.3920784 2.9798088 3
-15.855119 8.3999128 2.7199781 4
-13.210182 8.2960835 2.9164224 35.25
-13.081243 8.2700758 2.8858449 41.903717
-12.66647 8.3888187 2.9138188 6.2908392
-12.588211 8.3775406 2.8089857 5
-12.035121 8.3930864 2.9705794 4
-11.946871 8.3754559 2.9337916 6.0185547
-11.474061 8.3983526 2.9948721 7
-11.157784 8.3836393 2.9730453 6.75
-11.076885 8.3843317 2.9602642 6.3945312
-5.0597372 8.2704964 2.8765285 19.608335
2.3709297 8.1227427 2.7796435 1.5
5.9834814 8.1910553 2.8831744 5.2310181
6.0109301 8.1491261 2.8406565 20.206314
-15.926092 8.5780106 2.9520369 10.1875
-15.722012 8.5124626 2.9833572 7.1875
-15.569058 8.4003115 2.9883568 4
-13.060594 8.4060154 2.9255836 8.3359375
-12.72858 8.40728 2.8507745 4.7506514
-12.542355 8.413703 2.8952003 2.5
-11.931965 8.4155693 2.7934058 3
-11.144999 8.604002 2.8493214 3.4176803
-11.016084 8.6091499 2.9003301 4.4574814
-5.0708609 8.4047842 2.9332399 1
-11.18025 8.7407494 2.8239212 1.890625
-11.000615 8.7126827 2.903672 2.1006944
-10.780138 8.7232409 2.9846239 1.5
-12.174652 9.5195551 2.9871652 56.148438
-12.671886 9.8639126 2.7527637 53.25
-12.434144 9.7450905 2.8636575 52.30727
-12.233084 9.810524 2.9612641 59.836731
-12.720142 9.9854031 2.7251701 49.251785
-12.347935 9.9741869 2.912262 54.731907
-12.269488 9.9572182 2.9272704 57.46875
-12.714365 10.312583 2.7289648 52.814873
-12.467161 10.349041 2.8425341 53.517605
-12.231616 10.365026 2.9611549 54.064034
-12.645561 10.528079 2.7028027 64
-12.375277 10.567125 2.7418253 56.717506
-12.193521 10.564764 2.7988496 59.481636
-11.862246 10.57057 2.8944695 52.211002
-11.472166 10.691784 2.7679977 34.823673
-11.328426 10.639024 2.8579845 42.802055
-10.90196 10.698538 2.9590988 26.225067
-10.793382 10.698605 2.9917822 26.5625
-11.326082 10.814075 2.7074578 5
-10.995691 10.870886 2.8471112 3.1025391
-10.771629 10.800768 2.9950063 14.5
-13.875791 13.182364 2.7373521 6
-13.664735 13.177788 2.8825164 8.09375
-13.322791 13.16564 2.8822334 6.65625
-12.982076 13.181831 2.8983512 11
-12.708114 13.164486 2.7808428 8.739706
-12.492266 13.171424 2.862659 9.8613281
-12.137823 13.190819 2.8821001 11.308481
-11.825546 13.169439 2.817759 9.046875
-11.633989 13.169975 2.7727771 3.875
-14.231916 13.229954 2.8697436 5.5625
-13.67955 13.250351 2.8401017 5.625
-13.355573 13.29664 2.7845025 11.4375
-13.117047 13.232743 2.9313061 15.589844
-12.750099 13.266048 2.7804489 6.0029297
-12.398175 13.226398 2.8516231 6.6068115
-12.151302 13.275341 2.8937192 5.3179932
-11.854532 13.241085 2.8192916 5.500773
-13.257541 13.649462 2.8582516 20.36084
-5.7376842 13.706761 2.8807693 14.440144
-5.6612959 13.692978 2.8349581 28.408842
-5.2888508 13.742779 2.9149036 39.726913
-13.218249 13.969973 2.9180112 22
-13.199309 14.088267 2.8891811 24
-5.2284842 13.814471 2.8877976 33.9375
-5.0694857 13.921627 2.879982 20.399414
-13.220672 14.189573 2.8524561 24.75
-13.190687 14.189963 2.8111181 16.405273
-5.0613918 14.170039 2.838876 9.0153303
-14.16878 15.590933 2.9092607 18.875
-13.979293 15.570801 2.8543503 32.65625
-13.614172 15.577049 2.8864627 30.229614
-13.367752 15.586926 2.7906601 27.78125
-13.114067 15.559864 2.8111598 26.41626
-12.873342 15.556915 2.9080491 47.25
-5.4121656 15.588573 2.8822966 57
-5.2505903 15.591986 2.8804364 63.636223
-4.8946581 15.587093 2.9858413 60
-1.8271539 15.598549 2.9372864 57.628155
-1.7971237 15.596408 2.9801648 61.916664
-1.3058167 15.595052 2.8701119 64.6875
6.3989372 15.56047 2.7646275 37
-14.18899 15.606945 2.9273243 18
-13.980637 15.613305 2.8183229 36
-13.27562 15.60726 2.7324739 20
-12.779669 15.747404 2.8914723 15.668181
-12.490068 15.767017 2.8105364 40.638088
-9.3449631 15.729166 2.9219444 2.1640625
-9.1745739 15.754814 2.9669824 2.75
-8.8093224 15.73806 2.9359899 2.7083335
-8.5649376 15.760343 2.9452429 2.25
-8.1661272 15.746666 2.8832715 36.675972
-7.8745813 15.772343 2.7523584 71.610107
-7.6784945 15.779331 2.8309848 63.641239
-7.2849874 15.82108 2.9124444 23.732533
-7.1383419 15.794737 2.7243958 26.763817
-6.8183222 15.805965 2.8838096 40.321716
-5.2191124 15.604945 2.8867621 62.649338
-4.8212919 15.662067 2.9042473 42.031113
-4.7582893 15.671722 2.8995638 29.916943
-4.3030634 15.857908 2.9520071 3.176657
-3.9974699 15.785402 2.8890247 3.0625
-3.7979698 15.809436 2.9570394 4.0589247
-3.3200874 15.827457 2.9433374 3.8495736
-3.2805738 15.854712 2.9559813 4.0398107
-2.8269775 15.831636 2.8990612 2.5747724
-2.5618625 15.795792 2.9202962 3.2916667
-2.3102028 15.765524 2.9068141 6.6304512
-1.8444483 15.608378 2.9594955 57.245277
-1.7760952 15.606806 2.9427547 59.083332
-1.3314137 15.608283 2.9160957 60.522766
-0.96513712 15.631105 2.9096828 61.199219
-0.84458119 15.615652 2.9447293 64.022133
-0.35261738 15.618534 2.9708295 65.75
-0.25682116 15.607225 2.9643779 63.1875
0.18327898 15.614466 2.9836166 59.667969
0.57651126 15.614619 2.913321 58.763023
0.72316039 15.661871 2.7676516 23.315777
1.09984 15.816619 2.7026465 2
1.4441296 15.748425 2.7112432 2
2.3220239 15.770462 2.7786102 5.6890054
2.6508331 15.64772 2.7909331 37.266941
2.7178683 15.652254 2.7289076 33.958332
6.2600288 15.661847 2.8874197 33.618103
6.4043045 15.669985 2.7866869 20.752052
6.6130657 15.735739 2.8404725 3.25
2.9859288 15.934614 2.7679675 53.416664
3.1446004 16.032799 2.8507547 44.6763
2.3195252 22.314266 2.8944249 9.340251
2.6112456 22.275135 2.8625705 34.374432
2.8477926 22.255192 2.8536618 13.535095
3.0909758 22.292868 2.9275239 4.25
5.9764524 22.419098 2.8181615 11.390625
6.1081495 22.343405 2.8254519 14.205111
6.3225856 22.225386 2.7748368 18
5.918108 22.55827 2.8756771 4.375
2.2572458 23.092972 2.9428568 43
1.4204764 23.156338 2.9621387 35.59375
1.6354766 23.159611 2.9583592 37.625
1.94301 23.170158 2.9631691 29.109375
2.2794042 23.163269 2.9370327 20.213867
6.3471889 24.39995 2.8083696 5.609375
6.3447056 24.767836 2.787843 8
6.2498136 25.063148 2.8827167 8
6.3859091 24.997467 2.8416057 10.25
6.339025 25.378382 2.8727562 9
6.3314934 25.529736 2.8241649 7
6.2515912 26.167034 2.8970599 4
6.3458433 26.155499 2.9687278 5
-3.6094725 -30.550682 3.176157 22
-2.893806 -30.579977 3.1467912 21
-2.1704369 -30.579205 3.1168621 16
-1.6577351 -30.563133 3.2921777 8
-1.4526885 -30.546379 3.0857911 18
-0.96524161 -30.554071 3.0740695 18
-0.80306911 -30.534607 3.0539417 24
-0.1740818 -30.564074 3.0519543 15
1.8891478 -30.564953 3.2702098 14
-4.7904897 -30.033512 3.0240574 21
6.0874815 -23.836983 3.1167173 8.90625
6.5053463 -23.559399 3.0856652 15.125
6.492146 -23.266315 3.1360912 12
6.4845276 -22.910774 3.0955434 10.125
6.603292 -22.935215 3.1886113 11
6.4536848 -22.669113 3.1720729 8.5664062
6.4769163 -22.293112 3.1373773 9.7375488
6.4793863 -22.12697 3.0809746 8.25
6.4270058 -21.849657 3.1707366 10
-7.8018436 -17.203951 3.2841647 3
-7.7653003 -17.186272 3.2753155 3
-5.7339454 -17.127779 3.1943009 3.828125
-5.3605795 -17.10294 3.1239645 24.5
-4.9408426 -17.109333 3.0546792 13
-4.5728579 -17.133949 3.0444586 4
-5.7116985 -17.065105 3.0848629 5.75
-5.4997244 -17.051414 3.1775293 52.463448
-5.2794151 -17.046011 3.212563 66.126328
-4.8826437 -17.038565 3.2339571 59.522743
-4.7794104 -17.050106 3.2090759 54.132812
-4.4012375 -17.03367 3.1967213 61.90126
-3.9486489 -17.011745 3.1893265 105.41667
-3.8609195 -17.003937 3.1293721 103.46256
-3.4040191 -16.979111 3.2312934 83.871872
-3.2428432 -17.006193 3.2300949 97.901367
-2.7970414 -16.992704 3.2302198 62.496239
-2.5778942 -16.996618 3.1620417 57.994789
-2.3071208 -17.00428 3.2552156 106.32814
-1.9188671 -16.983706 3.2331669 99.011505
-1.7036991 -16.980816 3.17523 46.783527
-1.3777908 -16.993233 3.1260114 32.38633
-0.9177531 -16.969322 3.2116244 91.704956
-0.81519949 -16.990198 3.1694689 115.7611
-0.36170185 -16.991631 3.2304087 112.1517
-0.25362259 -16.987061 3.0982547 114.65625
0.16724405 -16.985374 3.1734114 110.1729
0.50643498 -16.99024 3.1699138 113.175
0.70076853 -16.991186 3.2079027 94.255341
1.1529917 -16.987579 3.2220118 109.93167
1.2218802 -16.989998 3.1882677 102.92938
1.6199155 -17.008186 3.2096238 82.009155
1.9536983 -17.022163 3.0815711 72.5
2.1544619 -17.012047 3.2411575 81.763046
2.6318121 -17.016907 3.2380056 83.912048
2.7596989 -17.013802 3.2577043 79.511719
6.4492626 -15.622415 3.1929989 9.25
6.4505377 -15.387769 3.1374946 11.09034
6.4464731 -15.175076 3.0622721 10.690346
6.4496136 -14.977741 3.1389687 10.5625
-4.9346848 -14.157981 3.1476672 5.046875
-4.9544964 -13.964495 3.1580176 12.522276
-5.7272072 -13.53362 3.1822233 1.5
-5.665668 -13.534237 3.2272761 12
-4.9708767 -13.550883 3.1838956 33.231133
2.387063 -13.736816 3.1153483 1.5068359
2.4336858 -13.675274 3.0589118 8.6185303
3.0906119 -13.514889 3.086251 6.5442705
6.1426907 -13.595169 3.0617762 27.360647
-5.7166758 -13.46163 3.1080022 2.5
-5.6247048 -13.451344 3.2143199 11.179264
-5.3018785 -13.440144 3.200748 48.408905
-5.0275278 -13.456338 3.1777806 43.601074
2.6156349 -13.448599 3.1929469 47.273254
2.8867853 -13.420845 3.2002709 40.524826
3.0275326 -13.474251 3.1286783 16.75
6.2834153 -13.461078 3.1941309 40
6.4199853 -13.392443 3.0685759 28.769215
6.4592705 -13.092052 3.1030598 15.19441
6.4568543 -12.833176 3.2386317 14.267315
6.5679102 -12.524726 3.2590253 3
2.392025 -7.8442392 3.1524234 1.25
2.4087639 -7.8277812 3.2676039 0.875
-7.87676 -7.5664058 3.2045116 17.746326
2.3944447 -7.7794251 3.2456839 2
2.5566835 -7.5797853 3.1912174 28.414494
2.9935069 -7.5063367 3.1963315 21.520832
3.038758 -7.5169249 3.1889601 9.8478193
-7.8800254 -7.2815437 3.0633824 25.776733
-5.4650602 -7.4655333 3.2710238 31.828426
-5.2043161 -7.4769154 3.1660929 6.40625
2.6776011 -7.4911814 3.0905375 31.475588
2.8020422 -7.4454851 3.1741276 34.98682
3.0114169 -7.4941096 3.1584034 17.540039
-7.8798375 -7.1536927 3.1737552 28.921658
-7.9016056 -6.6941881 3.0825126 26.348694
-7.8924775 -6.4455824 3.0284753 22.375
-7.9040117 -6.175734 3.046144 28.806343
-33.686001 -5.8151155 3.0077631 17
-7.9124718 -5.7867723 3.1111217 26.950275
-7.9140081 -5.6690049 3.1078424 29.403492
-10.25643 -5.1516309 3.1171737 2.2809854
-10.16246 -5.1240535 3.0674007 3.2864497
-9.7751417 -5.1348724 3.050195 6.8124342
-9.3551273 -5.1271935 3.0948572 5.327528
-9.2080402 -5.1368599 3.02106 7.0639434
-8.8350515 -5.1285295 3.0331109 5.8885741
-8.5472946 -5.1280737 3.0379138 5.2817707
-8.2940083 -5.1175022 3.0416136 6.1857023
-7.935523 -5.2481685 3.0943084 25.049355
-10.268188 -5.0839705 3.2177277 1.125
-2.1520257 -4.0228839 3.2854767 4.75
-2.4863155 -3.6292942 3.1556964 2.421875
-2.156868 -3.6601663 3.2620153 5.5325394
-2.0030951 -3.6636648 3.2848454 13.089291
-1.6870975 -3.6793776 3.2654645 8.2936735
-1.2528211 -3.6850271 3.2783277 9.2513056
-1.15088 -3.6915789 3.2784145 15.104338
-0.82061976 -3.7146475 3.2388577 14.683899
-29.068571 -1.8578132 3.1848786 14
-5.0301394 -0.081104696 3.0627358 30.977009
2.5202827 -0.069848478 3.2235012 20.096542
-5.0322323 0.22592311 3.0465674 35.309994
2.4154491 0.15245415 3.126883 28.004784
-5.1750474 0.5221988 3.0986576 43.142719
-5.0310335 0.32613975 3.1127424 29.208334
2.5036793 0.35663414 3.2348635 20.394264
-5.2283392 0.60405964 3.118701 4.625
6.511682 7.3576193 3.2558396 10.666667
-13.585479 7.6280169 3.2449956 17
-13.169029 7.6862545 3.194129 50.557968
-5.7215166 7.6908188 3.0570531 9.2046871
-5.6269464 7.7196817 3.0781775 34.254185
-5.2653189 7.721118 3.1062565 35.028797
-5.0748925 7.7677979 3.0759177 32.871094
2.6513391 7.7872133 3.1353657 33.84404
2.877337 7.7829065 3.0663514 18.391376
6.2389636 7.7868485 3.2448263 32.75
6.5077481 7.7451859 3.1467643 7.6624079
-13.17185 7.8686342 3.2537367 54.695236
-5.2469769 7.8434377 3.2638271 33.5
-5.0773792 7.9031549 3.1408627 31.806393
2.3823497 8.0146332 3.126421 10.161091
2.4646502 7.9151697 3.118144 28.037148
2.9694691 7.8155088 3.1171055 11.423285
3.012264 7.8665624 3.1103764 7.5073085
5.9891758 8.076458 3.0605965 24.979168
6.0950394 7.8967843 3.1991274 37.876015
6.5791807 7.8168187 3.0521612 1
-15.714717 8.3879519 3.2403457 6
-13.225483 8.3039045 3.2347286 36.753044
-13.160608 8.2601175 3.1964445 41.997993
-12.752626 8.3876286 3.1695914 7.1289062
-12.557968 8.386797 3.0382633 5
-12.059636 8.3807812 3.1530318 6.4545898
-11.909349 8.38937 3.2079086 6.2538643
-11.5304 8.3822651 3.0795989 5.4976196
-11.290382 8.3789997 3.1372805 7.7151084
-10.963004 8.3930779 3.2328174 6.9109893
-10.69433 8.3882885 3.2773554 7.4358726
-10.449678 8.3782434 3.2926526 8
-5.0756741 8.1979961 3.1539879 24.89171
5.9818888 8.1627274 3.1003056 7.379427
6.0161428 8.1490803 3.2194595 18.538559
-15.913458 8.5394821 3.2219658 9.3125
-15.804993 8.4752684 3.2160172 4.5179033
-15.564846 8.4533672 3.2349684 4
-13.290413 8.4181728 3.245357 15.75
-13.006247 8.4316406 3.1367564 11.695719
-12.867378 8.4537239 3.2301741 10.581051
-12.518491 8.4474487 3.2142267 5.5
-12.175413 8.4038 3.2169352 6.125
-11.818764 8.4040442 3.2471881 6.3361006
-11.491998 8.4055662 3.1554811 5.5
-11.354993 8.4043093 3.1466584 6.5819769
-10.919634 8.4328976 3.040091 6.9892693
-10.69001 8.6260014 3.0852869 4.1365833
-10.339758 8.6307907 3.2397721 4.1622267
-5.0837269 8.4011602 3.0396485 1
-10.820764 8.7115946 3.0032387 2
-10.705143 8.7076912 3.0565109 2.0625
-10.328011 8.7311592 3.2456143 1.25
-10.190115 8.74893 3.293695 1
-12.131153 9.5201521 3.0177655 57.43457
-11.839542 9.4782715 3.1656575 54.010117
-11.639381 9.4641495 3.2653527 46.8125
-12.079096 9.7720642 3.0376153 56.336403
-11.802923 9.7498074 3.1660647 52.277412
-11.637329 9.7656879 3.2475891 56.67366
-12.091461 10.017021 3.0377755 61.682983
-11.813098 10.070795 3.1747801 56.037758
-11.617516 10.047636 3.2518208 59.710938
-12.070598 10.40801 3.0170202 60.059448
-11.812767 10.312302 3.1573071 57.626839
-11.629594 10.263846 3.2448928 57.050255
-12.023728 10.507289 3.0182924 63
-11.831249 10.56172 3.0775194 63.432659
-11.599667 10.579293 3.1469765 61.100674
-11.22136 10.582257 3.1904612 55.364548
-10.878867 10.607943 3.193814 48.735443
-10.683043 10.629671 3.1587796 41.044571
-10.39712 10.742476 3.2159362 23.874405
-10.538719 10.860456 3.0736136 1.5
-10.4383 10.873429 3.1329765 6.375
-13.92646 13.176758 3.0413542 5
-13.581143 13.183722 3.143712 6.296875
-13.403786 13.168818 3.1604714 8.0352383
-12.937711 13.181641 3.1179552 6.875
-12.786767 13.157711 3.1357794 6.5095649
-12.499973 13.157831 3.1681442 7.765625
-12.236208 13.172525 3.0544224 7.921875
-14.116065 13.315514 3.0881758 4
-14.018063 13.212898 3.0628104 4.5
-13.55788 13.238769 3.2903032 3
-13.342802 13.366117 3.2081769 18.168568
-13.134836 13.237217 3.1599956 17.6875
-12.737452 13.268807 3.0733943 5.0930991
-12.542048 13.228732 3.0904429 6.5601807
-12.164158 13.277264 3.0282741 3.375
-13.293428 13.67981 3.035265 30.70199
-5.7437053 13.709297 3.1775963 11.401554
-5.5844717 13.693958 3.1446509 42.250053
-5.2924066 13.723744 3.0967538 41.316761
-13.23428 13.828865 3.1751242 39.28125
-13.187155 14.093057 3.1160915 29
-5.1346617 14.010338 3.1131964 27.5
-5.0648413 13.978494 3.1544399 16.237732
-13.218266 14.241711 3.0896635 15.621094
-13.185076 14.230596 3.1007409 16
-5.0409184 14.318738 3.1765308 4.6973524
-5.0395269 14.424946 3.1034279 1.5
-14.19619 15.572717 3.1954112 18.75
-13.959183 15.568031 3.164537 24.25
-13.730213 15.570764 3.0762477 28.011719
-13.329039 15.571757 3.1734886 31.201836
-12.957255 15.507612 3.2402935 46.54414
-12.874308 15.528945 3.1235785 59.9375
-5.4199929 15.576069 3.2229159 64
-5.2376242 15.595587 3.0353003 67.308807
-4.999733 15.580946 3.0989423 69.5
-1.8448566 15.594482 3.1319091 59.635551
-1.7642735 15.59675 3.1546652 59.3125
-1.32195 15.598879 3.0135174 57.945312
-0.90493309 15.599404 3.2992723 65
-0.8020457 15.595842 3.131217 59.395832
-0.34103155 15.598181 3.1253295 58.5
-0.29369003 15.595956 3.180439 55
0.25535703 15.597138 3.0729644 63
-16.887194 15.775764 3.2947783 21
-16.787264 15.760208 3.2937829 23
-16.184177 15.810864 3.280561 14
-14.204624 15.644887 3.2597425 18
-13.973509 15.61495 3.1524792 21.5
-13.738206 15.605554 3.0263829 33
-13.370214 15.605086 3.2046871 29.666666
-13.159488 15.606555 3.0047734 18
-12.797363 15.650271 3.1804714 22.153597
-12.422245 15.76041 3.2058444 44.952171
-12.202993 15.750269 3.2241111 51.515408
-11.985823 15.76272 3.1941197 49.253906
-9.4059782 15.748013 3.0451045 2.375
-8.5779305 15.729414 3.0210228 2
-8.1983585 15.766134 3.0840883 16.19479
-7.8729954 15.770643 3.2150183 71.063087
-7.7372932 15.77297 3.0888791 51.941734
-7.3419504 15.80308 3.2414236 53.2967
-6.9557266 15.797098 3.2147431 48.591225
-6.8215528 15.816117 3.1998215 46.02702
-5.2077866 15.617411 3.1163414 64.992188
-4.8166871 15.62686 3.065783 46.277866
-4.7782469 15.689625 3.0888448 37.870186
-4.2774577 15.84391 3.0504065 5.0893807
-3.9543986 15.847851 3.0536287 3
-3.7617252 15.8558 3.0825753 5.3144631
-3.3643436 15.840759 3.0433369 4.2009735
-3.2839875 15.850866 3.0283964 5.0558596
-2.8098395 15.852274 3.0320134 3.341681
-2.4343235 15.863829 3.0435171 5.708333
-2.2797399 15.767648 3.0450547 12.289124
-1.8418479 15.607167 3.0775218 53.223835
-1.7857497 15.604738 3.1047893 58.489258
-1.3324575 15.608406 3.0679533 59.315109
-0.92826235 15.606234 3.1236253 60.5625
-0.84674382 15.60948 3.1132433 58.311954
-0.35629722 15.611948 3.1417711 58.245289
-0.28613377 15.610903 3.1457908 60.277245
0.1623181 15.609926 3.1403565 58.37196
0.56385982 15.617594 3.1799669 53.243263
0.66411108 15.684592 3.1400046 44.784416
2.2236543 15.873268 3.2119799 29.687452
2.6222825 15.659472 3.1561575 34.450554
2.7183299 15.667754 3.0689716 36.581463
6.273366 15.666203 3.1758733 31.741169
6.3649025 15.676908 3.1721907 25.668362
6.6413569 15.789415 3.170903 2
-4.6415057 16.003157 3.1749969 7.5
-4.3571177 15.970091 3.2375834 15.024709
-4.0888457 15.977354 3.2095962 10.5
-3.7760301 15.96417 3.2428315 13.069153
-3.3371675 15.935297 3.1562173 7.140625
-3.2738855 15.94826 3.163929 8.7506514
-2.8308239 15.965367 3.1498439 11.704005
-2.4467034 15.948 3.1590614 9.1875
-2.3262534 15.95541 3.2032108 9.239584
0.84174383 16.069401 3.1133943 9.1875
1.1229732 16.016558 3.2403769 58.35051
1.2460322 16.120281 3.1671309 18.572887
1.6543407 15.991295 3.2518635 53.018242
2.0129831 16.092709 3.1632113 18.941162
2.2181387 15.931801 3.1955876 43.024216
2.9829881 15.925148 3.2225308 54.685219
3.1299331 15.999817 3.1782453 24.555662
1.1573454 16.419418 3.1744857 6.7661133
1.2527037 16.328331 3.1541219 7.3600259
1.6484439 16.270256 3.1598754 9.1751041
1.9584916 16.397778 3.1177154 5.375
2.2401304 16.442453 3.1625795 5.4589844
1.102736 16.553932 3.117053 3.3411458
1.3859577 16.605867 3.1002884 2.1381836
1.6830602 16.575985 3.0957193 2.3525391
1.9358791 16.595524 3.1205921 3.7089844
2.263273 16.618223 3.1423101 5.7865801
2.0574193 16.915672 3.1638598 6.125
2.1534548 16.943419 3.1427224 6.0074868
2.4573274 17.063847 3.1375008 3.5
1.0669576 17.346054 3.2654414 2.625
1.2654277 17.320717 3.2599916 3.25
1.6805596 17.364601 3.2631662 3.5
1.9451284 17.251314 3.210845 3.875
2.2288408 17.216587 3.1539741 5.1438088
2.4517455 17.356421 3.136518 4.5
1.0913305 17.513542 3.2576733 2.7150879
1.2619283 17.559053 3.2437143 3.0144043
1.6621394 17.595253 3.2536128 3.3561196
2.0454268 17.520355 3.1394587 4.96875
2.2207205 17.585215 3.1561341 5.9153647
2.4901669 17.573593 3.1478648 3.53125
1.0813532 17.864567 3.2523313 2.3398438
1.2724245 17.898533 3.227561 2.9414062
1.6422729 17.78352 3.2458918 3.3919806
2.0416806 17.820114 3.1958373 4.6328125
2.1994472 17.741007 3.1458535 5.3404713
2.531899 17.87965 3.136308 3.625
1.0648532 18.080711 3.2306359 3
1.3970808 18.101564 3.2258298 3.125
1.7246825 18.189659 3.2076116 3.0160317
1.9381008 18.131493 3.1959891 3.828125
2.1995935 18.158104 3.1482334 4.2973633
2.519815 18.224863 3.1051655 3.3867188
1.1160234 18.495729 3.239351 3.25
1.2884593 18.397224 3.2353492 3.0039062
1.567836 18.476921 3.2314615 3.3718262
1.8539356 18.452061 3.2463088 3.328125
2.1652751 18.355701 3.1440177 3.484375
2.4818585 18.428303 3.1270909 3.125
1.1312673 18.819984 3.2436538 2.625
1.3869494 18.718014 3.2585926 2.5
1.6309233 18.732502 3.2460401 2.71875
1.8997738 18.79768 3.218502 2.609375
1.3408494 18.904898 3.2170258 2
2.2643027 19.124805 3.1425061 3.4375
2.42764 19.14603 3.1425614 3.375
2.0662556 19.375793 3.1414762 4
2.1658847 19.326443 3.1194944 4.5947266
2.5788131 19.325253 3.1098752 4.1015625
1.3264828 19.716476 3.2200067 3
1.6383319 19.694902 3.2329614 3.5
2.0014086 19.677635 3.1878843 3.96875
2.1772919 19.636122 3.1229286 4.765625
2.4977317 19.609318 3.11901 4.0998535
1.09552 19.885836 3.1970735 3
1.3601987 19.92704 3.2510352 3.5
1.7412701 20.020967 3.1931024 3.9023438
1.8873525 19.992451 3.1931953 3.75
2.236104 19.916489 3.0778065 3.859375
2.5722895 20.007092 3.0981922 5.5625
2.7073917 20.003523 3.1668668 5
1.1704865 20.368835 3.1901588 3.5
1.3301046 20.321781 3.2427282 3.625
1.6022637 20.30508 3.2319927 3.875
1.9927602 20.198082 3.1355774 4.1542969
2.2400217 20.279018 3.1115541 5.8066406
2.584198 20.205275 3.0865619 3.9921875
2.8496835 20.200293 3.2888236 4
1.6558096 20.617666 3.2168119 3.5
2.0051208 20.463009 3.1305013 4.4779053
2.2196846 20.623302 3.1058733 4.25
2.5940561 20.582867 3.121479 4.5273438
2.7947509 20.552628 3.2170525 4
1.3571463 20.702644 3.2433217 3
1.7880514 20.900782 3.2278023 4
1.9065405 20.872417 3.1985064 4.5
2.2098475 20.900156 3.0692334 4.8125
2.5825896 20.89085 3.1129761 4
2.905549 20.997709 3.2435379 4
1.7397867 21.126068 3.2069759 3
2.0172534 21.166161 3.1626298 4.875
2.2179024 21.206953 3.0941522 5.40625
2.5739996 21.125021 3.1012611 4.625
2.8409011 21.111588 3.2284851 3
1.3717073 21.547911 3.2264512 3.5
1.6293851 21.383804 3.2105482 3
1.9455614 21.522552 3.185411 4
2.2762446 21.515549 3.1189935 5.25
2.6482208 21.374599 3.1100869 4
2.926425 21.30657 3.2578371 5
1.7005153 21.714487 3.1746707 3.625
1.995998 21.738371 3.1604853 4.265625
2.2176738 21.697987 3.0655262 4.8125
2.4776726 21.889423 3.0991094 5
2.8471165 21.807295 3.2351904 3
1.282699 22.143688 3.2116561 4
1.625632 22.145702 3.1955965 4
1.8912797 22.09796 3.1874623 4.25
2.2186518 22.173038 3.0750456 12.96875
2.4543941 21.92708 3.1013935 7
1.4432874 22.432114 3.1883872 3.5
1.6531765 22.40518 3.1730819 3
1.8893018 22.289125 3.2086849 4.75
2.3046875 22.293987 3.0878329 10.204102
2.4884655 22.256229 3.034831 25.082926
2.9346395 22.262501 3.1073871 8.3561211
3.0437207 22.279406 3.0819335 4.0411377
5.9670548 22.464878 3.1754847 7.875
6.1223078 22.361115 3.1429615 16.033379
6.3217382 22.233332 3.0559702 14
1.3990335 22.503679 3.2439485 5
1.5286798 22.628811 3.2371521 4
2.0409317 22.526339 3.1357064 6
2.1445448 22.77562 3.1229005 8
5.9221945 22.540871 3.181109 4.6572266
1.4445266 23.07131 3.290236 7
1.7653267 22.931503 3.2431734 6
2.2753313 23.017727 3.0927629 12
1.4209757 23.151707 3.1084511 43.122395
1.6607542 23.155575 3.0349798 40.396484
1.9438744 23.157825 3.100867 24.549026
2.1819973 23.144705 3.0551472 26.273438
6.325685 24.15564 3.088881 3
6.2940764 24.301182 3.2318385 6
6.3782482 24.416908 3.1162515 7
6.2851114 24.672564 3.1967463 10
6.3984308 24.679863 3.1090026 5.875
6.3338728 25.096272 3.1504545 7.46875
6.2345533 25.21744 3.2892759 6
6.3472509 25.348206 3.0888567 9
6.2709365 25.668209 3.1012812 3
6.2641392 26.067089 3.1257646 6
6.3924108 26.081436 3.0509317 6
6.3409247 26.168974 3.2379439 8
6.2986808 26.756285 3.2800658 10
6.3242135 26.931593 3.0849493 7
-4.2200904 -30.557114 3.3024962 23.333334
-4.1939206 -30.558432 3.3513207 23
-3.4518976 -30.554817 3.3630762 19
-2.731657 -30.573227 3.3818946 17
-1.3977022 -30.554829 3.5100689 19.5
-0.80286252 -30.544174 3.5317793 21.5
-0.58098698 -30.549868 3.5518985 25.5
0.10657798 -30.550898 3.5266964 20
-5.5517468 -30.046068 3.3277121 7
-4.8314228 -30.037174 3.3106639 17
6.0686045 -23.829367 3.4400697 8.6783857
6.5314856 -23.491039 3.4285951 15.5
6.4356151 -22.88526 3.4367554 7.65625
6.4381971 -22.727221 3.475234 6.5
6.4712315 -22.298733 3.4941788 9.4581699
6.4545212 -21.913456 3.4273348 9
-7.8192911 -17.166553 3.452219 4
-7.6803718 -17.167416 3.4252877 2.875
-7.3254657 -17.157242 3.4427686 4
-7.9084702 -17.016973 3.5337501 5.8125
-7.6379843 -17.048971 3.4704981 9.71875
-7.3994975 -16.953945 3.5235322 12.414062
-5.7319746 -17.00124 3.42417 7.4995117
-5.6033902 -17.0245 3.479779 16.401644
-5.3343024 -17.021318 3.4467504 36.835148
-4.952508 -16.916054 3.5314498 48.304543
-4.7051144 -17.037271 3.5855231 79.416672
-4.2845764 -17.02673 3.5314827 69.322594
-4.0187654 -17.030184 3.3202364 91
-3.7627959 -17.008581 3.4311252 92.894531
-3.433392 -16.944927 3.5010872 78.03125
-3.272995 -16.972235 3.47684 83.835938
-2.8642535 -17.007679 3.4076345 97.610374
-2.455009 -16.979477 3.4239924 84.416664
-2.3567395 -16.969566 3.4485984 86.580849
-1.9533253 -16.991714 3.4078021 92.590027
-1.6402216 -17.022583 3.5244336 19.868055
-1.3471901 -16.998432 3.5346787 63.927082
-0.99670517 -16.935648 3.3915405 73.763016
-0.72370082 -16.968666 3.3702729 81.028763
-0.33604741 -16.983696 3.4144175 90.227463
-0.18479168 -16.934601 3.4593077 76.132858
0.14145595 -16.973999 3.419358 94.022186
0.55079597 -16.968002 3.4412029 87.578125
0.76671374 -16.935831 3.4393501 75.558502
1.1634861 -16.985062 3.4556029 98.433044
1.2550838 -16.994999 3.4491847 106.63696
1.7025197 -17.006535 3.4662056 78.854111
2.0607128 -17.008572 3.4263477 76.849937
2.2016301 -17.00985 3.4527638 76.722862
2.5816855 -16.941206 3.48682 61.509132
2.796418 -16.90163 3.4215107 42.666771
-7.8279605 -16.648506 3.5215116 4
-7.7369637 -16.668436 3.5292373 7.4375
-7.3445339 -16.732376 3.4969254 10.339844
-7.1229939 -16.569477 3.4659619 11
-5.7827015 -16.754036 3.5451474 9
-5.5867119 -16.636024 3.5397522 6.5
-5.3187795 -16.647795 3.5391564 5.846354
-4.9544725 -16.537161 3.583493 32
2.5890543 -16.673571 3.4753518 33.25
2.759485 -16.741554 3.4535754 41.3125
-7.5199709 -16.297554 3.5385001 10
-7.3726501 -16.328079 3.5178435 11.875
-7.1301637 -16.389555 3.5215044 12.75
-5.4954472 -16.366356 3.5434232 5.2734375
-5.2585058 -16.318634 3.5409446 5.8125
-4.9788833 -16.272591 3.538712 28.0625
2.634052 -16.271576 3.4632607 17.823242
2.7460732 -16.341812 3.4447761 24
-7.5544729 -16.168663 3.5602953 7
-7.2973852 -16.067924 3.5262108 12.991146
-6.9995813 -15.984644 3.5145464 13.375
-6.8556018 -16.073509 3.5085766 9
-5.3197737 -16.063612 3.5311327 5.75
-4.9692168 -16.105644 3.4504485 8
2.5188665 -16.10379 3.4797561 17.860392
-7.4151826 -15.820587 3.5719104 4.75
-7.1197634 -15.732027 3.5241461 18.484375
-6.7897282 -15.669823 3.5035958 10
-5.4150867 -15.730456 3.5013723 4.125
-5.2837105 -15.694828 3.5011482 5.9414062
-4.9931555 -15.673231 3.5544758 15.90625
2.5464675 -15.736126 3.4652939 24.440557
6.4424477 -15.625823 3.3362248 11
-7.2232032 -15.484051 3.5101712 10
-7.0304413 -15.409132 3.5442882 11.28125
-6.8174019 -15.451235 3.5000491 11.640625
-6.5973368 -15.517509 3.4674778 8
-5.2449284 -15.487137 3.4944615 3.5
-4.9511528 -15.417964 3.5082278 27.03125
2.5774593 -15.398012 3.4395678 28.530151
6.4677482 -15.485806 3.3970587 11.533132
-7.1726532 -15.257871 3.5575943 4
-6.7872663 -15.249187 3.5341754 11.428385
-6.5123487 -15.107611 3.5167642 17
-4.995019 -15.117071 3.4997354 16.1875
2.5012038 -15.092482 3.5251913 22.324799
6.4681072 -15.174751 3.4577932 10.27276
-6.8157225 -14.793392 3.5496678 5.0533853
-6.4194326 -14.91 3.5107932 16.320312
-6.2651472 -14.781487 3.4787281 10
-4.9650521 -14.937509 3.5294013 33
2.5057263 -14.761827 3.4759712 24.711182
6.4648819 -14.908676 3.3865476 10.34375
-6.6739836 -14.49579 3.5131919 10.90625
-6.4942827 -14.573026 3.5200114 13.015625
-6.2774811 -14.439747 3.4930503 16.875
-4.9604368 -14.491681 3.4180236 13.666667
2.5165129 -14.601318 3.499357 18.246094
-6.6458139 -14.362243 3.5492551 12
-6.463201 -14.253084 3.5150611 15.699219
-6.2568293 -14.312564 3.5030587 16.671875
-4.9689436 -14.267563 3.4278464 15.5
2.4945397 -14.23448 3.4891582 26.871094
-6.4073029 -13.853775 3.5380468 21
-6.0547972 -13.916937 3.5130439 26.894531
-4.9524269 -13.963486 3.4284191 18.015625
2.4847651 -14.02067 3.524775 25.5
6.0520554 -13.948039 3.502105 2
-6.3903904 -13.758253 3.5612555 24
-6.2280455 -13.766718 3.5757325 17.291666
-5.8329296 -13.706349 3.5678067 20.486979
-5.6197481 -13.5196 3.495558 36
-4.9893484 -13.567647 3.4474895 29.770126
2.5341232 -13.565913 3.3563352 32.892494
3.0963159 -13.52543 3.4122376 6.0719399
6.1381736 -13.60622 3.5036969 23.513069
-5.7019191 -13.406733 3.3144934 3
-5.5386381 -13.459272 3.4575152 42.588814
-5.34095 -13.438215 3.5339148 45.263397
-5.0417891 -13.440748 3.515394 43.75
2.6177678 -13.444471 3.4340329 44.425011
2.8740005 -13.44099 3.439374 37.496544
3.0339813 -13.482278 3.4286866 16.978516
6.2158022 -13.487021 3.4365022 37.765625
6.3791466 -13.411186 3.5227675 31.231562
6.4644985 -13.10357 3.5315733 12.779064
6.4611096 -12.729869 3.4945393 12.983317
6.4629331 -12.435431 3.4924181 11.736572
6.4718709 -12.282768 3.5724609 17
-4.9476643 -8.1084728 3.555433 1
-5.0034389 -7.8870506 3.458102 4.123723
-7.8731432 -7.5696511 3.4973562 24.019701
-5.7107 -7.5069666 3.3273938 1
-5.353724 -7.66853 3.501632 10
-5.0374346 -7.7670827 3.541666 8.958334
2.3946965 -7.7781091 3.4369206 1.25
2.5698316 -7.5485678 3.4200745 32.521828
2.9909604 -7.5014391 3.3325703 24
3.0528164 -7.5307722 3.493212 7.3966761
-7.8743649 -7.2146044 3.5365052 27.373611
-5.478672 -7.465951 3.3450034 16.216637
-5.3181772 -7.46175 3.4798431 27.784401
2.6289108 -7.4769382 3.5254178 32.180748
2.8262339 -7.4477119 3.3867908 36.078014
3.0198069 -7.4889803 3.4791155 12.901042
-7.879158 -7.178062 3.5245187 26.786518
-7.8819304 -6.6979141 3.452857 26.598934
-7.8908234 -6.3214111 3.4607081 29.375
-7.9011827 -6.0249639 3.3633547 25.744688
-7.9141006 -5.7677011 3.3870158 28.499691
-7.9007826 -5.6263247 3.5078208 28.00905
-10.232731 -5.1062155 3.5085471 1.8712566
-10.033731 -5.1319323 3.4119389 4.9131465
-9.8016405 -5.1282811 3.3843484 5.0661821
-9.3919888 -5.1337199 3.4863815 5.180017
-9.2387829 -5.1301455 3.4953008 5.0248532
-8.8436356 -5.1245642 3.5001955 4.9629564
-8.451663 -5.1198072 3.5048156 5.6415319
-8.3120928 -5.1151991 3.5266643 6.1277723
-7.90872 -5.2351294 3.527782 25.31831
-10.236029 -5.0919714 3.313694 1.53125
-10.17304 -5.095993 3.5291083 2.5
-8.2685547 -5.0972219 3.4695201 6.4499998
-2.4772243 -3.6590641 3.3165231 0
-2.1999764 -3.6413369 3.3063374 9.734375
-1.7113025 -3.6459064 3.3054693 15.221875
-1.1225865 -3.6801412 3.306716 9.9228516
-0.84823745 -3.7002289 3.3099759 7.25
-29.100929 -1.9703827 3.3802216 24
-29.083664 -2.0078678 3.3438995 8
-5.0287666 -0.084456354 3.5400209 28.495508
2.7767072 -0.16119364 3.5885582 18.5
-5.0278592 0.23777968 3.5414455 34.284683
-5.1878748 0.55588651 3.5662177 33.671013
2.6503191 0.46081692 3.5576694 11.875
2.7111521 0.46658441 3.5582738 14
-5.2271948 0.60663247 3.4233656 5.479167
-5.6014462 7.2404609 3.5856192 34.5
-5.2681122 7.3460302 3.5616455 29
-13.636311 7.6407528 3.4262333 10.21875
-13.17729 7.7031231 3.4668815 62.485474
-5.717844 7.7141228 3.4388602 18.760357
-5.6469531 7.716403 3.447288 27.858191
-5.2805042 7.7308178 3.4053361 34.81662
-5.0843105 7.7826433 3.5030227 32.105751
2.6483166 7.7884955 3.3593287 32.729538
2.9068453 7.7941351 3.3933759 21.958595
6.4920468 7.7721758 3.4473152 14.962584
-13.175728 7.8551216 3.369276 57.640999
-5.0776086 7.9893465 3.4340487 28.638016
2.3811369 8.0263119 3.3773696 9.2035847
2.5274804 7.8747692 3.4755933 32.468597
2.9572258 7.8288794 3.3672051 19.238281
3.0516121 7.8893843 3.3778305 0.73177087
5.9752598 8.086834 3.3620276 17.604168
6.0968261 7.9217205 3.3798509 36.275948
6.5731549 7.8013229 3.5451016 1
6.6110973 7.8327508 3.5825164 1
-13.2336 8.325304 3.3561332 32.515625
-13.166807 8.307826 3.3488221 43.692703
-12.12781 8.3745661 3.3214283 5.921875
-11.893443 8.3811207 3.3602836 6.1662712
-11.480837 8.3911171 3.3594341 5.9342661
-11.241795 8.3843098 3.464371 7.2253709
-10.94691 8.3914804 3.4563849 6.6249919
-10.711024 8.3925781 3.3747544 6.9392977
-10.413961 8.3940382 3.4230917 6.5273814
-10.104507 8.3884525 3.4736485 5.7421875
-5.0536704 8.2410545 3.4293749 18.867235
2.3833776 8.1106977 3.3851993 1
5.9789057 8.1880865 3.4484503 7.8125
6.0483208 8.2161617 3.3498542 7.5703735
-15.92469 8.5574932 3.4536929 8.3447266
-15.84113 8.5278416 3.484045 7.4096069
-15.535656 8.485549 3.4951134 2
-13.057948 8.4554615 3.4460669 34.570396
-12.780865 8.4728832 3.3937879 8.7405472
-12.479921 8.4299145 3.3800683 8.147645
-12.145365 8.4342117 3.470089 8.3599453
-11.90863 8.4080944 3.3349347 6.5269208
-11.509241 8.4115486 3.4181569 6.447917
-11.283645 8.4046974 3.3498955 7.140625
-10.921589 8.4042416 3.3688133 6.7804036
-10.713198 8.413723 3.4422095 7.1843748
-10.384607 8.4449272 3.4017775 6.5858564
-10.002673 8.5606461 3.4589539 4.7475924
-9.7677784 8.6168327 3.5239182 4.7870874
-9.5954733 8.6612844 3.5824978 2
-5.0747051 8.4481602 3.4467885 1
-9.982645 8.7240534 3.4105437 1.5
-9.7771549 8.7254686 3.5195835 1.25
-11.525679 9.4758015 3.3169155 54.799561
-11.251905 9.4512768 3.4514065 50.499809
-10.982746 9.4824886 3.5628912 51.912437
-11.455416 9.7578201 3.3335199 55.433884
-11.262815 9.7738323 3.4339838 51.689602
-11.033243 9.7264719 3.5368338 54.365993
-11.467791 9.9273014 3.334317 54.333336
-11.208387 10.085353 3.464438 56.5
-11.005352 10.027183 3.5540159 53.553711
-11.448416 10.342188 3.3293028 54.092438
-11.234305 10.364052 3.439997 55.419094
-11.020899 10.406033 3.5441432 56.163414
-11.149307 10.578129 3.3958611 63.057045
-10.869062 10.569411 3.3441601 57.203415
-10.68083 10.580832 3.3942914 54.460114
-10.260365 10.644778 3.3648086 37.16095
-10.032413 10.687086 3.4099345 25.236767
-9.7800303 10.697464 3.5141177 23.222397
-9.5909786 10.744435 3.5889511 18.25
-10.029966 10.847133 3.3385673 3.0856934
-9.8721123 10.862222 3.4090598 3
-9.5233459 10.876909 3.586164 5
-13.624467 13.199471 3.3030486 4
-13.297212 13.191759 3.4001787 14.5
-13.016323 13.180941 3.4170494 8.6074219
-12.831366 13.153694 3.3686244 7.3125
-12.599305 13.176791 3.3123245 2
-13.573446 13.242626 3.3329189 3.5
-13.296713 13.374903 3.4453039 18.122395
-13.048359 13.225765 3.3871863 12.625
-12.899155 13.27227 3.3019991 12.333333
-13.871467 13.628575 3.3663502 9
-13.268942 13.70364 3.516046 34.953594
-5.7286634 13.709573 3.4510865 15.387549
-5.6799755 13.692395 3.383461 27.412457
-5.3333201 13.707405 3.4259374 44.061928
-5.0663352 13.767385 3.4663417 31.5
-13.279789 13.899776 3.4551883 29.127605
-5.2220492 13.826178 3.4674501 32.612499
-5.0756545 13.91833 3.4996343 23.714447
-13.207108 14.14546 3.4253592 25.133545
-13.172972 14.264772 3.5359759 13.158862
-5.0712299 14.261492 3.3630986 8.0360756
-0.20083864 14.446165 3.4841721 1
-14.142696 15.580694 3.4883409 25.5
-13.877344 15.581766 3.5438008 36.976601
-13.644814 15.573412 3.334321 36.744865
-13.346992 15.590567 3.4621933 33.369682
-13.011461 15.495917 3.4542179 38.137291
-12.845594 15.569376 3.4551432 40.078125
-5.4150162 15.584848 3.3913376 56.375
-5.2631512 15.590599 3.4151318 67.782158
-4.8861256 15.593782 3.4417474 57.9375
-1.8320057 15.598757 3.4855928 63.386818
-1.3185074 15.598417 3.5330768 62.424999
2.6696124 15.584867 3.546978 72.25
2.7120855 15.594331 3.4717512 114.5
-16.874374 15.73135 3.3352838 13.5
-16.70689 15.78727 3.4060004 17.75
-16.18261 15.85649 3.3534145 14
-14.237299 15.642244 3.3125243 10
-13.826929 15.606995 3.462903 30
-13.78334 15.608414 3.5157351 29.5
-13.393925 15.600439 3.3003051 34
-12.730225 15.721831 3.4681916 19.842861
-12.371453 15.774872 3.4643621 34.602356
-12.157156 15.756912 3.4571028 33.642418
-11.858465 15.799659 3.5204659 17.461538
-9.4334469 15.774352 3.489234 4.78125
-9.2171211 15.778494 3.5170689 3.4583335
-8.8251972 15.756092 3.5082512 3.296875
-8.643465 15.768723 3.5590291 3.5
-8.29848 15.773317 3.4082403 10.618385
-7.8637261 15.770629 3.4320316 55.924881
-7.7563462 15.78733 3.4803929 42.001034
-7.3947296 15.791656 3.4446855 38.201813
-6.9797063 15.798046 3.4728956 33.871258
-6.8792667 15.812803 3.519515 20.004524
-5.2759056 15.607584 3.4198108 62.380928
-4.8485603 15.647711 3.4646192 46.095558
-4.7775698 15.694965 3.3895478 35.890266
-4.3388405 15.828875 3.4624438 6.668788
-3.9239624 15.774649 3.5068283 4.328125
-3.8305631 15.833876 3.4256659 6.7123623
-3.3323154 15.81039 3.4977973 5.069232
-3.2538476 15.813303 3.4689586 6.2336521
-2.8132463 15.84552 3.4672728 5.8301535
-2.4104834 15.794317 3.432857 8.453125
-2.3545837 15.825968 3.4429698 9.2678185
-1.866991 15.610292 3.4901652 53.247414
-1.7847936 15.608566 3.5315878 58.666668
-1.3438632 15.615009 3.4508805 58.376076
-0.91076183 15.631509 3.4799204 63
-0.81965017 15.617032 3.4936254 60.669342
-0.37398359 15.615064 3.4422207 62.340866
-0.28471524 15.61838 3.4891133 60.461555
0.15696234 15.613716 3.486515 60.005451
0.55576867 15.618837 3.5103288 56.838371
0.65113097 15.641397 3.5247207 39.004646
1.166965 15.810108 3.3804269 16.31749
1.3125343 15.794005 3.3886609 9.1669102
1.6966857 15.813578 3.4043717 10.788312
2.0558844 15.822298 3.4030728 6.125
2.3017626 15.776975 3.488461 7.3941145
2.6354716 15.655201 3.5076809 43.348083
2.7447364 15.715542 3.4151897 44.631348
3.1373949 15.865148 3.5851269 47.625
6.2543716 15.669041 3.4274602 33.88364
6.4978294 15.703136 3.4529991 13.659842
6.6598125 15.766317 3.4196947 1
-8.8430738 16.18292 3.5445974 4
-8.5824089 16.088266 3.5266013 9
-4.3148127 15.924153 3.3935354 8.8953123
-3.8538327 15.917624 3.3560865 9.333334
-3.3388107 15.908218 3.3410773 8.59375
-3.2780459 15.917441 3.3349128 7.6666665
-2.7888432 15.969215 3.341845 9.604167
-2.4051788 16.015772 3.3134971 8
-2.3773704 15.950643 3.3153198 9
1.160327 15.95112 3.3194723 42.318199
1.2475636 15.943285 3.3336582 33.895836
1.6681944 15.932919 3.3573737 29.453613
2.1964631 15.950864 3.3682857 26.8125
2.9718637 15.919913 3.4620304 47.125
3.1978245 16.055988 3.4806194 18.707745
3.3048327 16.097235 3.4508216 2
-9.9046011 16.417171 3.5561635 4
-9.6550951 16.351156 3.5780931 12.21875
-9.4523983 16.380644 3.5830042 16.208334
-9.1623344 16.449617 3.560792 32.84375
-8.8425198 16.33012 3.5604248 16.796875
-8.6759691 16.256666 3.5793085 7.25
3.2571001 16.273451 3.586154 31.625
-9.9951715 16.524384 3.5624309 5.5
-9.820467 16.691181 3.5928674 13.21875
-9.3729477 16.76506 3.5831213 14.869791
-9.0716419 16.627514 3.5715454 19.619791
-8.9157772 16.729847 3.5587196 13.0625
-10.270357 17.013332 3.5593493 6
-10.023747 16.968288 3.5670421 14.510416
-9.7579775 16.909805 3.5787356 16.251301
-9.364151 16.889282 3.5772219 12.699921
-9.1399517 16.958794 3.5673184 9.8515625
-8.9440269 16.856976 3.5595939 7
-10.332882 17.242167 3.5536113 4.833333
-10.022524 17.239723 3.5735078 14.166667
-9.7955446 17.173561 3.5666046 12.375
-9.458952 17.16729 3.5152149 6.0065103
-9.1547031 17.146566 3.5389843 5.3125
-10.277472 17.577324 3.5875115 18.734375
-10.174854 17.475161 3.5872107 15.5
-9.7730551 17.519943 3.5861518 4
-10.70352 17.813824 3.5518847 7.5
-10.384045 17.814808 3.5543656 15.7
-10.031486 17.881622 3.5568793 15.25
-9.8521252 17.848661 3.5855536 5.5
-10.837715 18.245869 3.556093 13.25
-10.627789 18.216873 3.5574989 11.0625
-10.411604 18.187576 3.5728631 18.015625
-10.087914 18.243219 3.5567565 11.929688
-9.8459616 18.229103 3.5943542 4.6666665
-11.150203 18.499052 3.5459008 11
-10.979311 18.524216 3.5412769 7
-10.624102 18.50843 3.5213749 8.0625
-10.295897 18.338699 3.5588555 10.962769
-9.9801216 18.390942 3.563221 10.324219
-9.820467 18.35895 3.5487435 4.390625
-10.861631 18.635004 3.5248337 7.4375
-10.610726 18.677414 3.5244973 8.4375
-10.304725 18.665251 3.540554 9.125
-10.078346 18.604017 3.5614913 9
-11.713206 19.471544 3.5210721 5
-11.401456 19.394506 3.5461271 16
-11.310604 19.437889 3.5386322 15.9375
-10.989408 19.381954 3.5777714 7.34375
-10.756189 19.366646 3.5478663 14
-10.473396 19.414251 3.5579476 9.625
-11.506721 19.686365 3.5632472 13.125
-11.306468 19.636086 3.5571985 16.5
-10.923782 19.653473 3.5577726 15.84375
-10.66425 19.62921 3.5491714 14
-10.449217 19.551109 3.5535145 12
-11.889336 19.918388 3.5366993 6.3203125
-11.644394 19.954437 3.5362434 11.25
-11.2533 19.947474 3.5550165 15.125
-10.984134 19.892572 3.5420671 17.5
-10.640626 19.887699 3.5365272 10.25
-12.130149 20.236437 3.530642 5
-11.841984 20.134796 3.5290885 9.25
-11.547626 20.240211 3.5198011 15.25
-11.282301 20.231468 3.5377336 19.625
-10.929035 20.297443 3.5374374 15.625
-11.612791 20.616533 3.5229325 13
-11.518608 20.815575 3.5048001 13
-11.311692 20.71785 3.5296369 18
4.72085 20.820229 3.5853658 16
5.5329075 20.949602 3.5977011 18
-12.439964 21.095936 3.563242 10
-11.349945 21.164997 3.5119019 11
4.7551804 21.102402 3.5463006 5
4.9055119 21.114447 3.580807 16.25
5.1974735 21.099253 3.5893421 14.625
5.5620127 21.163874 3.566421 12
5.8340368 21.173424 3.5803421 10.5
5.0414205 21.386902 3.5893395 15
5.1940651 21.761791 3.581635 19
5.6544476 21.726566 3.5595038 15.75
5.7043314 21.629515 3.5981772 17
6.098146 21.68751 3.5796087 15
4.617774 21.962276 3.5823941 15.5
5.0436001 22.00577 3.5835311 6
5.1549454 22.195883 3.5962214 15
5.4372191 22.090391 3.5899994 14
5.783422 22.167944 3.5842278 15
5.0293245 22.361082 3.5934565 13
5.5929947 22.330236 3.579448 15
5.9719872 22.469784 3.4639013 11.530273
6.1568184 22.338333 3.5027413 15.50033
6.3163257 22.26897 3.5715864 15
4.7606564 22.647243 3.5899482 15
5.0383382 22.579594 3.5738955 13
5.6580887 22.682194 3.5865126 16
5.8335304 22.586075 3.5765588 12.6875
4.7738037 22.989908 3.5994167 17
5.250556 22.947117 3.5767753 11
5.505456 22.937973 3.5848923 15
1.665923 23.195843 3.3178496 3.5
4.9274244 23.166401 3.5976057 21
5.2020931 23.28866 3.5980268 15
4.7796602 23.409924 3.5875125 13
5.0969028 23.468229 3.5978158 13
5.2159839 23.488501 3.5484831 15
5.620512 23.563232 3.599431 14.5
5.7903981 23.404177 3.5810981 15
4.9213634 23.822586 3.5923877 7.5
5.2457914 23.894714 3.5808291 15
5.5111351 23.833033 3.5594335 15
5.8675041 23.911283 3.5598266 15
6.10146 23.89222 3.5747476 17.5
4.9566288 24.119097 3.5766501 15
5.3019238 24.187435 3.5777903 13
5.4585142 24.362881 3.5149701 10
6.277421 24.444153 3.3757246 8.5
6.3643684 24.472538 3.4466791 6.6875
5.1717463 24.757809 3.5868471 15
5.4582167 24.879641 3.4930539 11
5.8417296 24.758968 3.5579338 16
6.2435045 24.72855 3.4872549 10.875
6.3288341 24.768791 3.3874335 7.2265625
5.1827965 25.071379 3.5921776 17
5.5651741 25.03159 3.5286195 13
5.7925901 24.991379 3.5477159 12.5
6.2128077 25.038473 3.5359945 11.25
6.3367329 25.007103 3.4193523 7.90625
5.2348318 25.291725 3.5702939 12
5.4255309 25.320257 3.5873165 16
5.8739023 25.242025 3.5797098 13
6.2104692 25.241512 3.5521412 12.875
6.3491035 25.435936 3.3095958 8
5.2765093 25.571508 3.5721664 13
5.581358 25.7202 3.5906897 18
6.214468 25.666599 3.530782 10.5
6.4080954 25.704117 3.5393367 7.875
5.33392 25.949778 3.5190325 17
5.6676059 25.976572 3.5269964 9
5.7376208 25.841402 3.5887139 13
6.2840109 25.921865 3.4500072 8
6.3548307 26.04553 3.3274927 10
5.937438 26.228075 3.5409279 10.5
6.1676731 26.260336 3.5130267 11.25
6.4637241 26.194885 3.499121 9.5
5.7296529 26.676451 3.5531011 11
6.2705021 26.667429 3.5790093 18
6.3719029 26.547911 3.5404909 7
5.7678385 26.879644 3.5298789 14
6.2722116 26.946873 3.3328893 8
6.3890562 26.831116 3.5665255 6
-4.0705833 -30.549944 3.7149129 24
-3.3471282 -30.553869 3.716644 19
-2.6383579 -30.548698 3.719893 17
-1.546495 -30.532999 3.721458 16
-1.218475 -30.491888 3.7388313 24
-0.84404081 -30.54031 3.7264011 19
-0.51719445 -30.510935 3.7464912 20
-0.094999649 -30.523407 3.6858101 22
0.17376065 -30.497181 3.6869311 22
0.56345356 -30.447353 3.7353654 18
0.6643154 -30.511013 3.679991 21
1.257885 -30.361078 3.7436965 18
-5.423399 -30.067265 3.650059 12
-4.6670699 -30.045849 3.7716706 26
-4.0536408 -30.082565 3.8099923 21.5
-3.3585541 -30.080183 3.8065841 22
-2.7143137 -30.083061 3.782522 14
-2.5672019 -30.027821 3.8954787 24
-1.9521102 -30.041245 3.8375161 20.5
-1.4025517 -30.0368 3.8144102 22
-0.77385575 -30.040312 3.8109388 24.5
-0.14710817 -30.077524 3.8195515 28
0.54939717 -30.01774 3.8570485 25.5
1.2495779 -30.041553 3.8968706 21.5
1.9494748 -30.248972 3.7465034 16
-1.6382831 -27.603758 3.8737593 4
6.1192555 -23.824701 3.8124347 13.083334
6.2229338 -23.693102 3.6135449 17.5
6.36027 -23.653152 3.7880254 20.875
6.5498919 -23.287945 3.7932642 12.5
6.5034099 -22.999296 3.8741338 9.5
6.4446244 -22.684027 3.7305763 7.28125
6.4871154 -22.318432 3.7080793 9.453125
6.4750175 -21.986927 3.7446764 11.042969
6.4594078 -21.898285 3.6061749 12
-6.6790113 -19.628971 3.8693709 7.25
1.6741854 -17.100166 3.6305172 85
-4.9086523 -16.953228 3.7444253 57.594849
-4.7059755 -17.021139 3.7348266 70.881149
-4.345829 -17.026196 3.7692277 70.986115
-4.0229592 -17.033066 3.8041141 86.998703
-3.8359151 -17.010571 3.7457747 110.00334
-3.4830151 -17.004938 3.7934027 112.02225
-3.2703118 -16.986919 3.7673838 108.08008
-2.7929416 -16.990814 3.7662148 70.062943
-2.4936702 -16.994297 3.7784286 113.10938
-2.3715253 -16.999817 3.7311926 114.79611
-1.9059019 -16.994987 3.8127384 112.32883
-1.6720047 -16.987957 3.6963601 60.574379
-1.3007534 -16.990154 3.8199582 59.144897
-0.95615572 -16.995882 3.8039112 56.279297
-0.84827912 -16.990604 3.8381033 85.963135
-0.34093505 -16.987381 3.7533131 106.2437
-0.22608931 -16.982925 3.8137445 122.0297
0.16956629 -16.985441 3.8112772 115.74086
0.52697885 -16.986734 3.7961788 116.19238
0.64612103 -16.989597 3.8240161 108.93291
1.1578772 -16.987576 3.8045297 100.50816
1.2296042 -17.001789 3.7717543 100.7666
1.7400856 -17.029148 3.8457279 69.741379
2.0671091 -17.010637 3.8130605 80.740265
2.1559868 -17.00415 3.8604417 74.607147
2.4741344 -16.940025 3.8440061 57.611721
-4.9683933 -16.683947 3.7340441 32.88216
2.5269265 -16.757292 3.7639232 33.541664
-4.9636908 -16.289879 3.6884313 27.164062
2.4838424 -16.274113 3.8206096 11.945312
-4.9631448 -16.061964 3.7832947 24.227863
2.5003905 -16.126381 3.7189078 16.53125
-4.9498262 -15.698814 3.6680079 24.938507
2.5003991 -15.743557 3.8326437 14.778646
6.4557676 -15.623144 3.7274473 10.25
-4.9710741 -15.438234 3.7133598 26.84375
2.4964108 -15.451921 3.7835183 19.651327
6.4576631 -15.375909 3.8289967 10.137638
-4.9573259 -15.164093 3.7173612 33.310974
2.4922364 -15.170771 3.7672763 17.509115
6.4553881 -15.075196 3.7004194 11.678223
-4.9701986 -14.810601 3.7082498 29.441406
2.5066104 -14.9494 3.8001986 16.296631
6.4540224 -14.918089 3.7931836 12.21875
-4.9623556 -14.567377 3.7586141 33.358887
2.4986923 -14.569763 3.7801588 21.574326
-4.9647913 -14.241585 3.7351785 27.247965
2.5016389 -14.317003 3.8478131 21.740234
-6.6245561 -13.830701 3.821023 2
-6.3326941 -13.832184 3.7047768 11.5
-6.2698126 -13.800566 3.704715 22.333334
-4.9769716 -13.997511 3.7541656 23.541668
2.4800758 -13.877857 3.699873 22.570312
6.0558071 -13.890567 3.7766829 2.375
-6.3188038 -13.741783 3.6770906 13.39016
-6.2577863 -13.755877 3.7222023 12.284408
-5.8631392 -13.720877 3.7011065 13.241286
-5.6724291 -13.553923 3.6500516 25.3125
-4.9712548 -13.609354 3.6925631 29.493793
2.5096374 -13.592325 3.8617809 34.691582
3.149971 -13.562168 3.8564696 21.93034
6.1324639 -13.625565 3.7403495 22.00946
-5.5129318 -13.463736 3.6834869 38.4375
-5.3221626 -13.440136 3.7124531 38.66748
-5.0297194 -13.454156 3.6733043 40.758671
2.6482897 -13.362965 3.8672328 47.121681
2.7429881 -13.395095 3.6932554 51.706234
3.043242 -13.469616 3.7668171 20.97526
6.2437806 -13.395138 3.7391057 37.703125
6.3736086 -13.407614 3.7980433 33.382328
6.4613466 -13.163562 3.7210691 17.520258
6.446445 -12.80027 3.7347391 14.224704
6.4694448 -12.44619 3.8041465 14.851482
6.45082 -12.133345 3.8052163 17.596724
6.5146365 -11.887234 3.8475699 10.875
-5.1615906 -8.3729334 3.7359929 1
-4.9657173 -8.1404562 3.8320732 3.75
-5.2549663 -7.9295373 3.6230934 7
-4.9794855 -7.9216948 3.8028231 22.979168
-7.8679476 -7.6513252 3.7421806 18.313711
-5.7811108 -7.6421671 3.7425394 26.5
-5.3414769 -7.5420661 3.6489143 16.571428
-5.0548754 -7.6928024 3.7016182 4.8085938
2.3946528 -7.7938433 3.6667304 1
2.5408754 -7.5775213 3.8370838 35.647606
2.9917941 -7.505044 3.6521716 31
3.1071916 -7.5695658 3.8680632 33.076504
-7.8692102 -7.240664 3.8150911 24.932617
-5.5689344 -7.4625816 3.7298946 34.212425
-5.2446423 -7.4437137 3.7486708 21.645334
-5.0686417 -7.4964366 3.8227265 8.5
2.6599603 -7.4637499 3.7431669 33.359043
2.7797978 -7.4211378 3.8379495 37.948624
3.0189729 -7.492856 3.670758 17
-7.8705769 -7.021636 3.8009582 25.930773
-7.8888359 -6.6923623 3.800508 25.66794
-7.8728323 -6.5335579 3.7148561 27.5
-7.9019957 -6.1370006 3.6408043 27.0861
-7.8994637 -5.7165394 3.8701398 24.885069
-8.8256931 -5.4122505 3.723248 5
-7.8935394 -5.5555601 3.6790419 27.903751
-7.7999086 -5.6068573 3.8976829 25.666666
-33.719307 -5.1224451 3.7900596 10
-33.578262 -5.1271229 3.7177699 10
-10.238165 -5.1244802 3.7496314 2.125
-10.05975 -5.1248469 3.8060794 5.4736757
-9.7176514 -5.130456 3.797133 4.6937981
-9.4164314 -5.1299143 3.708437 5.0391741
-9.2197084 -5.1208196 3.7730546 4.4397888
-8.8474112 -5.1190839 3.8046374 4.8802423
-8.5784988 -5.111021 3.7579563 5.3630371
-8.3133497 -5.1186752 3.7292101 6.396605
-7.8603992 -5.1772804 3.8353469 23.240913
-33.726734 -4.8411989 3.8039775 14
-10.246029 -5.0834308 3.7420375 1.375
-10.108219 -5.0940132 3.8471601 4
-9.8412018 -5.0971098 3.8674097 5
-8.5379038 -5.0992341 3.8325956 5
-8.2952175 -5.0956469 3.8088355 5.364583
-8.0568743 -5.0976529 3.791981 5
-31.906509 -4.5238743 3.6909325 10.5
-33.608643 -4.3243065 3.7823434 12.5
-32.608337 -4.2379546 3.8939033 8
-31.92194 -4.4123144 3.6789045 3.25
-33.646648 -4.0737915 3.8202391 20
-33.590282 -3.9083714 3.7860072 21
-32.990837 -3.947783 3.8380282 10
-33.743938 -3.7929628 3.8540103 13
-33.567982 -3.6391261 3.7859704 20
-32.804363 -3.7817309 3.8762128 9
-33.279163 -3.1104596 3.8590782 12
-32.961403 -3.1576936 3.674032 15.75
-32.655525 -2.7274175 3.6108131 10
4.1325831 -2.9904201 3.8982825 3
6.3852334 -2.7854249 3.8952169 15
6.6302938 -2.8887553 3.879313 7.125
-32.664139 -2.678252 3.7887869 9
6.5325518 -2.5083752 3.8862767 16
6.6619329 -2.5512009 3.880188 3.9882812
-33.58213 -2.229197 3.8191113 10
6.2861915 -2.3348675 3.8822105 5
6.4220982 -2.227077 3.8951707 5.6437502
6.628974 -2.1850593 3.8865049 8.0315409
3.4182932 -1.9103119 3.8962181 0.46875
6.1785979 -2.031569 3.8939571 9.4375
6.4629364 -1.9947464 3.8869944 17.923828
6.6325026 -2.0697441 3.8750305 8.5553389
3.4198704 -1.7256863 3.8871827 2.25
5.6898079 -1.5321311 3.8961678 14.416667
6.2096906 -1.5852633 3.8946092 18.802856
6.4708061 -1.6650579 3.8914213 20.868557
6.6166868 -1.6634911 3.8822298 4.8203125
2.7522304 -1.2264701 3.8998644 4.181818
5.37745 -1.4568163 3.8996727 4
5.5923195 -1.3203375 3.896775 14.354166
5.8231792 -1.3436255 3.8939388 10.688802
6.0778637 -1.4093959 3.8882561 23.211784
6.5684071 -1.2269514 3.8949053 11.223959
6.62293 -1.2432137 3.8724489 13.722917
3.477072 -0.97466326 3.8898652 5.9833336
5.0505776 -1.0232719 3.8940916 3
5.2994423 -1.102052 3.8937316 14.98204
5.6307125 -1.1401412 3.8935099 17.583248
5.8121061 -1.1112928 3.8935931 17.495888
6.1271586 -1.1351726 3.8925784 21.288258
6.5641165 -1.1785355 3.891932 11.875
6.6332903 -1.1492188 3.8862014 6.3357143
-3.0841079 -0.78948045 3.8954258 3.25
2.8719463 -0.77710855 3.8984721 11.713453
3.1835561 -0.70732701 3.8991604 15.656796
3.6437085 -0.68455178 3.8985868 16.606792
4.1163797 -0.62604898 3.8977771 15.76366
4.4801512 -0.6248011 3.8803768 9.333333
4.6719875 -0.62219524 3.8931236 15.640015
5.0552006 -0.62720519 3.8945799 16.795181
5.1477537 -0.70057619 3.8913398 18.132809
5.6286821 -0.76068258 3.8922215 16.875629
5.8768654 -0.72459054 3.8832331 22.719385
6.1141977 -0.76569182 3.8928344 18.385786
6.5156574 -0.77893913 3.8907928 16.040865
6.6325846 -0.76191443 3.8754694 9.8064775
2.8957357 -0.39973426 3.8900337 26.197954
3.1606388 -0.31761807 3.8941474 22.501661
3.5749326 -0.34832609 3.8877845 19.20536
3.6893442 -0.33740735 3.8866901 25.116142
4.1062107 -0.38282701 3.8946497 18.988283
4.2838182 -0.48562175 3.8906078 17.722221
4.6657577 -0.4481422 3.8946278 13.631676
4.9620028 -0.41523176 3.892576 22.25709
5.1172237 -0.43427277 3.8945289 21.40625
-5.1436429 -0.22178617 3.6935692 0.5
-5.0293231 -0.073431268 3.6161351 29.894573
2.8333755 -0.22740945 3.7471685 17.800831
-5.0296535 0.25442412 3.6217542 34.128502
-5.1553717 0.49389628 3.6321456 48.655704
2.6774752 0.4631989 3.6013808 13
2.9034536 0.50702626 3.7798519 17.917919
5.0425735 0.5955652 3.8804259 15
-5.2810411 0.6051572 3.6850834 21.717449
2.8406377 0.85714525 3.8926311 17.013824
3.1862502 0.8058663 3.8892169 18.673004
3.5933037 0.84767145 3.8863406 15.827586
3.6634378 0.86941451 3.8883095 19.887093
4.114933 0.8887285 3.8870387 16.241573
4.5665941 0.89300406 3.8766713 12.681246
4.9084849 0.88256514 3.8896208 14
-3.0918372 1.0335644 3.8832874 4.25
2.8631244 0.92197347 3.8858957 14.680115
4.1379976 0.91584301 3.8772168 16.417629
4.6553469 0.94787502 3.8888788 15.931002
4.961935 0.95226371 3.8801389 10.249428
5.1374226 0.99657136 3.8837881 13.453499
5.5425224 1.1485958 3.882957 25.5
2.6894505 1.3179667 3.8870029 13.625
2.7583306 1.3287735 3.8900442 14.482237
3.167985 1.3297514 3.8857055 14.729776
3.6433194 1.3064311 3.8916907 15.420403
4.1476107 1.2938679 3.8912048 14.778194
4.2110224 1.2899591 3.8859181 17.655811
4.6416025 1.3104064 3.8831916 17.225559
5.0791578 1.3238938 3.8773394 18.045763
5.1543207 1.2598712 3.8866332 11.920572
5.6139641 1.309157 3.875103 13.609344
5.7694616 1.3110955 3.8818226 16.414608
6.0899076 1.3692971 3.8827636 16.690611
6.5449171 1.4125702 3.8833394 14.393507
6.6198001 1.4254529 3.8883924 7.1666665
2.6857872 1.7923846 3.8817177 14.122282
2.7256775 1.7927754 3.880033 14.647272
3.1647673 1.7910068 3.8852892 14.712391
3.589622 1.7876372 3.8894749 15.510098
3.6271858 1.7928708 3.8902502 14.952567
4.1337452 1.7860385 3.8821445 16.813057
4.342948 1.7709261 3.8801932 18.011906
4.611228 1.7670166 3.8894348 13.15866
5.0467701 1.7427698 3.877341 19.969391
5.180707 1.7830095 3.8777373 18.466421
5.6538153 1.7817678 3.8801565 17.423004
5.8306847 1.729547 3.8792272 21.598501
6.1506162 1.7555066 3.8830676 19.12582
6.57897 1.7787764 3.8707852 8.5089283
6.6142883 1.7915506 3.8629267 8
2.3821015 2.018569 3.8797975 12.781094
2.6455858 1.842185 3.8817096 13.879675
2.7198167 1.8149996 3.8823118 13.89739
3.1463933 1.8213218 3.8846085 15.106533
3.5948386 1.8109553 3.8851981 15.420448
3.6335239 1.806522 3.8866925 15.316945
4.1488094 1.8243283 3.8792939 17.55904
4.2035308 1.8204889 3.8826478 19.333334
4.6829786 1.8181012 3.8795762 17.087923
5.0837679 1.8098505 3.8788791 18.831249
5.1408267 1.8391407 3.8868673 14.153643
5.6193733 1.8430467 3.8824306 18.362907
5.7103825 1.8226467 3.877667 15.929613
6.1650801 1.8501205 3.888731 18.649237
6.5492439 1.8396564 3.8762589 13.238313
6.6139641 1.8288393 3.8700514 7.0062499
2.2064497 2.3722444 3.8867693 16.624655
2.6759734 2.3209679 3.8860862 15.266811
2.7058773 2.3385875 3.8852174 15.352021
3.1487999 2.2951362 3.8850241 15.243708
3.5944402 2.2840955 3.8823228 15.590638
3.6201091 2.2909446 3.8812327 16.528318
4.1435556 2.3113513 3.8784266 15.449163
4.3765039 2.2637563 3.8854747 15.376136
4.6792164 2.32446 3.8763566 15.306392
5.0827007 2.3227954 3.8729126 20.764971
5.1450839 2.2980957 3.8777728 19.607296
5.6247125 2.2938619 3.8868237 16.644421
5.7418623 2.2971964 3.873157 18.237263
6.1426964 2.3203044 3.8847966 17.725611
6.5316124 2.2911975 3.8888609 12.873215
6.6261072 2.2881799 3.8720462 6.7817707
-7.9297013 2.5311234 3.8953309 5
-6.1629333 2.5051427 3.8907843 10
2.1994309 2.41049 3.8863795 16.630867
4.4823022 2.6942539 3.8717005 14.2
4.9651012 2.636323 3.8827894 18.90625
5.2556114 2.4012766 3.8852854 15.557142
5.5216746 2.5051124 3.8852935 22.499218
5.9262519 2.6039975 3.8836246 8.359375
6.2029114 2.5042162 3.8858099 19.25
6.5029945 2.6669555 3.8912516 13.979166
6.6669035 2.4599662 3.8678551 3.25
-7.9293566 2.8497028 3.8964677 4.75
-7.0328274 2.9129853 3.8959565 12.5
-5.3080263 2.7505603 3.8962588 13.916666
-3.3449583 2.8025486 3.8975623 19.166666
-1.966675 2.9371009 3.8982182 20.029167
1.7278756 2.8966937 3.868885 21.389614
2.1540985 2.8183889 3.8774498 20.631504
2.6442091 2.8076539 3.8824954 19.460781
3.1097908 2.7687449 3.8832998 16.287987
3.5836 2.7795682 3.875982 16.495838
3.6735888 2.8061242 3.878531 16.556545
4.1260138 2.7919974 3.8787682 15.344765
4.3227301 2.7748146 3.8814337 13.527939
4.6273088 2.7981434 3.8673818 19.139338
5.0157537 2.7850304 3.8716636 17.215137
5.1783681 2.7895293 3.8695679 20.38155
5.6194201 2.7826962 3.8717411 23.623161
5.7456808 2.8191767 3.8623183 20.230942
6.1825829 2.7720995 3.8765893 19.409163
6.5433979 2.7826962 3.8820047 14.55525
6.6187034 2.8643203 3.8629427 9.0943851
-7.9355097 3.2447641 3.8956575 6.9166665
-5.7555838 3.2898419 3.8980851 18.4
-4.3150101 3.2070713 3.899493 22
-3.8306971 3.2746682 3.8990145 19.731251
-3.3228207 3.2739015 3.8981047 21.219028
-3.2781363 3.2523403 3.8964548 20.239788
-2.8488009 3.2769849 3.8979754 20.236275
-2.3231936 3.2815933 3.8987775 20.405884
-1.8377476 3.2949362 3.8990369 22.496593
-1.6449447 3.2067335 3.8812022 24.570312
1.3940039 3.0309849 3.8668683 15.781478
1.6469635 3.298619 3.8712077 25.154722
2.1335478 3.2923205 3.8806171 20.951897
2.6162179 3.2682331 3.8844919 18.780582
3.1368711 3.2869735 3.8857985 18.011265
3.5962045 3.2703462 3.8889723 19.042572
3.6375628 3.2860987 3.8853879 19.372913
4.136487 3.290679 3.8695068 18.030449
4.2113466 3.2928522 3.8630817 17.222221
4.6284642 3.2763405 3.8692327 17.771183
5.0451269 3.2672815 3.8667498 17.825525
5.1597199 3.2669568 3.8715889 17.700027
5.5964026 3.2804203 3.8653626 24.79281
5.7533035 3.2795317 3.8473232 16.838062
6.0780807 3.2067297 3.8738816 15.555222
6.5395012 3.2697353 3.8683317 11.303719
6.609715 3.2595863 3.8506849 11.333333
-7.9603806 3.3954206 3.8931341 4.5
-6.4959168 3.5097561 3.8969798 17
-3.3499656 3.3246794 3.898263 20.638935
-2.8305573 3.3067641 3.8930306 20.53616
-2.3468986 3.3088043 3.8987341 19.957697
-1.8551953 3.3335769 3.8986926 23.060429
-1.6338159 3.5050917 3.8774261 23.205883
-1.3184323 3.4396749 3.8866613 24.246548
-0.97315055 3.5214033 3.8852282 29.604233
-0.88318336 3.5280313 3.8828225 25.558552
0.33230913 3.5482855 3.8581257 19.040375
0.71531796 3.4920371 3.8730583 23.655983
1.1769419 3.3724768 3.8713551 23.269075
1.2123512 3.4007564 3.8611457 23.866667
1.6330972 3.3224421 3.8745632 25.366131
2.1468167 3.3084919 3.8814428 21.223976
2.6578355 3.3139215 3.8828194 18.32408
3.1470122 3.3115144 3.8852334 18.097271
3.5397983 3.3756313 3.8895073 19.616665
3.6376615 3.3187802 3.8885977 19.798847
4.1779394 3.3268175 3.8705606 18.067589
4.210206 3.3226612 3.8683476 17.159275
4.6472244 3.323776 3.8748581 17.794098
5.0846734 3.3110795 3.8567381 18.956554
5.1244931 3.318192 3.8713794 18.189726
5.6319551 3.321707 3.867116 21.420588
5.7729988 3.381376 3.8671212 22.391031
6.1417818 3.3174863 3.870924 20.52006
6.5548229 3.3632362 3.8650951 16.883217
6.6238298 3.4907942 3.8436642 9.365983
-7.9064703 3.8194957 3.8930292 7.2624998
-3.8668137 3.8449626 3.8992143 22.5
-3.3651228 3.8449321 3.8990211 21.780397
-2.8418446 3.7777689 3.8989406 21.098707
-2.3301234 3.7651927 3.899416 22.222273
-1.8313627 3.7614813 3.8963056 23.44828
-1.7608383 3.7288098 3.8912346 23.990976
-1.3322849 3.7856891 3.8854814 23.646511
-1.1947231 3.7657843 3.8827732 26.382212
-0.80931956 3.7345653 3.8827696 27.354101
-0.34023574 3.7666118 3.8844976 25.376169
0.15392204 3.7600708 3.8845248 24.462069
0.63543832 3.7565327 3.8799312 22.30888
1.158987 3.7701435 3.8733394 22.656563
1.6458519 3.7793746 3.8704267 24.117455
2.0955729 3.7519224 3.8730705 22.718548
2.1502652 3.7780862 3.8725934 21.52523
2.6407685 3.7690387 3.8752217 20.248783
2.7122297 3.819135 3.8731213 20.016369
3.1684732 3.815064 3.8752604 19.31497
3.5664103 3.7140222 3.873184 18.962772
3.6627555 3.8058116 3.8724561 19.312836
4.1251783 3.7833781 3.8699074 17.55883
4.3626995 3.7262082 3.8772228 18.711023
4.5950594 3.8065944 3.868639 18.413818
5.060523 3.7614803 3.8591378 19.601221
5.2317009 3.8393559 3.8577254 18.480146
5.6563015 3.791914 3.8625779 22.271942
5.777854 3.8144403 3.8650091 21.145939
6.1277642 3.7777243 3.8620644 21.232918
6.5534873 3.8575945 3.8491659 16.406004
6.6295843 3.8549576 3.8341303 9.9661942
-7.9984388 3.98001 3.8673494 1
-6.4796848 3.9358094 3.8942258 20
-3.7019286 4.1075821 3.8981273 22.924999
-3.3554223 4.1855521 3.8933463 23.5
-3.2365656 4.1405582 3.8980212 23.575001
-2.8575301 4.1498561 3.8955536 22.5
-2.4095159 4.1907759 3.8905039 23.4
-2.3473523 4.1768761 3.8964357 23.665607
-1.8196261 4.1633644 3.8928037 24.555027
-1.7608986 4.1614633 3.8857217 24.792959
-1.2945673 4.1776462 3.8820543 26.634789
-1.0058618 4.1592398 3.88255 28.458334
-0.83453095 4.1107759 3.8694177 24.505947
-0.35955396 4.0874844 3.8788266 29.354914
-0.13533404 4.0629196 3.8868098 30.041666
0.14625344 4.0764256 3.8830957 28.684288
0.57291585 4.1120768 3.8866234 25.21875
0.63615906 4.1903424 3.8729596 26.506229
1.1167462 4.1570959 3.872838 24.857599
1.6341565 4.1706409 3.8689718 26.102369
2.0775616 4.1571827 3.8681726 22.410713
2.5868886 4.1859345 3.8746088 22.72315
2.9393401 4.0962534 3.8768771 21.125
3.1103673 4.097971 3.8739023 20.259701
3.4867034 4.1131716 3.8693669 22
3.9813523 4.1223397 3.8706601 22.190104
4.3503709 3.9855902 3.8639669 19.598307
4.6387925 4.0427227 3.858634 19.166666
4.9477377 4.1026545 3.860858 17.727539
5.3306484 3.9548049 3.8624444 17.328125
5.4626064 4.1434979 3.8535986 17.828125
5.8609505 3.9906263 3.8376465 15.5625
6.1137142 4.0722818 3.8430142 17.645834
6.4183764 4.051836 3.8541088 21.49634
6.6146498 3.9324894 3.8265619 9.682291
-7.9561958 4.351305 3.8896289 6.4931083
-7.7923632 4.2770061 3.8980432 13.875
-7.3658571 4.3700914 3.8966253 20.5
-3.92278 4.414959 3.8982844 23.5
-3.861083 4.2927294 3.8986921 22.950001
-3.3264258 4.281281 3.894294 24.160725
-3.290092 4.2833996 3.8941934 24.153275
-2.8028016 4.2517338 3.8949099 23.222334
-2.411885 4.3725929 3.8922198 23.631578
-2.3448312 4.2604461 3.8948092 24.714645
-1.8379593 4.2999792 3.8891602 25.901485
-1.6716689 4.3635764 3.8715391 27.600391
-1.347571 4.2913623 3.8833535 27.223242
-0.95728564 4.3910475 3.8920085 22.840855
-0.8260864 4.2425089 3.8798563 27.802719
-0.33937192 4.2781658 3.880734 26.515131
0.14501892 4.3043432 3.876035 25.664631
0.57182586 4.2588348 3.8770683 26.256588
0.65562284 4.2983623 3.8742642 26.800657
1.179271 4.40096 3.8669295 27.137295
1.2150407 4.4007149 3.8646605 27.16881
1.6456671 4.3070383 3.8662601 27.77346
2.0921783 4.2656832 3.8697038 24.852699
2.1453795 4.3362374 3.869607 24.048424
2.6503072 4.2998486 3.8731623 22.764759
2.7224607 4.3471365 3.8741944 22.685225
3.1144948 4.2706995 3.8719683 21.767393
3.5942693 4.2684431 3.8690753 21.798246
3.6763783 4.3241982 3.865746 21.172817
4.1348143 4.2728829 3.8661032 20.158899
4.2150669 4.3455067 3.8614266 20.148453
4.7006989 4.3527546 3.8558204 20.671375
5.0030518 4.3342671 3.8571949 19.256214
5.140964 4.3120642 3.8602331 19.124672
5.6314573 4.3014565 3.8534198 20.520576
5.7275791 4.3357272 3.8515429 17.613132
6.1428876 4.2906837 3.8450294 19.507696
6.4983644 4.3163757 3.8360767 17.300751
6.6407776 4.4045439 3.8038332 6.0777016
-7.8502798 4.7529202 3.897675 16.660418
-7.7703328 4.7652454 3.8956327 18.3125
-7.3165464 4.7858958 3.8977489 20.950001
-6.7978802 4.7631197 3.8969061 22.650002
-5.7498722 4.744741 3.8989429 25
-5.3056974 4.7795687 3.8979058 25.083332
-4.8150868 4.7754979 3.899955 33.714287
-4.3258142 4.7767782 3.8969378 25.462053
-4.192955 4.6290574 3.8976474 24
-3.8342757 4.7713747 3.8966804 24.678801
-3.31499 4.7516465 3.8954184 26.361416
-3.2624106 4.7314763 3.8937864 26.386791
-2.8053105 4.7100916 3.8924599 25.832764
-2.6757357 4.5918684 3.8882189 24.75
-2.3404932 4.755321 3.8901572 27.21393
-1.8451656 4.7602205 3.8786767 28.01475
-1.7378632 4.6372819 3.8792317 28.470785
-1.3187984 4.7359529 3.8839655 28.648134
-1.1087629 4.6797972 3.8829541 31.525272
-0.82552397 4.712986 3.8765068 30.15237
-0.34688663 4.7587304 3.8776836 29.72863
0.15596651 4.7512817 3.8708179 30.881411
0.55979455 4.6638036 3.8774824 28.613243
0.6505568 4.7198734 3.872304 29.905693
1.1153232 4.7011585 3.8724771 29.493103
1.4051645 4.547544 3.8657699 29
1.639827 4.7186227 3.8707781 29.635149
2.037221 4.6452456 3.8764567 24.495028
2.1389675 4.7614775 3.8687921 26.666481
2.6162872 4.7337828 3.8673811 25.059799
2.7084229 4.7994885 3.8561172 25.125
3.1113701 4.7349072 3.8692579 25.285549
3.5528035 4.6727104 3.862215 23.809809
3.6287012 4.7724295 3.8624063 24.548748
4.1387863 4.7641411 3.8569763 22.520475
4.4131308 4.598712 3.8589401 22.0625
4.665246 4.7596989 3.8568153 22.415623
5.0269117 4.7161579 3.8584158 21.510178
5.171627 4.7641592 3.8554358 21.436707
5.6064939 4.7612419 3.8492501 19.733171
5.8861871 4.7329254 3.8280897 17.041666
6.1070938 4.7767334 3.8439889 20.569004
6.5142241 4.722991 3.8547797 21.738941
6.6019425 4.7893162 3.8139789 6
-7.9444113 4.9235382 3.887857 9.6081848
-7.5659366 4.9150715 3.8985219 24.25
-7.4242563 4.8912759 3.8969617 21.114769
-7.0232115 4.9455557 3.8985438 23.34375
-6.8158388 4.8284698 3.8977108 21.6
-6.5671611 5.0139518 3.8962128 24
-5.9275341 4.9324861 3.8991299 25.833332
-5.3536954 4.8622303 3.8981543 24.775
-4.9226789 4.893302 3.8980417 25.859226
-4.5428476 4.9766531 3.8918712 25
-4.4077463 4.866147 3.8970656 26.743452
-4.0709915 4.9915905 3.8954754 25.573666
-3.7330525 4.9648294 3.8946397 24.798771
-3.396265 4.8899965 3.8920627 27.322283
-3.1483171 5.0309477 3.8894935 28.325001
-2.9023881 4.8923712 3.8922315 26.779924
-2.4334283 4.9030523 3.891705 27.633383
-2.3644614 4.8621922 3.8915262 27.682331
-1.8788869 4.9599123 3.8879914 28.9804
-1.5688205 5.0351467 3.866848 31.387812
-1.3904587 4.99826 3.8757675 29.9419
-0.95855993 4.9162617 3.8884828 31.432482
-0.85377496 4.9456758 3.8760695 30.970209
-0.39776543 4.9512863 3.8702934 33.643784
-0.218817 5.0619206 3.8687761 30.75
0.15404537 4.9702034 3.8769717 27.555328
0.34952316 5.0451012 3.8696167 38
0.69539881 4.9991741 3.8698347 30.549572
1.1811576 4.9044757 3.8670945 28.793959
1.2647214 5.016253 3.8606884 31.67329
1.6889656 4.8904767 3.8649774 31.724855
2.0544591 4.8874474 3.8626666 27.169643
2.1646924 4.8546267 3.8679581 27.864317
2.593574 4.9591379 3.8711474 26.725887
2.7928004 4.9707813 3.8624012 26.319349
3.1862154 4.849237 3.8633127 25.204624
3.4497604 4.8854547 3.861083 24.450001
3.6756186 4.8662767 3.8571579 24.40156
4.1145048 4.8200626 3.8558903 21.822166
4.2849545 4.9270105 3.8478279 22.913431
4.6651077 4.8474007 3.8535466 22.128571
4.9195299 4.9001284 3.8525276 21.225571
5.1780739 4.8256102 3.8533411 21.515602
5.6706276 4.8060713 3.8511138 19.48875
5.8196383 4.9049664 3.8421617 18.009495
6.1816711 4.8490691 3.8549113 22.486378
6.5029459 4.8815165 3.8286157 14.600975
6.6253996 4.9680958 3.8045797 7.0185547
-7.8489914 5.296073 3.8862958 15.981907
-7.7561665 5.2500772 3.896523 24.451456
-7.3307261 5.3148069 3.8958387 24.997034
-6.9792619 5.3279753 3.8974302 25.460417
-6.8921318 5.3120508 3.8952842 25.327381
-6.3849258 5.2941389 3.8952138 25.37154
-6.2396727 5.1569715 3.897697 26.166668
-5.835206 5.2827959 3.8975616 26.459381
-5.5175424 5.2573452 3.8996785 26.666668
-5.3311605 5.3109837 3.8976488 27.219673
-4.8227587 5.2660952 3.8963985 31.424469
-4.7683792 5.194663 3.8973155 32.233334
-4.3172617 5.3093753 3.8924584 27.042608
-3.9748445 5.1994505 3.8916535 27.402964
-3.7710917 5.201766 3.8929176 27.347752
-3.3431234 5.2548695 3.8909006 28.499401
-3.2518673 5.2227902 3.8875213 28.525494
-2.8646793 5.2918835 3.8848138 28.681679
-2.4062676 5.3605537 3.8813112 29.507576
-2.3285127 5.2892075 3.8821712 29.007698
-1.8379349 5.2666826 3.879854 29.574478
-1.6777945 5.1739974 3.8731272 31.58165
-1.3455352 5.2414889 3.8832607 31.200781
-1.0934434 5.2953348 3.8786559 34.631073
-0.81509835 5.3045664 3.8764992 33.494743
-0.3510924 5.3375778 3.875746 31.468632
-0.29724312 5.1796503 3.8821383 29.928572
0.14882559 5.329092 3.8689356 33.033119
0.59076822 5.2447681 3.8636494 32.463097
0.6414299 5.3173022 3.8627872 33.419624
1.137522 5.2664452 3.8637075 29.785395
1.2655379 5.3539715 3.8597207 28.226934
1.6123298 5.227406 3.8640513 31.037832
2.0750666 5.2247863 3.8658352 28.125605
2.1600935 5.2416916 3.8680539 28.371048
2.6593645 5.2885036 3.8627276 27.84866
2.7183371 5.3238373 3.8579392 28.216167
3.0919709 5.2481427 3.8606429 27.529938
3.5811484 5.2391825 3.8553233 26.847071
3.6683838 5.3287435 3.8543055 27.387535
4.1462426 5.278626 3.8524098 26.046738
4.2850785 5.2947226 3.8511338 24.529083
4.6236916 5.2865419 3.8497005 24.533272
5.0462909 5.2276225 3.8474426 23.462261
5.140625 5.2746468 3.8395309 23.11064
5.6164351 5.253088 3.8437557 22.019279
5.8803177 5.2095208 3.847996 22.295616
6.1479073 5.2993994 3.8427401 22.647629
6.5311527 5.2842846 3.8383615 19.188129
6.604506 5.3172359 3.8273695 13
-7.9182463 5.4435887 3.8853898 14.225668
-7.585144 5.5815115 3.8932981 25.660645
-7.3050246 5.6700888 3.896353 25.637501
-7.1309195 5.6293383 3.8881636 26.43457
-6.7871618 5.6672969 3.8947508 26.285713
-6.473135 5.4451237 3.8960314 24.9375
-6.2236881 5.6687393 3.8985696 27.0625
-5.7366457 5.6637387 3.8966494 28.15625
-5.5505295 5.4918151 3.8979201 27.166668
-5.289813 5.5229864 3.8986027 29.958332
-4.8612728 5.69133 3.8974562 29.052082
-4.6661348 5.602109 3.8933308 27.058037
-4.3676138 5.6085324 3.8924999 27.581345
-4.0175538 5.4669499 3.8950634 26.776871
-3.8202825 5.6670933 3.8852153 28.263958
-3.3960443 5.5752106 3.8862274 28.177605
-3.210753 5.627852 3.883956 30.280941
-2.7898796 5.5721855 3.8861113 29.969891
-2.5540898 5.5109339 3.8799334 29.711273
-2.3068633 5.6138668 3.8792038 30.970604
-1.8562129 5.5936003 3.8770385 29.397696
-1.6092874 5.5887804 3.8812382 29.240837
-1.3901262 5.6734948 3.8717632 32.125996
-0.95220876 5.4763527 3.8856373 33.151218
-0.79569536 5.6105385 3.884887 29.946913
-0.35528654 5.6438446 3.8714681 32.016602
0.12616476 5.6172657 3.8703241 34.541855
0.49689722 5.6140156 3.8651443 35.022552
0.67041135 5.6153693 3.8670166 29.769817
1.0670884 5.6041756 3.8668232 29.188814
1.3608166 5.5418205 3.8601565 28.438101
1.7160164 5.5461073 3.860446 34.615654
1.9416971 5.5817051 3.865191 30.24638
2.2459154 5.4795246 3.8646598 30.199154
2.520472 5.6156845 3.8622079 30.079071
2.8744738 5.5166683 3.857666 28.772585
3.1909199 5.4468179 3.853785 27.80468
3.5092134 5.6054506 3.8538041 30.271004
3.8035703 5.4866853 3.8526149 27.196102
4.0076981 5.6470833 3.8516777 26.079224
4.3633204 5.5138464 3.8512335 25.814453
4.6836329 5.5969558 3.8405828 25.570301
5.0054488 5.6345148 3.8456228 24.152344
5.337852 5.4533205 3.8428807 24.856771
5.618269 5.5314884 3.8429766 24.246506
5.8213682 5.4919176 3.8376274 22.544922
6.1499386 5.5454192 3.8434334 24.672228
6.4660683 5.5361876 3.8369601 20.535934
6.652564 5.4739604 3.8038759 3.8255208
-7.890336 5.8307366 3.8794439 16.846188
-7.6517978 5.8251548 3.895458 28.394096
-7.3291273 5.7985659 3.8955431 26.711357
-6.9979253 5.8219876 3.8972461 26.370907
-6.8358049 5.7818775 3.8942928 27.611122
-6.3940473 5.8881283 3.8970807 28.573296
-6.1446161 5.8305054 3.8974423 28.96875
-5.9296703 5.8595982 3.8967454 30.867968
-5.4483376 5.9236469 3.8939242 30.389591
-5.3255806 5.8059673 3.8967357 29.994452
-4.8623648 5.7862825 3.8972578 29.470486
-4.7907348 5.719676 3.8958435 28.096527
-4.3446484 5.7967525 3.8878775 30.180225
-3.9566607 5.924614 3.8794603 31.530506
-3.8398867 5.7901211 3.8677375 30.62748
-3.3761587 5.788868 3.8812184 31.996548
-3.2922072 5.8239727 3.8718977 31.906338
-2.8543735 5.8118382 3.8873825 31.519936
-2.4187672 5.8912206 3.8748643 31.15044
-2.3663306 5.787467 3.8804398 31.840136
-1.8351996 5.8007145 3.8732381 31.182968
-1.5719755 5.8006392 3.8680346 33.889236
-1.345184 5.9174652 3.8673685 34.2845
-0.97355402 5.9041224 3.8800306 36.052948
-0.86561555 5.7503715 3.8640399 31.906637
-0.33113313 5.9344697 3.8660004 33.969341
-0.27666798 5.8430634 3.8678074 34.306549
0.16464096 5.9127617 3.8622773 37.638786
0.58234429 5.7489729 3.8652625 35
0.66469461 5.927669 3.8563542 37.136169
1.1658826 5.8589549 3.8557286 34.452682
1.2072304 5.9373398 3.8547106 35.171284
1.6467361 5.8482304 3.852922 33.792408
2.0910201 5.7446737 3.8525634 32.658333
2.134798 5.7556171 3.8527994 31.925861
2.5946355 5.7295609 3.8557951 30.577919
2.7402267 5.9325743 3.852005 31.475056
3.1529689 5.8464422 3.8529494 29.263187
3.439805 5.8825245 3.8515205 30.045546
3.6763527 5.8339214 3.8534908 29.656549
4.1122503 5.7836242 3.8508725 27.677092
4.2477217 5.9212132 3.8465276 27.665901
4.5876598 5.7688389 3.8413734 26.975857
5.0311346 5.7587914 3.8296695 27.423006
5.1706395 5.8392239 3.8277669 29.629013
5.6516566 5.8086295 3.826179 26.822575
5.7306094 5.8215456 3.8155046 27.625263
6.1399708 5.7628841 3.8421626 25.172697
6.5242376 5.7771769 3.8212972 19.039936
6.6072068 5.9129047 3.8026619 8.0585938
-7.8244195 6.2743549 3.8910892 25.877176
-7.7558689 6.2592235 3.8941691 29.902344
-7.3648257 6.2621446 3.8987713 30.317509
-7.1073537 6.0832815 3.8945622 31
-6.764739 6.2097979 3.8981686 31.343292
-6.3302097 6.2419825 3.8953471 30.703529
-6.2223673 6.1842923 3.8969216 32.444229
-5.8252501 6.2124696 3.8963468 31.758686
-5.5844154 6.1046963 3.8971267 31.9375
-5.3275719 6.257679 3.8907304 32.116947
-4.8361807 6.2224503 3.8865738 32.724625
-4.7569227 6.2025394 3.8914268 32.068317
-4.3256574 6.258728 3.8881874 34.868763
-4.0941563 6.1022854 3.8866 34.390137
-3.7731216 6.2455273 3.8855276 33.194305
-3.3589487 6.2716227 3.8814046 34.250206
-3.2651 6.264143 3.8776679 35.171494
-2.8333387 6.2760134 3.8734832 32.632072
-2.6050892 6.0771999 3.887408 32.046577
-2.3050346 6.2238941 3.8729119 32.974083
-1.8542399 6.2020874 3.8755574 34.72908
-1.7531152 6.1540976 3.8725822 33.903374
-1.3039151 6.2212868 3.8683186 36.559448
-1.0149351 6.0848713 3.876529 36.078869
-0.84572005 6.163826 3.8691938 33.924774
-0.35117528 6.2591963 3.8651223 34.702782
-0.21878113 6.0577755 3.8662615 30.25
0.14857578 6.2180452 3.8613763 33.592548
0.52869469 6.1193728 3.863102 36.910713
0.65623963 6.2668924 3.8565621 35.684753
1.1477692 6.2294836 3.8571332 34.721874
1.3421841 6.0441003 3.8558431 32.5
1.6314414 6.2486224 3.8606637 34.751701
1.9965882 6.1745443 3.8580317 33.322731
2.152226 6.2299809 3.8587484 33.269089
2.5518684 6.1475062 3.8569202 32.875595
2.8121662 6.0768061 3.8503318 32.153126
3.1167188 6.2015104 3.8508081 31.82025
3.5512199 6.1856718 3.8463383 31.061453
3.6231329 6.2428651 3.8468041 31.464214
4.135006 6.2644606 3.8439946 29.151646
4.4745388 6.0977631 3.8491716 27.5
4.6329165 6.2329745 3.8391178 28.409813
5.0579262 6.1621122 3.8376861 26.522387
5.1625061 6.2726626 3.8341208 27.414822
5.6026831 6.2713184 3.8380733 27.616581
5.9154592 6.0948138 3.8327446 25.863363
6.1257734 6.262187 3.8332634 27.346954
6.5165782 6.1636682 3.8239427 23.656805
6.6072679 6.1899214 3.8210421 14.125
-8.1825294 6.3179293 3.8742766 1
-7.9295154 6.3869724 3.8808763 17.423935
-7.694561 6.368803 3.8839726 29.966015
-7.2922878 6.4559417 3.8962746 31.360365
-6.9865718 6.4410577 3.8943901 33
-6.850955 6.3587408 3.8990335 31.543079
-6.3529911 6.3374567 3.8964372 31.874683
-6.1105638 6.4873438 3.8937793 31.296875
-5.8745222 6.3571491 3.8976021 31.945217
-5.5795879 6.5299444 3.8946874 33.43726
-5.3586569 6.3953886 3.8885694 32.489349
-4.902658 6.3785954 3.8887074 31.478529
-4.5675063 6.4843235 3.8898091 32.78125
-4.379272 6.3705835 3.8831623 32.82774
-4.0043993 6.4881201 3.8837051 33.132183
-3.8483081 6.3498664 3.8847146 33.323265
-3.3912687 6.4018831 3.8893785 34.099686
-3.1009288 6.5125494 3.8844056 32.003883
-2.8073299 6.5175276 3.8744483 31.39106
-2.489804 6.4832697 3.8742223 33.403431
-2.3596177 6.3755522 3.8726058 33.491116
-1.8544236 6.4192877 3.8680756 34.031948
-1.632701 6.5421247 3.8754163 34.34375
-1.3732893 6.3751631 3.8727896 35.462181
-1.0088196 6.3917208 3.8785415 36.519363
-0.82490277 6.5249891 3.8660121 36.151703
-0.4750289 6.4154878 3.8719304 34.12384
0.17605728 6.5296993 3.8605702 33.338432
0.45693079 6.5548291 3.8610013 33
0.65733856 6.3728609 3.8556554 34.166306
1.1342151 6.3614979 3.8570108 32.800941
1.3456213 6.5387058 3.8560297 32.083336
1.6391531 6.4900961 3.8562407 35.029716
1.9614074 6.5497684 3.8557341 32.926823
2.1627135 6.3658171 3.85499 34.207981
2.6268589 6.3497987 3.8517423 33.412788
2.8028939 6.4232888 3.8447802 34.42915
3.1701927 6.3702688 3.8483529 32.240387
3.3393497 6.507184 3.8380046 31.6875
3.6761844 6.3631001 3.83743 32.296036
4.1425085 6.3642454 3.8394365 29.784227
4.2881312 6.4720373 3.8381181 30.028017
4.6608262 6.3705082 3.8361564 29.628292
4.8839698 6.4917841 3.8279266 28.721874
5.1852036 6.358366 3.834744 27.924671
5.6485739 6.3463106 3.8361206 27.330948
5.7552662 6.4266424 3.8331561 28.4293
6.1100216 6.5063477 3.8329678 28.9203
6.5686827 6.4329691 3.7983105 13.448311
6.6378679 6.4493761 3.7674813 2.9261067
-7.8766642 6.8302431 3.8908639 23.711233
-7.7842245 6.736403 3.8926301 30.121988
-7.3813534 6.8023748 3.8930502 32.072433
-6.9622073 6.8060369 3.8921666 32.915714
-6.7551365 6.6695046 3.8956943 33.816551
-6.3622971 6.7862997 3.8953061 33.436821
-6.2337132 6.6659088 3.8961873 32.000679
-5.8543119 6.7661991 3.8917518 34.218307
-5.5304246 6.7564054 3.891408 34.131149
-5.3342285 6.7013173 3.8881545 33.891827
-4.867672 6.8063383 3.8817408 33.869156
-4.7801108 6.6823277 3.8844485 32.835579
-4.3607712 6.7703428 3.8793523 34.254963
-4.0713329 6.7284594 3.8796017 32.385414
-3.8477507 6.7918816 3.8818073 33.489693
-3.3527622 6.7703595 3.8822098 33.162136
-3.2656951 6.7436013 3.8861399 34.272865
-2.8228102 6.7610703 3.884202 31.704182
-2.408366 6.8462372 3.8673179 34.370834
-2.3283799 6.7799807 3.8748307 33.868828
-1.8662877 6.8628068 3.8689194 35.434769
-1.7322507 6.7120714 3.8669019 34.509621
-1.2836725 6.7996402 3.8597355 42.166862
-1.0070164 6.697299 3.8758907 37.483429
-0.8080433 6.7653532 3.8559511 35.04615
-0.33004779 6.6763024 3.8602471 34.934021
-0.29580832 6.6741848 3.8747208 36.833332
0.17662178 6.7152462 3.8606138 34.754227
0.59581476 6.7663622 3.8595028 34.375
0.6586448 6.7954621 3.8568141 34.598907
1.1586406 6.7366896 3.8549509 33.824566
1.2101045 6.8571196 3.8533912 34.083332
1.7046069 6.8338866 3.8534849 35.33654
2.0895085 6.6766758 3.8495526 36.255585
2.1462178 6.8015127 3.8502178 34.646439
2.6359279 6.766171 3.8473773 35.25666
2.762511 6.7458773 3.8453712 34.961807
3.1072259 6.7317266 3.8441443 33.041763
3.5787144 6.7163191 3.8401332 33.525536
3.6799977 6.8060389 3.8406868 32.270699
4.0621424 6.6658964 3.8377967 32.938759
4.2159886 6.7884703 3.8307238 31.006037
4.6870928 6.8212337 3.8305883 30.357994
5.0060835 6.6780591 3.8228447 29.604767
5.1268439 6.756927 3.8322968 29.55751
5.635128 6.7702513 3.8267322 27.517593
5.7761259 6.8287826 3.8251305 27.981209
6.1755257 6.7868376 3.8288019 29.407066
6.5240898 6.7792568 3.795743 25.500629
6.6133676 6.8565154 3.780724 13.166667
-7.9033117 6.9372439 3.868958 23.993103
-7.5974293 7.0180817 3.8839724 31.754295
-7.3985586 7.0516052 3.8815093 32.977924
-7.0005836 7.0005322 3.895082 34.640625
-6.7364535 7.1118784 3.8911545 35.640202
-6.4059391 6.9254317 3.893352 33.726162
-6.2110128 7.1238251 3.8945153 36.05238
-5.8826137 7.0242858 3.8930383 35.145885
-5.5719404 7.0361075 3.8920193 34.981255
-5.3119202 7.1398716 3.8806276 35.294739
-4.9981532 7.0196714 3.8843307 33.845078
-4.7023182 7.0551386 3.8777504 35.499256
-4.2962356 7.0850616 3.8739047 33.572048
-4.0521593 7.0414524 3.8740296 33.830372
-3.7873502 7.0375261 3.8743131 32.504665
-3.4068861 7.009048 3.8760722 32.752396
-3.241416 7.1226172 3.8744106 30.902779
-2.9093592 7.1026535 3.8733392 33.971916
-2.4390965 6.9883389 3.8723226 35.537037
-2.3615026 6.9789896 3.8760424 35.578255
-1.8934443 7.044837 3.8652291 37.913452
-1.6206355 7.0150905 3.86415 37.718842
-1.3796246 7.0014348 3.8634477 37.090466
-1.0769434 7.0426297 3.8720951 36.177029
-0.85345024 7.0192804 3.8557649 38.25404
-0.31592464 6.9891214 3.8553729 36.008091
-0.26610208 7.105319 3.8540394 36.25
0.16996448 6.9667759 3.8545899 35.733315
0.58591717 7.1062422 3.8417382 36.666664
0.67223036 6.9663115 3.8507237 35.445801
1.157284 6.9792109 3.8497691 35.866074
1.2766263 7.0193729 3.8418689 35.930336
1.6343223 6.9920464 3.8463345 36.113476
1.8980681 7.0683684 3.8442605 38.155903
2.2275434 6.9482584 3.8448515 35.851128
2.6207461 7.0967388 3.8505135 36.524658
2.8849559 7.030736 3.8423011 34.627598
3.2048585 6.9693546 3.8391495 34.914322
3.5353107 7.0848513 3.8373089 34.535156
3.7336919 7.0109482 3.8328719 34.376019
4.0667958 7.1554928 3.8292902 33.330887
4.3488579 7.015914 3.828506 32.08532
4.6229177 7.1017733 3.8299479 32.34906
4.9993525 7.1515808 3.8201232 32.269325
5.237731 7.0862608 3.8235402 30.631451
5.525588 7.1314211 3.8181527 29.871744
5.8764915 7.0694742 3.8245487 28.203165
6.1119533 7.0670104 3.8202488 30.275034
6.38027 7.0011349 3.8086944 28.051487
6.6155829 6.9601717 3.7686577 2.75
-7.8419914 7.32023 3.8819647 28.383848
-7.6686478 7.2411757 3.8828616 33.182953
-7.3797302 7.3887749 3.891129 33.439995
-6.9798412 7.4417458 3.8930707 35.617352
-6.80164 7.278966 3.8898506 34.979919
-6.3596935 7.3616071 3.8869991 35.484123
-6.1728497 7.3267918 3.8845212 35.317024
-5.8586998 7.3060322 3.8873491 35.498234
-5.4316359 7.3485975 3.8823028 35.338303
-5.3366442 7.3031673 3.882041 35.849003
-4.8489938 7.3786945 3.8760529 35.125
-4.5932665 7.4155312 3.8650203 34.763393
-4.4203892 7.4137931 3.8743725 34.267872
-3.9512963 7.3572268 3.8679547 33.182106
-3.8372605 7.3158236 3.8671689 33.051929
-3.3583813 7.3011541 3.8683577 32.261547
-3.2937822 7.3213449 3.8673124 32.827213
-2.8123176 7.2511649 3.8718762 36.647598
-2.4413714 7.2980919 3.8616433 38.401039
-2.3048263 7.2537527 3.8674145 38.285938
-1.8440092 7.2793016 3.8596826 38.597759
-1.6981018 7.2647905 3.8619235 39.338234
-1.3539208 7.3065438 3.8615122 40.385483
-1.011355 7.2816257 3.8600907 38.782455
-0.85723996 7.319315 3.8585491 39.067337
-0.3655763 7.3477812 3.8572943 39.271156
-0.28050715 7.2618694 3.8591723 37.5
0.15477833 7.3513517 3.8537774 38.215126
0.58742762 7.3390918 3.8501163 37.328796
0.6768229 7.3330183 3.849853 37.775181
1.1671689 7.2898936 3.8447061 36.479214
1.2169319 7.282877 3.850724 36.589828
1.6372023 7.2464609 3.8442063 37.205368
2.0771847 7.2701464 3.8448927 38.439919
2.1520054 7.2689829 3.84516 37.874039
2.6531134 7.2780132 3.8446515 36.86451
2.7481327 7.4114842 3.8381994 36.833755
3.1637347 7.312727 3.8338175 35.878723
3.5852442 7.2973108 3.8315916 35.991539
3.6890266 7.384984 3.8371859 35.66634
4.1582923 7.3359108 3.8347964 34.14938
4.239583 7.3514938 3.8342271 34.513786
4.6493216 7.3020945 3.8270421 34.049904
4.8394337 7.4385943 3.8184717 33.130207
5.1965694 7.3933306 3.8198793 33.813877
5.655683 7.3603745 3.8242092 31.40657
5.7448893 7.4397511 3.8209794 31.887882
6.0964355 7.2758579 3.8198998 31.968941
6.4956355 7.3211575 3.8175309 25.917871
6.6391735 7.4012442 3.7584066 1.6875
-13.205379 7.7081013 3.8007271 39.5
-13.17358 7.7637672 3.7695251 49.546394
-7.8578091 7.7335973 3.8618865 22.981859
-7.7180424 7.6885624 3.8771219 34.286594
-7.2753553 7.7237616 3.8742418 34.910919
-7.1657629 7.6157818 3.8739207 36.32605
-6.797698 7.6552401 3.8903117 33.880474
-6.3387213 7.7429476 3.8868527 35.484421
-6.2392616 7.6374965 3.8791494 34.739235
-5.8794727 7.6455379 3.876363 34.750366
-5.5097265 7.7178078 3.7684083 37.606445
-5.338479 7.6563883 3.8482347 37.190575
-4.940454 7.7653961 3.8276396 34.661743
-4.7499804 7.7205324 3.8650823 35.871971
-4.3276701 7.6653118 3.8660686 35.352985
-4.0522547 7.5663862 3.8634992 33.671223
-3.7872686 7.6849313 3.8663573 33.202492
-3.3913713 7.6870184 3.8644028 36.013474
-3.221581 7.6361527 3.8624573 34.947227
-2.8277931 7.7098303 3.8581963 35.02047
-2.4492099 7.6562338 3.8539119 38.333706
-2.3397455 7.7177591 3.8530993 37.725174
-1.8788271 7.7454739 3.8511779 37.771114
-1.6187425 7.7220402 3.8476262 38.18119
-1.33385 7.7558813 3.8474374 39.277496
-1.0642124 7.6213551 3.8606794 41.471313
-0.8150351 7.700994 3.852993 38.290878
-0.35229358 7.7280526 3.8545113 38.41964
-0.28239003 7.5547519 3.8509336 40.5
0.14708766 7.7462978 3.8475437 37.400814
0.5726285 7.6946344 3.8420796 35.768749
0.64895266 7.6674242 3.8428755 36.947437
1.1139803 7.6960363 3.84253 37.092003
1.2351685 7.6145525 3.840497 36.401043
1.6601269 7.6773682 3.8409801 36.604359
1.9691789 7.6033812 3.8389063 36.949108
2.1616886 7.6934137 3.8330393 36.98209
2.6084385 7.7545767 3.691663 34.823097
2.8507905 7.5919294 3.794035 37.6796
3.1292059 7.6801643 3.8269892 36.418297
3.5417891 7.6758795 3.8345985 34.240913
3.6406951 7.669785 3.8258662 34.461124
4.0860777 7.6965475 3.8305678 34.607559
4.2646141 7.6230588 3.8256469 34.901039
4.5784917 7.65381 3.825645 35.422565
4.9971886 7.6447845 3.8214328 34.377068
5.133317 7.7655716 3.81953 33.019554
5.5093279 7.6741157 3.8174071 32.678913
5.8500819 7.5555868 3.8224778 32.354164
6.0939684 7.7143145 3.7916522 34.621201
6.5011768 7.6653709 3.8027172 26.852703
6.6071191 7.5952663 3.7890408 5.125
-13.207889 8.00177 3.8892221 27.125
-13.172724 7.9417801 3.758698 43.759003
-7.954608 7.8945918 3.8517904 18.370728
-7.6155119 7.9252234 3.8719857 35.787109
-7.3578959 7.8674917 3.8794231 33.111881
-6.9704185 7.8904963 3.8787503 34.075516
-6.8128119 7.8941975 3.8727229 34.40984
-6.4231644 7.9711509 3.8739824 31.945623
-6.1745796 8.049139 3.8801804 33.535156
-5.8525157 7.8563313 3.8059363 33.650578
-5.0246105 7.9404688 3.7560129 31.498331
-4.6559563 8.0520639 3.8675084 34.567318
-4.4066353 7.9402246 3.8660505 35.813541
-4.0040646 7.9494538 3.8604765 34.163879
-3.8526349 7.8420057 3.8673198 34.887245
-3.3551435 7.9324179 3.85745 36.471004
-3.2825801 7.8562136 3.8577313 35.932289
-2.8458748 7.8475494 3.8561411 37.199005
-2.4504011 7.9655533 3.8524218 36.875
-2.3044288 7.9855156 3.8496747 38.124966
-1.8366408 8.0110044 3.8460903 41.819855
-1.631063 7.9917016 3.8538251 42.530174
-1.3407798 7.9811296 3.8416958 41.174217
-1.0061839 8.0173111 3.8440771 41.793156
-0.83090699 7.8895164 3.8456502 39.181808
-0.34985495 7.8645339 3.8466167 38.619202
-0.22456455 7.9884424 3.8385653 40.708332
0.15224001 7.8969145 3.842289 38.209801
0.55812031 7.923461 3.8369672 36.711311
0.65027535 7.8422632 3.8379807 36.027275
1.1426383 7.8673353 3.8370848 36.348534
1.2663883 8.0021572 3.8307753 35.807098
1.6730199 7.8803716 3.8316555 38.64035
1.9346392 8.0362549 3.826654 38.330322
2.2108495 7.8716545 3.7963033 33.203018
2.5974145 7.8121648 3.7350135 33.842957
2.9896688 7.8919535 3.6396725 29
3.1785583 7.8811502 3.7998264 34.346169
3.4584503 8.0714645 3.8235345 35.05143
3.6745796 7.8751411 3.8269591 34.805195
4.137888 7.8594098 3.8230054 34.205986
4.2359457 7.9283037 3.8189921 35.432938
4.6625128 7.8760333 3.8258114 34.425423
4.9171 7.9435225 3.8177197 35.060547
5.1933022 7.93431 3.8164709 34.099945
5.6506767 7.8446665 3.8075604 32.322441
5.8148646 7.9736891 3.8113871 32.060692
6.1602974 7.8584757 3.7212291 38.583458
6.5471621 7.8134356 3.6379681 3.5
-13.216404 8.3120289 3.7330046 34.014324
-13.17688 8.2823467 3.7471385 39.658169
-11.499481 8.3963757 3.7058501 7.375
-11.294884 8.3929825 3.6797009 7.9296875
-10.96298 8.3876352 3.7418523 7.1857376
-10.689327 8.3978148 3.7891488 7.0317221
-10.415012 8.381691 3.7927856 5.8358326
-10.102104 8.3959856 3.8493633 5.796875
-9.7269754 8.3901291 3.7870996 7.3394775
-9.3584919 8.3940773 3.8182716 6
-9.262496 8.3905935 3.8829212 10
-7.8878908 8.3161907 3.8492908 21.963825
-7.7355876 8.201499 3.8614011 36.412865
-7.2974463 8.3309507 3.8555741 35.151211
-6.916935 8.2770061 3.8672776 35.026821
-6.8221602 8.2816391 3.8697691 33.418751
-6.4270062 8.2670422 3.8693643 35.003021
-6.2138953 8.1423416 3.8715277 34.377697
-5.1134844 8.3653393 3.7250464 31
-5.0389795 8.1802578 3.7010827 30.519924
-4.7013083 8.1603689 3.8637357 35.710609
-4.3549004 8.2891579 3.8650994 35.846367
-4.083765 8.1937656 3.8592572 36.8125
-3.8569231 8.2793827 3.8573909 36.978828
-3.3411255 8.2231941 3.848074 36.187538
-3.2593405 8.2094097 3.8548627 34.284775
-2.8465724 8.2590332 3.8483977 38.796116
-2.5449586 8.2148151 3.8454251 33.675594
-2.3536043 8.3415928 3.8465281 38.643436
-1.9034687 8.3393688 3.844625 40.004341
-1.6447737 8.3238239 3.8348444 41.939205
-1.3768557 8.3191633 3.8420703 44.770245
-0.90473938 8.3163805 3.8349357 40.583332
-0.83603048 8.3043346 3.8336372 41.079651
-0.3591511 8.2590113 3.8398964 40.319767
0.17004129 8.317049 3.8366137 39.745689
0.59505928 8.2694931 3.8367977 39.604168
0.66120869 8.2708797 3.8326197 38.962143
1.1408421 8.3219013 3.8274345 38.628143
1.205194 8.265974 3.8300643 37.745502
1.6747851 8.326189 3.8276119 41.012802
2.0571179 8.1737518 3.8359077 39.53418
2.1615715 8.2876959 3.828192 39.480949
2.4469044 8.3212357 3.8025866 34.349133
3.2364178 8.1501274 3.825397 34.148579
3.4557788 8.2152529 3.8236659 35.289146
3.6649628 8.2816582 3.8262403 34.537003
4.0824704 8.2326508 3.8232667 34.251713
4.3320646 8.273489 3.8230705 35.376404
4.6520824 8.2436733 3.8190823 34.864853
5.0384688 8.1430759 3.8233843 34.120056
5.155901 8.2377453 3.81253 34.845261
5.614696 8.2484188 3.8146291 33.840263
5.7815008 8.3277893 3.8062286 33.608334
6.0189037 8.2292881 3.7493756 33.460983
-15.953678 8.558321 3.6856413 7.3359375
-15.745512 8.4499359 3.7539809 4.5588827
-15.593035 8.4423733 3.8036225 3
-13.319835 8.4249601 3.7385085 11
-13.103752 8.4407578 3.7980561 18.462135
-12.827415 8.4765539 3.6911502 10.576253
-12.441026 8.4700165 3.8288059 13.326286
-12.121668 8.470788 3.8022087 11.519777
-11.778485 8.451952 3.8063719 11.697388
-11.472866 8.4487877 3.8395743 8.5841541
-11.278175 8.4222584 3.786694 8.1870937
-10.864434 8.4143143 3.8273478 6.8435984
-10.710608 8.416399 3.8023524 6.7679167
-10.33642 8.4137268 3.7677681 6.3377228
-9.9366932 8.4051332 3.8412275 7.1536736
-9.8061085 8.4232121 3.75562 6.6716633
-9.5183907 8.5514193 3.6715832 6.3364682
-9.1254177 8.5646925 3.8616571 6.1231227
-7.9448061 8.5237961 3.8299713 14.708872
-7.6048074 8.5332146 3.8557448 38.646606
-7.3683586 8.4498396 3.8529019 33.047188
-7.0357246 8.5592365 3.8442793 31.341797
-6.7966146 8.6017017 3.852237 29.758997
-6.523108 8.5539894 3.8545239 32.275299
-5.1538925 8.5992966 3.8546143 37.174831
-4.8936224 8.5402374 3.8550484 37.436634
-4.6472311 8.594348 3.8570933 36.926067
-4.2990198 8.579504 3.8612738 35.727066
-3.9830689 8.609395 3.8524132 34.371094
-3.7612953 8.5656586 3.8459446 35.23222
-3.3619781 8.6153049 3.8403261 35.385933
-3.2287688 8.5982761 3.8470263 37.289062
-2.8490391 8.5905619 3.8416688 37.003777
-2.4929638 8.5230045 3.8391299 37.966145
-2.3346677 8.6485767 3.8414731 36.790062
-1.8803846 8.558321 3.8386173 38.236565
-1.6749433 8.5273666 3.8361244 35.361927
-1.4084494 8.5318432 3.8390818 37.224003
-0.94942927 8.5282211 3.8329709 36.93177
-0.83899218 8.4701843 3.8381417 40.061508
-0.38667321 8.4691429 3.8368952 40.517296
-0.26320645 8.4677429 3.8329983 37.0625
0.1308302 8.5017242 3.8318067 39.265327
0.4601295 8.5806961 3.8325315 37
0.6505354 8.4708672 3.8323822 39.844345
1.1553257 8.5685711 3.8294508 36.234634
1.340305 8.529398 3.8241677 37.59375
1.6296091 8.6031513 3.8216791 34.528336
1.9427772 8.576623 3.8255627 34.887856
2.2040405 8.4760571 3.8268859 38.996178
2.4540145 8.6055374 3.8174601 35.644867
3.2692463 8.4678946 3.8250089 36.03125
3.5205903 8.6287212 3.8211296 35.382778
3.6866479 8.6091957 3.8249707 34.987785
4.0845823 8.5825129 3.8198142 37.086903
4.2995605 8.5103474 3.821393 35.945847
4.567636 8.5906048 3.8146925 36.033371
4.9144764 8.5340548 3.8094709 35.971161
5.1968346 8.5802832 3.80827 36.176453
5.547225 8.6484966 3.8101897 34.269913
5.8050289 8.5029411 3.8089428 36.087086
6.0667162 8.4884682 3.8166282 34.705833
-15.999967 8.701478 3.6862867 3
-9.5003223 8.7260475 3.6628294 1.15625
-9.2269859 8.7355995 3.80093 1.59375
-7.8522587 8.838726 3.8426957 28.365698
-7.6853046 8.8721437 3.8468397 35.101517
-7.3523426 8.7806606 3.8521307 29.990164
-6.9780283 8.8261547 3.8519249 32.339729
-6.8232417 8.7473946 3.848928 27.7211
-5.1680803 8.8143167 3.8464174 38.78035
-4.8710299 8.8153353 3.8549809 36.889233
-4.7034101 8.9054422 3.8562684 37.331814
-4.365921 8.8567429 3.8456554 37.847023
-3.9097738 8.8292904 3.84059 37
-3.8262043 8.7705622 3.8482466 32.513519
-3.3599901 8.8756752 3.8375931 39.052872
-2.8630481 8.7972679 3.8435798 40.454025
-2.4215794 8.8290997 3.839946 40.995834
-2.3416467 8.7520895 3.8440213 38.070309
-1.8607898 8.7877846 3.8388817 39.433144
-1.6600145 8.7792311 3.8316386 40.368561
-1.3762118 8.7830744 3.8309908 37.444729
-0.98905885 8.7775764 3.8347068 35.291664
-0.87224466 8.818634 3.8277547 36.660713
-0.35733265 8.8059406 3.8287537 39.398952
-0.29978666 8.9628172 3.8245509 41.333332
0.15607378 8.8297997 3.8321574 39.771801
0.59784687 8.8273296 3.8282561 35.916664
0.66036999 8.8055649 3.8316069 37.924217
1.1412375 8.7801018 3.8237205 38.329865
1.2014524 8.7924042 3.8185077 38.333332
1.6508582 8.7588902 3.8189993 37.582729
2.0881429 8.8473406 3.8172297 37.25
2.122498 8.74998 3.8159451 36.273613
2.5246332 8.9154778 3.8053203 39.055161
3.477252 8.8307734 3.816895 34.75
3.678 8.8413658 3.8192849 36.597733
4.15767 8.8157463 3.8134298 37.140697
4.2706375 8.9447441 3.8137746 36.926216
4.6630116 8.8925972 3.8002987 37.588356
4.9994187 8.8253164 3.7923768 39.306068
5.2128301 8.8300743 3.7944365 39.139439
5.6315718 8.7698679 3.8002186 36.894955
5.7360458 8.8723354 3.7849474 38.529285
6.0965896 8.8070278 3.795907 35.464287
6.4598551 8.9213085 3.7771182 35.003906
-7.9421191 9.1273518 3.8247375 16.709671
-7.7423191 9.1863308 3.8396239 36.461533
-7.3534536 9.1748142 3.8455462 36.013226
-6.9625969 9.1156082 3.8443599 36.367706
-6.8828611 9.0754662 3.8436899 38.40625
-5.4133086 9.0269251 3.85672 40
-5.2456431 9.1614332 3.8546021 39.875874
-4.8899069 9.1691742 3.854188 39.059082
-4.7444592 9.1052275 3.8587852 38.208603
-4.3150139 9.1444988 3.8573966 40.618191
-3.9957242 9.137887 3.8516662 40.369789
-3.8404512 9.1590157 3.8479137 40.030354
-3.3472438 9.205699 3.8461246 40.260902
-3.2437994 9.1660557 3.8373027 40.671875
-2.8104279 9.2039814 3.8322463 41.008205
-2.50806 9.0454903 3.8384628 41.25
-2.3696074 9.1594162 3.8343782 40.444527
-1.8947772 9.164319 3.8360069 42.947674
-1.6092298 9.1630077 3.8280773 41.258522
-1.3126371 9.2102995 3.8351023 40.762993
-1.0160242 9.1441345 3.8363056 42.115234
-0.83425909 9.2454567 3.8348112 41.014313
-0.36726272 9.2380753 3.8304765 43.24358
-0.27365127 9.1865816 3.8348081 43.375
0.15757555 9.2102003 3.8279617 41.447365
0.54923368 9.1673222 3.8278661 41.057289
0.66497195 9.2494192 3.828105 40.309013
1.133172 9.2282085 3.8244054 39.68364
1.2689555 9.0941753 3.8182178 42.847656
1.626904 9.146389 3.8232546 40.25988
2.0455618 9.1135254 3.8197632 39.427834
2.147799 9.2699833 3.8198946 39.233883
2.544065 9.1924562 3.81463 37.248558
3.5572615 9.1092653 3.8182693 36.125
3.721365 9.1057892 3.8076909 36.114491
4.0856309 9.1944866 3.8106208 35.48996
4.3597288 9.1467361 3.8128963 36.440918
4.6090937 9.2403793 3.8079402 37.713409
4.9968367 9.1383648 3.8058803 36.503342
5.1443295 9.1736746 3.7999682 33.954803
5.5691099 9.1614933 3.7945442 34.686264
5.9174051 9.0906334 3.7949286 35.515625
6.1093407 9.1839905 3.7791333 34.352509
6.4898524 9.0864391 3.7641401 29.523384
-10.880932 9.4951134 3.6197362 52.269531
-10.580208 9.4594173 3.7703505 53.24839
-10.400027 9.5096493 3.8490596 51.948135
-8.1114178 9.3822765 3.854805 1
-7.9843597 9.4873848 3.8194513 13.34747
-7.7548504 9.4395714 3.8406324 35.840279
-7.4259706 9.4721985 3.8443358 32.884506
-7.0792623 9.3549824 3.8472066 34.902344
-5.7315764 9.5401955 3.8382535 40.5
-5.4464178 9.4058819 3.853622 39.090942
-5.2576923 9.4951935 3.8558621 39.364738
-4.9104166 9.4084063 3.8534176 38.986073
-4.5499325 9.5150967 3.8564715 37.114586
-4.3690968 9.3685789 3.852581 40.233482
-3.9422119 9.4419174 3.8556395 39.775391
-3.8591547 9.4656439 3.8507073 40.661243
-3.4548168 9.4564724 3.8508854 40.720001
-3.2580855 9.5493517 3.8509703 44.820312
-2.8924026 9.4852667 3.8401523 41.540764
-2.4176764 9.4788017 3.8311782 41.875
-2.3564587 9.3483238 3.8327403 41.644188
-1.8495929 9.361227 3.8301969 42.445503
-1.6659167 9.457901 3.8287363 41.519531
-1.2870184 9.4303589 3.8289723 41.609962
-1.0734968 9.4418068 3.8362894 41.666668
-0.8102411 9.5101891 3.8340912 40.982574
-0.36087847 9.3905334 3.8295608 42.495663
-0.26026088 9.5531988 3.8260469 41.4375
0.11488681 9.4711895 3.8282783 41.955326
0.58598959 9.3356113 3.8320837 40.729168
0.64723742 9.3790016 3.8221986 40.572407
1.1180546 9.4081087 3.8271735 41.550022
1.2077315 9.4442101 3.8204937 40.525002
1.6136442 9.4120522 3.8177347 40.339806
1.8704281 9.4969978 3.8116517 42.0625
2.1643925 9.4709797 3.812403 40.508125
2.569839 9.4066305 3.8117137 40.465599
2.7444782 9.5317793 3.8055079 41.375
3.7637129 9.4579487 3.8088083 35.063568
4.1255589 9.3440208 3.8098948 38.67992
4.3084326 9.4976816 3.8112938 39.036346
4.7061005 9.4641428 3.8065681 39.361988
4.9613323 9.4768295 3.7978568 37.40625
5.1610074 9.3420143 3.7975731 36.615326
5.6261053 9.4580097 3.7845395 34.960926
5.7976236 9.4841518 3.7856183 37.812939
6.1492267 9.3600655 3.7849302 35.14193
6.4595299 9.4309053 3.7626472 28.097591
6.6148362 9.4684277 3.7583337 8.1875
-10.863075 9.7659454 3.6258481 51.808643
-10.711939 9.7408466 3.7023048 57.361855
-10.357849 9.7721767 3.8690176 56.22068
-8.1175165 9.8964043 3.8500338 3
-7.9594932 9.8565559 3.8168373 15.835249
-7.6842651 9.7510681 3.8413534 38.392475
-7.3970623 9.7364569 3.8434498 34.944832
-7.1924171 9.6129961 3.8429742 36
-5.8125029 9.8521576 3.827209 39.047913
-5.6692615 9.6561069 3.8463187 37.913807
-5.2990417 9.7542477 3.8467531 39.386959
-4.8756437 9.7261486 3.8575664 39.299355
-4.7753682 9.7611132 3.8532875 38.209099
-4.3465705 9.7182732 3.8565016 39.039742
-3.9301028 9.7385368 3.848805 40.140625
-3.8069353 9.7593603 3.850503 38.300713
-3.3828053 9.8096466 3.8443532 40.305965
-3.282752 9.7829256 3.8486142 42.418751
-2.873487 9.8161764 3.8418837 44.670921
-2.4180737 9.7798405 3.8326719 43.84375
-2.3325553 9.7683773 3.8348238 44.347897
-1.9182905 9.7617607 3.8296094 43.517014
-1.583462 9.7660866 3.8336658 43.608444
-1.3015702 9.7758808 3.8317623 42.576382
-0.91911495 9.7665119 3.8334579 42.276043
-0.83792377 9.7764721 3.8276441 42.260799
-0.3631587 9.8185511 3.8262663 43.785412
-0.2757411 9.7373524 3.8255925 43.192707
0.15044704 9.7317257 3.8229361 41.781933
0.58729631 9.8070698 3.8196583 41.625
0.6602971 9.7823715 3.8191595 41.183159
1.1017752 9.7399225 3.8201232 43.073021
1.2183912 9.7503738 3.8194704 42.431122
1.6449209 9.8024464 3.8127775 43.498505
2.0950084 9.7287769 3.823678 41.75
2.1504469 9.7552977 3.812511 40.113956
2.5471983 9.7856817 3.8092382 39.965302
2.7095256 9.7962646 3.8165693 38.016666
3.8134737 9.7166977 3.8050194 34.956802
4.0842638 9.716238 3.8086324 38.574734
4.3133221 9.7778454 3.8080301 38.159798
4.6525493 9.7256966 3.8007665 38.749554
5.0239315 9.6537075 3.7839947 37.300522
5.1454077 9.7767124 3.7894406 36.156105
5.5316477 9.7755213 3.7706237 38.58979
5.734374 9.8279114 3.773272 36.286804
6.0801525 9.8015919 3.771028 36.73325
6.4884529 9.7207756 3.7651377 32.092834
6.6167107 9.8337135 3.7164962 2.0833333
-10.873436 10.034455 3.6174331 55.833332
-10.583488 10.048552 3.7626011 55.467773
-10.38478 10.048378 3.832552 55.125
-8.110651 10.16011 3.8579092 2
-7.9114304 10.05583 3.8327868 29.460815
-7.6938462 10.125977 3.8371897 33.461075
-7.4815216 9.9700336 3.8448272 38.25
-6.0582857 10.006748 3.8447282 39
-5.8727536 10.023325 3.8499584 39.526184
-5.6154761 10.072502 3.8472376 37.635658
-5.2631607 10.120214 3.838748 41.780701
-4.8510647 9.9585876 3.8434753 36.769417
-4.5888758 10.048315 3.8384802 38.518227
-4.3841686 10.087654 3.8463118 41.453728
-4.0033627 10.012418 3.845973 40.246357
-3.8192878 10.096281 3.8417573 42.066029
-3.377444 9.9616604 3.8488128 43.793518
-3.2717698 10.048574 3.8506193 43.990234
-2.8641915 10.010338 3.8439178 41.857208
-2.4857607 9.9928493 3.8382831 45.53302
-2.3342786 10.077156 3.8363495 44.642334
-1.8700876 10.003891 3.8331013 42.54631
-1.5610547 10.049985 3.8339953 44.575504
-1.2846783 10.040863 3.8304095 42.486633
-1.0087222 10.164017 3.8318071 44.429688
-0.82622045 10.057931 3.8300171 42.422768
-0.41700125 10.040737 3.8242826 44.20742
0.1149768 10.009234 3.8229859 45.023636
0.57753539 10.045933 3.8219519 43.5
0.65149111 10.064177 3.8227987 42.892151
1.1487269 10.087379 3.8197398 42.467999
1.2930523 10.094097 3.8137503 43.125
1.6329 10.051586 3.8168588 42.923676
2.0263145 10.133465 3.813221 41.597656
2.14013 10.015612 3.8094013 40.998825
2.6097612 10.094687 3.8018479 39.015308
2.8782709 10.043539 3.8041124 35.882465
3.8781557 9.9695444 3.8024909 37.625
4.0797281 10.134241 3.8000119 38.367016
4.2688246 10.062263 3.7969208 39.610107
4.6283903 10.058609 3.7955806 39.430302
4.9330006 10.055113 3.7917733 39.836636
5.1607337 10.089106 3.7710629 37.626541
5.5710669 10.089428 3.7734461 39.003403
5.7556152 10.006441 3.7744808 37.656471
6.173696 10.036564 3.7549572 41.425854
6.5334272 10.036319 3.7482777 29.767359
6.655304 9.9757404 3.7801933 6.1666665
-10.863127 10.375293 3.6261859 53.972275
-10.705082 10.271811 3.6975017 53.471336
-10.399523 10.380013 3.8540514 59.360558
-8.1271324 10.312131 3.8472934 1.75
-8.0027075 10.302856 3.7981563 8.9125891
-7.7697659 10.219826 3.842319 32.625
-6.1739616 10.421053 3.8281846 43.552952
-5.8573818 10.346397 3.8340664 40.45739
-5.4911613 10.437605 3.8299274 42.099609
-5.3261132 10.275976 3.8454404 39.437855
-4.8388643 10.290312 3.8413467 39.362617
-4.7793584 10.344049 3.8446667 40.577194
-4.3077154 10.270567 3.8486967 38.878883
-3.9283476 10.364727 3.838716 38.102081
-3.8109732 10.269625 3.8452163 39.452583
-3.3879616 10.342983 3.83288 43.290009
-3.2800684 10.339087 3.8438396 42.96302
-2.8906474 10.274847 3.8474169 42.664272
-2.4281483 10.343266 3.8344772 45.490578
-2.3610244 10.323784 3.8368082 43.690678
-1.8857193 10.334736 3.8298254 45.024887
-1.6265645 10.288111 3.8269548 42.878647
-1.3324255 10.348658 3.8253961 44.649158
-1.0634208 10.269467 3.8251772 44.460125
-0.82487273 10.340645 3.8238719 43.568283
-0.35369483 10.297295 3.8219073 45.752937
-0.29001582 10.325608 3.8245575 44.333595
0.14833936 10.307361 3.8200216 43.237228
0.57153964 10.279616 3.8170238 44.195057
0.67502242 10.353416 3.81846 44.720116
1.1553932 10.388119 3.8143487 43.375935
1.2384303 10.370973 3.8147793 44.814522
1.6513745 10.318302 3.8080659 43.492268
2.0674367 10.358309 3.8071883 42.25
2.1675787 10.322166 3.8099358 41.271011
2.6387498 10.396333 3.8067727 40.949287
2.8981717 10.317815 3.8059697 38.076035
3.0379252 10.417566 3.7942591 37
4.1688328 10.33177 3.784626 37.961327
4.2242365 10.340107 3.7961216 39.075043
4.6578193 10.349817 3.7814493 39.665646
5.0251951 10.392288 3.773365 39.72998
5.2291975 10.426958 3.7740164 40.429092
5.6374335 10.401203 3.7686596 39.70607
5.7695971 10.338562 3.7613208 41.45961
6.1955013 10.269959 3.7591195 39.617916
6.5273881 10.374699 3.7380629 23.778288
6.6087699 10.336923 3.687366 1
-10.830006 10.583014 3.6018989 61
-10.585052 10.595275 3.6619492 57.517323
-10.397757 10.588984 3.6446967 57.02153
-10.128568 10.594365 3.7796361 57.75222
-9.731781 10.591085 3.770287 57.556137
-9.3680897 10.631363 3.8288448 48.901028
-9.2520046 10.694593 3.8437967 31.19408
-8.9670315 10.764212 3.8920417 18.200001
-7.9993658 10.648186 3.8086042 9.8335772
-6.3375416 10.682037 3.8271084 39.75
-6.163084 10.66004 3.8252716 44.44186
-5.8474102 10.682598 3.8317122 43.379372
-5.4947844 10.606245 3.8297598 43.568081
-5.2889929 10.667099 3.8296044 41.338974
-4.9070845 10.709972 3.8398237 41.966019
-4.7605152 10.634483 3.8426881 39.989761
-4.3422279 10.673378 3.8424344 42.758911
-4.0964594 10.593952 3.8379445 41.802334
-3.8181405 10.69999 3.8396161 42.936913
-3.3771229 10.702263 3.8361759 44.540852
-3.2250023 10.634136 3.8334904 46.10667
-2.8324933 10.667824 3.835705 43.987732
-2.5537438 10.593971 3.8361111 42.879517
-2.3414614 10.734259 3.8291864 44.598991
-1.8760418 10.692062 3.8272703 47.174194
-1.6590322 10.553679 3.8252263 44.641499
-1.3013651 10.753971 3.828186 44.039368
-1.0632346 10.647923 3.8209314 43.296021
-0.84234548 10.749704 3.8205309 44.200558
-0.36879504 10.778346 3.8179348 45.857723
-0.27988049 10.696398 3.817349 45.816406
0.12919375 10.710476 3.813962 45.066017
0.58042622 10.693506 3.8170104 44.078125
0.66634643 10.757233 3.8134217 44.630745
1.1121341 10.691777 3.8135984 44.192795
1.2657559 10.64595 3.8077364 41.775238
1.6858947 10.73107 3.8100495 42.801407
2.0187962 10.609393 3.8036187 41.615673
2.2005949 10.641168 3.8055155 40.913937
2.6565084 10.767565 3.8036728 40.247505
2.9761386 10.623318 3.7991402 39.529583
3.0128927 10.716362 3.802352 38.680664
4.1591253 10.657351 3.7817988 42.603516
4.3510666 10.607229 3.7694645 39.838867
4.6813941 10.602355 3.7729859 37.755295
5.0372124 10.709985 3.7651196 40.068275
5.1669669 10.683405 3.7699592 35.241829
5.4934926 10.650496 3.7649543 42.832359
5.8336163 10.597281 3.7693319 39.033691
6.1701231 10.658985 3.7452455 35.728119
6.5606441 10.655366 3.7452626 22.356441
6.6043453 10.602469 3.7040324 2.5
-9.4249134 10.887223 3.6499357 5.125
-9.0323696 10.811016 3.8631451 12.1875
-8.9543543 10.824803 3.8875637 8.3125
-6.6142669 11.018888 3.8315361 40
-6.3779101 10.977088 3.8254352 41.527763
-6.2184529 11.004272 3.820806 41.705482
-5.9050283 10.88596 3.8201456 43.859417
-5.4844742 10.983177 3.8218908 44.728516
-5.2832708 11.058823 3.8155689 43.90049
-4.8655281 10.98389 3.8197618 43.565178
-4.7099876 10.986745 3.8268752 43.171875
-4.377449 10.959221 3.832695 43.586296
-4.0104856 10.966252 3.8248777 41.863281
-3.8544927 10.939292 3.8307757 44.533508
-3.3786323 10.862499 3.822921 45.310795
-3.2576547 10.921387 3.8247221 44.901001
-2.8645248 10.8657 3.8314228 45.499474
-2.4877336 11.006081 3.8253279 43.92202
-2.3370337 10.893914 3.83093 45.325939
-1.8344599 10.859675 3.8274617 45.251865
-1.6334724 10.836742 3.8222284 43.451092
-1.406354 10.905712 3.8251915 44.659859
-1.0186265 11.045345 3.8162782 43.933594
-0.81641626 10.85368 3.8178339 45.139336
-0.37471321 10.988089 3.811749 49.166916
-0.27570647 10.87613 3.8101506 46.25293
0.14606623 10.83304 3.815412 45.32653
0.54794347 10.92927 3.8040009 47.387371
0.65220815 10.954512 3.8122702 45.978508
1.1314108 10.878128 3.8091135 45.398666
1.2325734 10.934256 3.8052101 44.174782
1.6508425 10.89287 3.8055325 44.115929
2.020663 10.925272 3.8035758 41.318115
2.1598425 10.859333 3.8007874 41.182964
2.6156371 11.026517 3.7915659 40.264931
2.7963071 10.984964 3.7931905 39.221947
3.0540195 10.87351 3.7842789 35.543533
4.1837139 10.857715 3.7593501 37
4.330596 10.933304 3.7706127 38.427143
4.6440945 10.993926 3.7603924 39.093182
4.9749451 11.037501 3.7682791 41.28125
5.2871342 10.986647 3.7582459 39.081593
5.6179829 10.901283 3.7602282 38.674858
5.80902 10.922953 3.7503953 35.895176
6.1637106 10.858136 3.764925 37.38987
6.4742231 10.969858 3.7400222 31.809647
6.6156483 10.991737 3.7499752 11.6875
-6.6806574 11.29314 3.8245201 40.317478
-6.3323388 11.227436 3.8215294 44.364483
-6.2396722 11.240416 3.8234539 41.624634
-5.842248 11.254593 3.8187535 45.623177
-5.429266 11.279288 3.8126493 45.685936
-5.3258634 11.243696 3.8144507 44.666515
-4.8587942 11.259858 3.8157005 43.142574
-4.7623158 11.287477 3.8111629 43.620018
-4.3188314 11.328498 3.8166053 43.752983
-3.9496992 11.212248 3.8275852 42.623375
-3.8391809 11.187862 3.8155766 44.738289
-3.3734193 11.173496 3.826221 45.04641
-3.2672763 11.267661 3.8264496 42.931969
-2.856257 11.238934 3.8297749 44.503052
-2.4389243 11.251758 3.8204498 44.073891
-2.3248279 11.288237 3.8249965 45.577538
-1.8554289 11.307714 3.8217039 45.851818
-1.7196625 11.190786 3.8184814 44.343605
-1.3558538 11.263016 3.8190386 43.468327
-1.0465189 11.226665 3.8147442 44.247044
-0.78704095 11.220562 3.8158994 43.993595
-0.39407983 11.255287 3.8061187 46.544998
-0.24990469 11.253491 3.8071151 46.490887
0.16162562 11.251994 3.8096602 44.646564
0.55786049 11.26629 3.8096476 45.786133
0.65542483 11.269596 3.8049431 45.638191
1.1376933 11.300714 3.8009114 45.176582
1.2359258 11.274784 3.8044274 44.378746
1.6624866 11.265773 3.7962742 44.526531
2.0631413 11.236526 3.7968349 39.661724
2.175806 11.277611 3.7911277 41.43169
2.6496458 11.227098 3.7893667 40.174782
2.8845835 11.249143 3.7959852 37.398079
3.1103377 11.343407 3.7857702 38.158035
4.4243655 11.189117 3.7754021 39.666016
4.6717806 11.307986 3.7567668 40.782299
5.0477276 11.155279 3.7546911 39.865986
5.1261101 11.221321 3.7692511 40.849834
5.6060514 11.285809 3.7608776 38.527359
5.8807735 11.18187 3.7491851 35.613953
6.1588144 11.222788 3.7497826 35.424416
6.4763021 11.278286 3.7322106 22.549685
6.6215639 11.340296 3.6843567 1
-6.9434142 11.52902 3.8217454 29
-6.7818336 11.607745 3.8178375 33.379654
-6.3738127 11.542246 3.8104217 38.732826
-6.2145557 11.522091 3.8220029 43.087673
-5.8730373 11.582485 3.8225179 44.143059
-5.482214 11.485704 3.8148665 42.016113
-5.3395553 11.612727 3.8188457 45.7686
-4.9470558 11.569159 3.8082907 45.080658
-4.7486897 11.590244 3.8075538 45.644531
-4.3022289 11.572485 3.8093004 44.34185
-3.9507267 11.448982 3.815558 44.929688
-3.8105707 11.521553 3.812639 42.092636
-3.4055767 11.49704 3.8225021 45.879036
-3.2520428 11.542284 3.827498 46.542908
-2.8778281 11.557611 3.81846 46.357349
-2.464725 11.608536 3.8169661 45.658203
-2.3167143 11.574084 3.8104584 46.973774
-1.8789237 11.545082 3.8118162 45.797554
-1.6253071 11.559729 3.8109441 45.286663
-1.3442066 11.498102 3.8122485 44.708267
-0.93932307 11.531571 3.8111086 44.529297
-0.77970922 11.542027 3.8101892 44.405037
-0.45943016 11.513773 3.808671 47.001675
-0.23935896 11.635406 3.8044221 45.453125
0.17854285 11.632998 3.803216 46.632946
0.56571782 11.611457 3.7990284 46.538246
0.63127822 11.609428 3.8048012 44.511322
1.0660541 11.61886 3.8008099 43.276878
1.2452846 11.602577 3.7873249 43.691406
1.6326233 11.615498 3.7955251 45.322517
1.9777603 11.58366 3.7871227 41.921875
2.1462779 11.488319 3.7842638 41.915115
2.6393225 11.459045 3.7801847 39.636467
2.731822 11.459892 3.7729201 40.164062
3.0993843 11.53079 3.7814507 41.396141
3.4122105 11.673153 3.7819479 33.5
4.4837694 11.562936 3.7589402 40
4.6741114 11.641188 3.7555089 35.195766
4.9942598 11.651501 3.7551441 38.234375
5.1787653 11.488518 3.7581913 37.878136
5.64147 11.653237 3.7545543 39.181831
5.8160386 11.48724 3.7558641 32.907021
6.0862751 11.586639 3.7521389 37.023323
6.4660702 11.610308 3.7392116 35.680489
6.6365299 11.453524 3.7666249 11.125
-6.9767647 11.899469 3.8165867 37.682293
-6.776494 11.856355 3.8156824 30.767035
-6.3764906 11.879723 3.815443 35.262398
-6.2265053 11.871349 3.8130531 36.8125
-5.8511634 11.910405 3.8162608 41.465897
-5.4449687 11.830292 3.807456 46.375
-5.26794 11.868281 3.8074417 47.126263
-4.9160118 11.814177 3.8130832 49.68454
-4.7677059 11.775282 3.8117535 44.435936
-4.3523092 11.812387 3.803941 48.406944
-3.9356413 11.812925 3.8044734 44.376732
-3.8265567 11.806477 3.7979147 47.544968
-3.4086757 11.838108 3.8076828 49.796608
-3.2457323 11.839476 3.8103549 50
-2.8753343 11.871519 3.8111005 47.454811
-2.4418378 11.736982 3.8076768 45.193424
-2.3018804 11.876982 3.8064144 49.530788
-1.8921716 11.84492 3.8067102 47.718727
-1.6026889 11.876537 3.8192804 43.528885
-1.3859763 11.829611 3.7979078 44.457611
-0.91931343 11.806821 3.7951322 44.36898
-0.8827877 11.819004 3.7962532 44.151997
-0.35980976 11.74941 3.8012738 43.325455
-0.25545081 11.773769 3.7996321 46
0.1545943 11.861794 3.7914436 44.930725
0.58768427 11.858356 3.8001695 45.200001
0.76579279 11.910698 3.7910547 43.014641
1.1316218 11.917368 3.7869735 43.793678
1.2306223 11.862143 3.7945395 42.982292
1.5934675 11.851986 3.7671113 45.664856
2.0644827 11.882446 3.7748709 47.770836
2.2229958 11.896923 3.7555292 47.450165
2.6685104 11.848776 3.7615304 47.89119
2.7171416 11.805065 3.758637 44.405598
3.1759424 11.758389 3.7706161 43.020241
3.4219534 11.945094 3.7816372 40.59375
4.7353249 11.840305 3.737474 40.048164
4.9097714 11.888412 3.7336316 43.57349
5.1862326 11.794475 3.7420053 42.046509
5.6273375 11.786357 3.7478595 40.286232
5.7805681 11.838216 3.747129 38.903126
6.1773577 11.815305 3.7525976 39.529739
6.4969654 11.762114 3.7298717 23.695358
6.6241083 11.889402 3.7559481 11.5
-7.2659802 12.16761 3.8126779 38.59375
-7.069478 12.186089 3.8077202 38.274803
-6.8037505 12.175341 3.8109663 38.640198
-6.3307686 12.239793 3.8166575 41.23053
-6.2612753 12.188766 3.8033748 38.441963
-5.8435111 12.175736 3.805887 40.037399
-5.4331074 12.025196 3.8072481 43.0625
-5.343132 12.201794 3.8031964 41.044758
-4.879961 12.175036 3.8049984 47.391426
-4.7640162 12.131737 3.8030963 45.462238
-4.3385553 12.215945 3.8049159 51.304035
-4.0705962 12.152578 3.8045678 46.6875
-3.7688651 12.180053 3.8016696 47.484428
-3.3675542 12.207743 3.8101718 49.949814
-3.2853525 12.117514 3.8021734 49.102867
-2.881249 12.202389 3.7967875 47.899574
-2.486038 12.107706 3.8003755 46.636719
-2.3173814 12.22325 3.7974744 47.43288
-1.8417916 12.207281 3.797236 47.595303
-1.708483 12.128153 3.8035326 45.250198
-1.3602133 12.16283 3.8034842 45.725822
-0.9880631 12.256819 3.8071322 44.338539
-0.84489584 12.121328 3.7963157 47.130112
-0.40171373 12.194279 3.7973466 48.37389
-0.23293091 12.14588 3.7986941 48.015625
0.13900632 12.18515 3.7936294 47.520477
0.55842048 12.091244 3.7928069 47.132812
0.67495704 12.273273 3.7795925 48.394279
1.1393509 12.280708 3.775784 49.492188
1.3668718 12.180367 3.7854042 46.118935
1.6280525 12.225251 3.7717755 47.53685
1.9938923 12.079453 3.7634716 47.223602
2.1976221 12.20188 3.7715197 46.33989
2.5999858 12.190104 3.7675314 39.336433
2.7573748 12.154143 3.7639556 46.257812
3.0932982 12.139715 3.7670903 45.202557
3.4132729 12.059034 3.7695999 42.568012
4.7570009 12.094672 3.7400503 34.738281
4.9851856 12.222838 3.7597079 38.82032
5.1619601 12.157158 3.7456589 36.206409
5.5881929 12.240068 3.7519662 38.580284
5.8306179 12.094309 3.7301736 38.714844
6.1312323 12.209524 3.7368298 37.22702
6.4687767 12.178141 3.7203078 30.381914
-7.5353289 12.522846 3.8191614 38
-7.2879939 12.462459 3.8037229 39.12294
-7.077692 12.386333 3.804009 40.311134
-6.7885571 12.469803 3.8024259 41.065624
-6.3382921 12.39111 3.8069353 39.362053
-6.1024246 12.529178 3.805562 43.5625
-5.8255758 12.460161 3.8077011 42.632931
-5.4183259 12.440615 3.8054681 47.007812
-5.308445 12.437551 3.8046968 45.505936
-4.929081 12.46874 3.7979455 47.497505
-4.6644764 12.540739 3.800364 43.804688
-4.3310404 12.503611 3.7997937 43.964149
-3.929544 12.404677 3.8025179 44.979168
-3.8314281 12.477907 3.7982402 48.625435
-3.366219 12.476973 3.8059592 49.689777
-3.2502983 12.497563 3.8000612 51.433594
-2.8473663 12.468048 3.7940102 44.468376
-2.4185278 12.471657 3.7909753 45.187828
-2.2083838 12.533757 3.7926517 41.770344
-1.8667989 12.38015 3.7884157 46.113789
-1.7115499 12.510109 3.7921662 45.928341
-1.3404086 12.425415 3.7885714 45.868469
-1.0760989 12.47527 3.7898047 45.062824
-0.84093952 12.397723 3.7934065 46.022255
-0.3924464 12.376434 3.7953229 48.619678
-0.26114374 12.378325 3.7940626 47.859375
0.15842755 12.49222 3.7903211 46.119301
0.55923355 12.440924 3.7746222 49.145752
0.65535653 12.3557 3.7891159 45.961609
1.1143875 12.358962 3.7800951 47.515694
1.2362325 12.411861 3.7965357 45.097656
1.7327508 12.432835 3.7740188 47.441933
2.0627351 12.427389 3.7810938 46.0765
2.1635714 12.415634 3.7648916 47.99807
2.6610436 12.411835 3.7666852 44.947166
2.7596078 12.367628 3.7662101 40.882812
3.1683066 12.414726 3.7692866 42.3167
3.4617226 12.472343 3.7606597 40.750469
3.6149335 12.49779 3.7573609 38
4.7731457 12.325146 3.7604678 32.5
4.9276419 12.386143 3.745831 35.337402
5.2018118 12.371481 3.7560043 39.521629
5.6005974 12.51618 3.7460265 36.133949
5.7735319 12.431147 3.739475 34.568359
6.129468 12.392706 3.7459254 39.217735
6.5219283 12.409777 3.7330132 27.511765
6.6772637 12.503355 3.7731655 5
-7.6536112 12.820436 3.8075743 32
-7.3886814 12.735878 3.8072705 36.345215
-7.0582085 12.713713 3.8104389 37.679688
-6.8067408 12.807385 3.802763 36.847794
-6.3614197 12.80121 3.8008809 40.049427
-6.2651224 12.756118 3.802726 40.828125
-5.8252363 12.730352 3.8022795 43.267227
-5.4374561 12.720915 3.8019948 42.232811
-5.3634934 12.73396 3.7946012 44.292778
-4.8355432 12.800858 3.7932343 43.302292
-4.7543297 12.762838 3.7981076 39.21875
-4.374939 12.757381 3.7954447 45.9758
-3.9481347 12.693722 3.796258 44.64077
-3.8669379 12.716894 3.798563 45.683434
-3.3935351 12.724682 3.7995648 50.820751
-3.2641134 12.717649 3.8030634 47.380859
-2.8604198 12.725279 3.7944157 47.719749
-2.4418998 12.720566 3.7894478 49.800377
-2.3421459 12.65023 3.781971 45.488132
-1.9154785 12.667307 3.7842846 48.530479
-1.7720184 12.815245 3.7822309 45.326824
-1.343069 12.690499 3.7831855 46.124611
-0.92990375 12.730949 3.7785139 45.75
-0.83719206 12.698242 3.7796555 44.067715
-0.39755061 12.765281 3.782299 46.797775
-0.25895754 12.64362 3.7788754 49.057293
0.20117718 12.811018 3.7733774 48.893223
0.57334036 12.739231 3.774857 47.882812
0.67270905 12.757879 3.7732086 47.130489
1.1064332 12.829464 3.7765241 48.103886
1.2370312 12.749038 3.7827945 44.911461
1.6105572 12.800795 3.7713585 47.892754
2.0465631 12.812824 3.7672591 42.447914
2.1825109 12.816769 3.7607903 44.694557
2.6684809 12.70339 3.76914 39.444366
2.7245264 12.720479 3.7605724 42.079426
3.1526151 12.814433 3.764436 41.846756
3.5080025 12.809991 3.7707682 37.611244
3.6525908 12.794237 3.7658126 38.465492
5.0187798 12.682146 3.7507849 36.25
5.1999688 12.790548 3.7435946 33.812119
5.629982 12.753414 3.7491012 33.624592
5.8983059 12.708864 3.7481763 31.928125
6.154191 12.689222 3.7450621 32.878746
6.4650164 12.836729 3.7398787 28.870335
6.6040592 12.707642 3.6899335 2
-7.8554974 13.170481 3.817102 35.8125
-7.6596785 12.986687 3.810523 31.71875
-7.4160357 12.992432 3.7978649 34.558968
-7.0947256 13.088188 3.7995076 37.263023
-6.7592201 13.12952 3.7938187 45.256218
-6.3511887 13.091742 3.8005772 38.484238
-6.0919514 13.089384 3.80162 42.046875
-5.9026818 12.95112 3.7937021 39.692528
-5.481492 13.050214 3.7931962 47.726234
-5.2992487 13.055531 3.7837276 47.93515
-4.8972139 12.989084 3.794127 46.019783
-4.7518768 13.106795 3.7910304 49.183594
-4.3060961 13.07014 3.7924519 46.137665
-3.9282713 13.077662 3.7893524 44.773438
-3.8085413 12.984846 3.797081 46.073196
-3.3206363 12.966651 3.7969446 49.994698
-3.2602661 13.089945 3.7964416 45.03125
-2.8701172 12.979443 3.7946658 48.676788
-2.4249415 13.028595 3.7825766 46.813641
-2.2865047 13.013882 3.7838585 51.471775
-1.9725486 13.005594 3.7831049 50.5998
-1.7480459 12.995441 3.7805948 49.430012
-1.360447 12.98643 3.7797275 48.026566
-0.92041165 12.967255 3.7869909 46.505211
-0.80531007 13.117321 3.7789004 48.377464
-0.36498716 13.075124 3.78475 51.925411
-0.22884376 12.985271 3.7999723 47.725586
0.081773117 13.063223 3.7897215 49.746265
0.54061997 12.972888 3.7814271 47.59375
0.67452037 13.106235 3.7734838 50.027016
1.1463473 13.060009 3.7603126 48.134903
1.2368507 13.024431 3.7660208 49.464844
1.60338 12.992057 3.762301 46.936165
1.9758358 13.080724 3.7632923 44.197266
2.1972127 13.15176 3.7570219 40.952759
2.5845468 13.080551 3.7508824 42.680786
2.785341 12.960983 3.7622895 41.269531
3.1195197 12.952137 3.7534833 39.321754
3.521493 13.053301 3.755332 36.250366
3.6444182 13.095911 3.7517991 36.84375
5.170289 13.124417 3.7480257 32.205513
5.5205126 12.996436 3.7469745 28.894272
5.913003 13.119131 3.7373829 32.272621
6.1424685 13.056993 3.7488036 29.043539
6.4676924 13.034061 3.7467823 32.414062
6.6716404 12.995535 3.7717233 5.25
-7.876277 13.414013 3.7939391 28.626823
-7.7561216 13.28841 3.8093457 37.115314
-7.374526 13.344262 3.8077424 37.707561
-6.9178605 13.256888 3.7946129 41.617188
-6.7841692 13.270233 3.78931 41.733002
-6.3549442 13.337074 3.7929997 38.221512
-6.2806292 13.34325 3.7939358 40.1875
-5.8673716 13.282976 3.7921157 39.564323
-5.4190807 13.285049 3.7892647 43.760414
-5.3333817 13.315565 3.7857718 45.543404
-4.8630309 13.33469 3.783216 41.364746
-4.7183361 13.313881 3.7825747 40.942711
-4.3978047 13.271147 3.7857347 43.987831
-3.9163604 13.359489 3.78757 46.683594
-3.8515215 13.255785 3.7917166 45.459824
-3.3663173 13.360293 3.7919025 48.646809
-3.2710295 13.306575 3.7946641 52
-2.8527794 13.439904 3.7871723 47.146721
-2.4943299 13.404964 3.7827604 44.744141
-2.2400694 13.372566 3.7804809 46.640278
-1.9392304 13.456747 3.7759314 50.461479
-1.7613591 13.340412 3.7739897 47.848633
-1.3467752 13.295052 3.7749939 46.415054
-0.96937418 13.395955 3.7673461 46.0625
-0.82440603 13.336838 3.7813144 47.386436
-0.34029129 13.289848 3.7782063 55.740608
-0.19007605 13.499864 3.7599282 50
0.15774804 13.325537 3.7707582 48.476414
0.57367671 13.365728 3.7703786 47.765625
0.67921525 13.306072 3.7695222 48.040237
1.1115038 13.432369 3.7661798 48.801083
1.2340593 13.377953 3.7739553 50.023438
1.6673204 13.326689 3.7622132 47.528126
2.0833812 13.381094 3.754755 43.40625
2.1746726 13.268267 3.7654281 43.408516
2.6465554 13.304852 3.7634783 42.420044
2.7363086 13.44811 3.7489915 42.265625
3.198395 13.339594 3.7615175 36.060478
3.5528674 13.324987 3.7624936 39.640297
3.6969149 13.368568 3.7561316 32.560226
5.2165833 13.356588 3.7444763 30.818848
5.648243 13.298385 3.7474508 33.448189
5.7298694 13.423178 3.7489266 27.796875
6.1729488 13.247921 3.7489135 33.837406
6.5412374 13.329874 3.701735 14.764527
6.6066031 13.361153 3.7530055 12.333334
-13.309402 13.664773 3.7158928 38.700401
-8.1520634 13.73645 3.7883911 4
-7.8261242 13.726758 3.7925293 26.91358
-7.6871157 13.639544 3.8019643 32.686012
-7.3601146 13.656608 3.7959571 35.477234
-7.1114521 13.62944 3.8054247 42.1875
-6.8572779 13.639068 3.8015001 36.950974
-6.3743167 13.716633 3.8074474 34.287537
-6.2374859 13.718521 3.8005481 38.637695
-5.7794428 13.726927 3.7718415 35.059364
-5.4780302 13.623713 3.7440567 42.430035
-5.2891445 13.677289 3.7552133 49.285515
-4.9968634 13.658115 3.7717464 43.314297
-4.751688 13.669502 3.7800412 40.5
-4.3579187 13.589771 3.7869868 41.984467
-3.9416018 13.749372 3.7807922 41.912598
-3.8127742 13.693411 3.7868354 44.838341
-3.3909149 13.76205 3.7882633 44.58989
-3.2472148 13.681311 3.7929807 44.5
-2.8713052 13.696505 3.7803483 44.285538
-2.450541 13.659384 3.7778308 44.910156
-2.1797957 13.664751 3.7748752 45.454258
-1.9217987 13.710596 3.7786622 44.270229
-1.7299823 13.689632 3.772542 45.40918
-1.3214805 13.717922 3.776361 45.135704
-1.0153232 13.605608 3.7794547 42.057293
-0.82756758 13.66523 3.7759356 46.664856
-0.37712792 13.672088 3.7732611 49.067276
-0.27769774 13.633509 3.7746429 48.261719
0.15224701 13.665497 3.768744 48.040176
0.55367136 13.632097 3.7633159 49.262695
0.63082242 13.586018 3.7661819 46.688019
1.1438682 13.707558 3.7547288 48.758514
1.2282584 13.701502 3.7548494 46.712242
1.6899166 13.707999 3.7572317 45.640083
1.9704418 13.604084 3.7587562 40.178223
2.1622636 13.697308 3.7560725 39.351967
2.6324353 13.684549 3.7505751 37.692421
2.7681861 13.704615 3.7539592 38.28125
3.1063251 13.665878 3.753391 32.795586
3.5279174 13.719037 3.7455792 34.678711
3.6576123 13.745694 3.7542686 32.430088
3.9362721 13.628345 3.7434034 26.5
5.3206286 13.659561 3.7470932 26.606119
5.6644831 13.761009 3.7339001 24.394697
5.868185 13.668261 3.7192574 29.953125
6.1324301 13.74011 3.7271819 30.499681
6.5082989 13.621283 3.7017076 27.158123
6.6482267 13.641431 3.7558694 7.25
-13.269768 13.837184 3.805017 34.944515
-13.190034 13.991754 3.782603 41.5
-8.1327419 13.984978 3.7873275 4.5
-7.9444609 13.993218 3.7827039 26.597773
-7.6247344 13.985504 3.7968726 33.625
-7.2858858 14.01696 3.8018141 29.13586
-6.938077 13.909513 3.795054 34.932812
-6.7259159 14.019624 3.7929046 38.0979
-6.3684158 13.920841 3.8010793 41.088181
-6.2375889 13.953642 3.7968695 41.125
-5.9083023 13.866877 3.7916455 38.518173
-5.2588596 13.805756 3.6631916 33
-4.8960304 13.958955 3.784637 35.465927
-4.7452898 13.931135 3.7894876 37.1875
-4.3339605 13.864532 3.7828488 41.78196
-3.9712148 13.902578 3.7866139 42.8125
-3.7892649 13.897936 3.7883511 44.89122
-3.4446311 13.929643 3.7838964 43.321075
-3.2804871 13.838675 3.7750721 44.371094
-2.8922462 13.868655 3.7804008 39.694229
-2.5088518 13.895029 3.7757666 42.272461
-2.298409 13.981474 3.7714548 45.958103
-1.8686132 13.870275 3.7740335 51.494053
-1.6720412 13.854125 3.7722878 43.121094
-1.3577702 13.948555 3.7596061 48.132156
-0.96750903 14.00956 3.7616563 48.320312
-0.82595503 13.995128 3.7674961 53.487816
-0.35663503 13.923948 3.7680342 53.77029
-0.26796171 13.98221 3.7678685 55.546875
0.19048783 13.893162 3.7612767 49.215332
0.5660851 13.925898 3.7509198 49.0625
0.68452072 13.928724 3.7621491 49.33651
1.1361022 13.901159 3.7576923 49.211662
1.2230561 13.978598 3.7555742 49.035805
1.6584473 13.88111 3.7542906 45.547058
2.0687604 13.881842 3.7605796 41.582684
2.237572 14.029972 3.7458148 39.326935
2.6571217 13.910925 3.752672 38.074989
2.7545676 13.978167 3.7436867 37.28125
3.1379828 13.908061 3.7478316 36.284233
3.4990358 13.939197 3.7496378 34.125
3.7038808 13.884562 3.7482071 33.483521
3.9409852 13.888777 3.7446749 31.734375
5.3577681 13.902779 3.7222657 21.5
5.6641531 13.968975 3.7242451 33.924316
5.7296014 13.917413 3.7469895 28.5
6.1673641 13.922422 3.7300224 28.986061
6.4994087 13.907719 3.7271447 24.637207
-13.211958 14.195309 3.7867079 31.587906
-13.165824 14.270884 3.7749457 16.143917
-8.1385117 14.285952 3.7739387 4.625
-7.8878589 14.305628 3.7759199 20.492371
-7.7770109 14.300144 3.8009462 32.65625
-7.3597422 14.225002 3.7879944 28.70224
-6.949605 14.218326 3.7884626 35.820312
-6.8152885 14.274714 3.7836943 37.154236
-6.3609238 14.252395 3.7898879 45.745247
-6.0882311 14.288973 3.7889459 45.538086
-5.9845448 14.149833 3.7642479 43.5
-5.1244345 14.335589 3.7537589 26.75
-4.9094257 14.321169 3.7750258 39.046967
-4.763011 14.250461 3.7884343 42.242188
-4.3707724 14.161001 3.7880144 42.247192
-3.925313 14.215274 3.7883828 41.938965
-3.8281283 14.290071 3.7780356 44.004292
-3.3486798 14.250132 3.7812138 42.591396
-3.2875276 14.295084 3.7777629 47.3125
-2.8471498 14.291847 3.7766776 45.161663
-2.4610023 14.300026 3.7750244 49.550133
-2.2045722 14.305653 3.7648091 49.45491
-1.899074 14.27495 3.7781563 50.586445
-1.6885054 14.243464 3.7763653 45.30658
-1.3174648 14.186335 3.7664828 49.315334
-0.91294664 14.282469 3.7714396 49.089844
-0.79160738 14.285814 3.7734303 51.859409
-0.37650204 14.361999 3.767395 59.038662
-0.29201883 14.283956 3.7835217 60.57251
0.16939767 14.185648 3.770741 53.728664
0.55170971 14.13608 3.7678437 53.4375
0.67655802 14.241893 3.756645 50.411617
1.125896 14.273571 3.7544205 51.916992
1.3303683 14.180304 3.7593722 48
1.6447427 14.334177 3.7459617 48.590508
2.0505776 14.190197 3.7530479 40.478516
2.1428111 14.2761 3.7493591 41.542465
2.5883899 14.198488 3.7523198 38.901367
2.7449405 14.3608 3.7543383 41.4375
3.1206756 14.351015 3.7449079 35.801033
3.571291 14.184498 3.7518296 36.848961
3.6373699 14.336718 3.7500339 36.020721
4.02736 14.278615 3.7305789 31.829111
5.6299362 14.171083 3.726068 27.676643
5.7626276 14.288852 3.7394745 31.168564
6.1859531 14.275397 3.7281404 34.425091
6.5359545 14.157006 3.6889224 16.245485
6.6040525 14.194796 3.6942253 5.5
-7.9816461 14.542407 3.7753167 22.056763
-7.6798596 14.652478 3.7949109 34.25
-7.3980913 14.529006 3.7970266 33.079628
-7.0220327 14.619553 3.7968779 33.1875
-6.8705683 14.571188 3.7900567 35.605469
-6.4845819 14.523755 3.7820349 37.278645
-6.2693076 14.616681 3.790561 33
-5.1192679 14.58788 3.7643466 32.3125
-4.8638 14.570704 3.7800126 41.730385
-4.7366319 14.566813 3.7769012 38.515625
-4.2888508 14.607005 3.7839608 37.084198
-3.9359155 14.533339 3.7842681 43.5
-3.8368888 14.627953 3.7759612 36.988159
-3.3313923 14.556704 3.772438 45.49588
-3.2646427 14.475405 3.7815809 43.875
-2.8943591 14.467889 3.7794933 45.956032
-2.4500258 14.538352 3.7805696 43.745483
-2.3222275 14.529988 3.7665691 43.712997
-1.8673804 14.525873 3.7643948 52.816277
-1.6665106 14.591509 3.7686636 49.058105
-1.3608402 14.471437 3.7699552 47.040905
-1.120609 14.595238 3.7614651 48.391357
-0.80621302 14.443998 3.766602 54.932072
-0.36729744 14.450378 3.7676926 55.405815
-0.27813673 14.485907 3.7622113 55.265625
0.166375 14.502268 3.7565074 48.260799
0.55245423 14.575916 3.7566886 48.729168
0.73170209 14.532822 3.7554498 50.299133
1.1587064 14.574067 3.746381 53.926731
1.3257173 14.569953 3.7553554 48.34375
1.6004014 14.610115 3.7477241 48.292557
2.0303068 14.542044 3.7407808 41.9375
2.191186 14.640576 3.734026 35.077522
2.5918951 14.589396 3.7432942 36.128883
2.7404542 14.580695 3.7402785 32.132812
3.0985613 14.497404 3.7500205 34.571835
3.4313109 14.519985 3.7324967 32.378906
3.7144551 14.551847 3.7315917 31.204712
4.0736246 14.567693 3.730691 28.192383
4.2450895 14.632044 3.722949 29
5.6544914 14.59342 3.7390084 28.125
5.7830887 14.524067 3.7258034 29.829916
6.0988979 14.524548 3.7238085 29.304199
6.5411863 14.582394 3.6865928 25.284271
6.6766653 14.536054 3.7489038 4
-8.137495 14.961731 3.760159 3
-7.846179 14.817906 3.7886078 26.546867
-7.7782197 14.780988 3.794564 30.020832
-7.4126425 14.89316 3.7869136 25.085653
-7.0363173 14.880207 3.7861936 26.312824
-6.8219256 14.781919 3.7954073 31.367983
-6.4879155 14.828569 3.7963116 31.317863
-5.1467075 14.852437 3.7748039 40.516602
-4.8620052 14.813344 3.7794843 41.594925
-4.7710505 14.802525 3.7804856 38.921875
-4.2960968 14.759669 3.7711535 38.709084
-3.9216523 14.786215 3.7695775 37.476562
-3.8385305 14.858938 3.761167 42.482216
-3.3915362 14.836912 3.7604489 45.863228
-3.2699604 14.845596 3.7745633 39.390625
-2.8366282 14.795251 3.7719657 42.322998
-2.4864163 14.891234 3.7663496 41.787109
-2.3350847 14.788066 3.7674677 44.020748
-1.8919264 14.837486 3.7659752 44.64032
-1.6844332 14.836845 3.7660341 50.516602
-1.3694038 14.822988 3.7557487 41.593262
-1.0114136 14.839956 3.7625976 41.296875
-0.82149208 14.863819 3.75243 44.323372
-0.36223251 14.850015 3.7589211 50.156258
-0.28834784 14.882242 3.7517056 53.3125
0.14357194 14.849337 3.7575989 47.544186
0.56423032 14.773684 3.7553568 46.229168
0.72709751 14.865572 3.7515087 46.696983
1.1265442 14.75421 3.7406125 50.627689
1.2168262 14.802358 3.7490861 50.75
1.6291401 14.777973 3.7271497 43.779434
2.0552337 14.837084 3.7366571 42.46875
2.1549823 14.86323 3.7408526 45.011551
2.643116 14.808746 3.7551053 38.3554
2.7098486 14.823134 3.7497966 34.875
3.1722672 14.787958 3.7483454 34.803192
3.5315237 14.791607 3.749052 31.804688
3.7342257 14.924668 3.7390041 34.430618
4.109314 14.82379 3.7349389 28.401768
4.2534332 14.846745 3.7480092 33.0625
5.8642721 14.909847 3.7397289 28.944336
6.1431293 14.865648 3.711153 30.943682
6.5197287 14.7852 3.7386703 21.929817
6.6413603 14.807878 3.7323213 6.75
-7.8733797 15.124626 3.7844331 22.945101
-7.6143885 15.11027 3.7932396 29.3125
-7.2788544 15.206237 3.78494 26.636372
-7.1123772 15.147528 3.7760403 31.375
-6.7431784 15.138828 3.7826014 23.360695
-6.5519266 15.164044 3.7885413 27.480469
-5.2144275 15.094259 3.7919836 43.71875
-4.8580837 15.087145 3.7851067 42.254353
-4.7612343 15.228704 3.7834048 42.125
-4.3768435 15.2306 3.7688589 25.012974
-4.0370126 15.132814 3.7622185 38.8125
-3.8574505 15.190144 3.770437 32.969116
-3.3413863 15.220554 3.7643204 37.199726
-3.2458405 15.114834 3.758976 43.661457
-2.8857346 15.246851 3.7644823 34.915428
-2.4738402 15.193537 3.7669058 41.607422
-2.2447829 15.140487 3.7746959 45.598133
-1.8459451 15.240782 3.7717624 49.950951
-1.7004765 15.216969 3.7739229 49.95752
-1.3845732 15.180712 3.7651906 46.618767
-1.0097022 15.133762 3.756943 48.875
-0.80619115 15.180099 3.7531822 48.153145
-0.38543737 15.182741 3.7529755 56.849285
-0.096060492 15.170807 3.7701039 49.75
0.1181055 15.219682 3.7617915 55.648529
0.47484958 15.152802 3.7658589 51.875
0.63091135 15.261885 3.7542653 48.874413
1.1299894 15.190313 3.7557132 47.278606
1.3819406 15.156357 3.7465401 43.21875
1.6346283 15.215141 3.7393165 38.288486
2.0219634 15.180841 3.7325065 37.958336
2.1561861 15.210599 3.7276139 35.699844
2.644341 15.23687 3.7352867 46.168182
2.7278838 15.222506 3.7428484 40.174477
3.1435947 15.236169 3.7434249 38.624062
3.5469222 15.150017 3.738441 35.79427
3.6651399 15.222441 3.7491877 38.231239
4.1221642 15.122179 3.7363057 30.202623
4.2251458 15.26177 3.7258964 28.9375
5.9513512 15.168628 3.7080278 31
6.145606 15.190526 3.7101529 28.465244
6.4601984 15.163134 3.6922059 20.886066
6.6890345 15.274763 3.7259541 3.875
-14.169742 15.574794 3.7589707 27.396484
-14.010052 15.587759 3.7786436 31.384081
-13.645599 15.571888 3.7267332 38.044128
-13.382725 15.583458 3.7104211 34.693863
-12.989996 15.508307 3.8435986 37.678398
-12.864022 15.53019 3.7274213 51.09375
-8.1325073 15.430237 3.7898793 6
-7.9865255 15.485252 3.8183227 20.518555
-7.6854172 15.423799 3.7837915 23.5625
-7.3306952 15.336324 3.7840934 25.140625
-6.9488444 15.443287 3.8036346 30.041666
-6.8335075 15.38439 3.791944 30.803995
-6.5648689 15.426117 3.7892134 22.5
-5.4176912 15.521252 3.7735336 66
-5.1782823 15.377028 3.7833142 49.262238
-4.8542562 15.448026 3.7821021 46.959579
-4.7621346 15.497107 3.7599936 41.117188
-4.3769808 15.442036 3.7727027 19.31671
-3.9710808 15.452415 3.7652736 15.25
-3.8456163 15.383337 3.7705257 22.214779
-3.3451447 15.413275 3.7676058 25.32896
-3.2634535 15.368004 3.7606916 22.125
-2.8791533 15.364037 3.7668657 24.745115
-2.5704761 15.422053 3.7523308 22.21875
-2.3245718 15.372919 3.7569208 33.279224
-1.9148186 15.482374 3.7530327 49.627888
-1.7164971 15.552073 3.747201 57.665039
-1.3069029 15.537619 3.74862 57.374573
-0.93385035 15.36882 3.7647386 57.71875
-0.80312669 15.358778 3.7707269 53.445068
-0.36524099 15.335178 3.7664552 60.433945
-0.26370424 15.377741 3.7652893 55.451824
0.18317133 15.37093 3.7646208 51.861763
0.57972157 15.360985 3.7421961 58.75
0.64072764 15.389681 3.7570958 41.195164
1.1424791 15.396086 3.7535415 26.307953
1.3541129 15.504401 3.7177615 14.187256
1.650198 15.381673 3.7407141 24.70569
1.9480172 15.46209 3.7229362 18.671875
2.1878066 15.438959 3.7262206 17.425287
2.6847622 15.461171 3.7014499 49.627037
2.7510612 15.455589 3.7327461 43.511719
3.2347336 15.400106 3.751524 34.428604
3.5400419 15.556484 3.7318552 31.371094
3.7930131 15.419872 3.7429819 31.38332
4.1821733 15.448386 3.7506642 28.894695
4.3222289 15.389449 3.7277541 28.928101
6.1212454 15.421164 3.7089794 32.395966
6.4792552 15.396921 3.7217669 23.93594
6.6859522 15.492981 3.7380924 2.5
-16.834461 15.763585 3.6972451 14
-16.678339 15.786793 3.6383758 19
-16.266445 15.800704 3.8631434 21
-14.240156 15.612601 3.6064973 21
-13.827239 15.600891 3.6804655 33.799999
-13.705161 15.606796 3.8204107 34.75
-13.338041 15.605171 3.842195 30.416668
-12.813945 15.62903 3.7313004 31.336916
-12.390574 15.794514 3.7283192 32.838303
-12.066587 15.780636 3.7392178 46.369495
-11.965023 15.784441 3.8374417 49.406139
-9.3493996 15.79947 3.7886777 3.7864585
-9.1223764 15.770717 3.8399262 5
-8.8136044 15.761799 3.8288374 5.25
-8.5243139 15.821374 3.6025882 3
-8.2866707 15.76926 3.6919637 6.0838346
-7.8824778 15.777922 3.7404613 51.702805
-7.7546406 15.770529 3.6628294 46.076828
-7.3303108 15.818596 3.7236073 35.784069
-6.9888716 15.807929 3.7174115 34.234631
-6.8079352 15.799738 3.7533627 38.866524
-5.4345746 15.61967 3.708266 73
-5.1950655 15.611877 3.6869974 85.156609
-4.9193239 15.621132 3.699491 66.238754
-4.7629719 15.654366 3.6936104 36.910713
-4.4181156 15.809221 3.7207077 3.668885
-3.9481642 15.797581 3.6950889 3.1430664
-3.8049769 15.725222 3.7469199 4.5451035
-3.3699994 15.799461 3.7425945 3.6236196
-3.2465916 15.686401 3.7629361 6.3356123
-2.8536901 15.776005 3.7536936 4.5527735
-2.5071089 15.752449 3.7590785 4.8761597
-2.3635011 15.787619 3.6902504 4.6669393
-1.8464803 15.603363 3.6737223 58.116276
-1.7913387 15.61287 3.6415093 63.333336
-1.29844 15.607296 3.617239 54.894043
-0.92384374 15.606049 3.6200786 51
-0.85125273 15.616632 3.6462488 59.651192
-0.32775068 15.612142 3.6460714 63.040039
-0.2827723 15.618691 3.6831713 62.6875
0.18118712 15.616092 3.6722691 57.920631
0.591555 15.605875 3.7416105 59
0.64126146 15.640635 3.6433241 38.441311
1.1137552 15.666796 3.7070584 2.375
1.4835024 15.600323 3.7561772 3
1.6832857 15.691366 3.6152523 2.3333333
2.3388348 15.763279 3.6553946 5.8439941
2.6529891 15.64476 3.614706 52.226864
2.9053459 15.760504 3.6387167 36.3125
3.125443 15.849049 3.6949835 45.691475
3.5480652 15.639426 3.7360783 29.536459
3.6961503 15.765226 3.7270021 28.818594
4.1538954 15.702496 3.7427187 25.471046
4.3549452 15.735994 3.7251916 21.671875
4.5347443 15.7745 3.7321644 19.34375
6.234952 15.642962 3.6743941 36.168419
6.5307293 15.696264 3.6522694 13.035662
6.6787314 15.811121 3.614239 1
2.9554238 15.919439 3.6222425 49.25
3.1566918 16.046844 3.6446245 50.055161
3.4862053 16.132141 3.7108138 24.654785
3.7063107 16.150925 3.7411733 21.670654
4.1416326 16.078518 3.7126477 18.138702
4.255621 16.053074 3.7435393 22.909668
4.5916581 16.079021 3.7134309 18.301758
-9.6680012 16.325769 3.6434121 7.1875
-9.4184895 16.413143 3.6484628 8.7739258
-9.1769943 16.386932 3.6369598 8.2539062
-8.8985405 16.39785 3.6246734 10.039062
3.2600899 16.230146 3.6775341 34.0625
3.4745462 16.251827 3.6962028 23.703531
3.64643 16.328827 3.7226138 23.683781
4.1157341 16.279604 3.7263455 19.633242
4.3383532 16.445429 3.7207294 24.38855
4.5918684 16.306038 3.7210522 19.458862
-9.9460182 16.751583 3.6440318 10.5
-9.7846584 16.680254 3.623311 14.46875
-9.4841499 16.608036 3.6246977 16.5625
-9.2173271 16.589396 3.6160569 14.5
-8.9375935 16.695557 3.6207223 12.3125
3.4331102 16.591522 3.7076445 26.523438
3.7682738 16.658772 3.7133098 21.993198
4.0558853 16.670126 3.7410178 19.087402
4.4406748 16.637108 3.7341418 20.53125
4.6181035 16.65284 3.713335 17.942078
-10.057778 16.959393 3.6299906 12
-9.7745571 17.011185 3.6078119 15.5
-9.5326433 16.882601 3.6086183 13
-9.002099 16.968393 3.6746457 8
3.5175843 17.04842 3.7100515 16.5
3.7318149 16.907738 3.7353456 25.503601
4.1151142 16.875198 3.7330971 21.081482
4.3192248 16.923126 3.7075768 20.634888
4.5776591 16.990318 3.7025304 19.060364
-10.356147 17.264141 3.6665177 7.5
-10.096097 17.262661 3.6161902 15.25
3.57376 17.1759 3.735425 24.5
3.7899642 17.26664 3.7088273 21.397949
4.1374102 17.214962 3.7026172 18.844282
4.283812 17.25012 3.7359147 21.018879
4.6242995 17.268364 3.7275631 18.928841
4.8366628 17.32148 3.7061791 21
-10.569537 17.675936 3.632422 6
-10.44538 17.563778 3.6258802 10
-9.9492264 17.558702 3.6096303 14.625
-9.7330265 17.582277 3.6010087 4
2.2042723 17.656664 3.8803115 2
3.5990183 17.520823 3.7039757 11
3.8200116 17.486626 3.7258801 15.314697
4.0963106 17.526421 3.7224338 19.986679
4.3279648 17.498152 3.7217765 15.9375
4.6255317 17.590984 3.6960156 15.929688
4.9434719 17.54874 3.7012906 17.648438
-10.676827 17.850649 3.6434684 8.5
-10.056902 17.939756 3.6566076 8
-9.7803316 17.934835 3.606355 4
3.7392087 17.813593 3.7127447 13.366211
4.1376286 17.836094 3.6989806 12.922363
4.3069735 17.838533 3.6805511 17.024414
4.6882868 17.837482 3.7181396 17.845762
5.0040731 17.844067 3.7056785 19.275425
-10.902953 18.208725 3.6409583 6
-10.789042 18.076559 3.6225266 8
-10.378597 18.234955 3.6062465 13
-10.000242 18.196304 3.6698866 5.6875
3.8184342 18.123781 3.6938794 14.203125
4.077054 18.136255 3.7238088 16.69883
4.3415155 18.086639 3.7116632 13.815186
4.6287484 18.115612 3.7033005 16.291992
5.0308151 18.165199 3.6635838 20.96875
5.1001945 18.286572 3.6973305 15
-11.011494 18.45554 3.6268716 5
3.8665314 18.374006 3.7104192 13.875
4.0255222 18.507475 3.7163451 17.139973
4.2888722 18.463449 3.7093821 14.5
4.6315699 18.51384 3.6985278 17.836426
4.9824848 18.454033 3.6965818 17.03125
5.1475892 18.551003 3.7022817 18.25
3.8981705 18.888796 3.6686025 16
4.0728512 18.671352 3.708005 15.095053
4.3643084 18.728279 3.6963253 15.015625
4.6603813 18.732933 3.7025304 18.658997
4.9255934 18.729164 3.6973853 22.245605
5.2197275 18.715954 3.6704459 14.976562
4.0672722 19.014088 3.6856933 14.777344
4.2921467 18.968121 3.702764 15.307861
4.6006317 19.066376 3.7157927 22.695312
4.9651909 19.100395 3.7180443 21.433594
5.2607427 19.075212 3.6805229 18.145834
5.4093261 19.113384 3.6737449 13
-11.292177 19.425411 3.6211584 7
-11.014409 19.463501 3.6138003 9
-10.695024 19.435036 3.6060505 6
4.0773478 19.318321 3.6977711 16.759766
4.3436513 19.365522 3.6920936 16.710938
4.7594442 19.444122 3.6977897 21.776775
4.8913569 19.334156 3.6724613 17.8125
5.2311106 19.403427 3.6919913 21.165247
5.4424596 19.356133 3.673367 14.75
-11.713261 19.611938 3.6633086 7
-11.593415 19.626947 3.6206493 10.375
-10.974004 19.666502 3.6051328 12
-10.636518 19.536102 3.620111 6.5
4.0702186 19.582857 3.7063484 13.90625
4.2525349 19.643768 3.6834927 17.449219
4.5856214 19.694553 3.6743798 15.680908
4.9001369 19.665428 3.6850207 21.574219
5.2795181 19.707285 3.6680131 16.800781
5.4899192 19.725552 3.6949189 13.9375
-11.465935 19.866787 3.6009898 14
4.1473789 19.932131 3.6625235 14.625
4.3655982 19.947393 3.6744022 17.201822
4.7139845 19.914841 3.6636093 15.833944
4.9749842 20.037891 3.6658907 16.140625
5.2296214 19.89716 3.6937602 16.40625
5.4502344 19.943802 3.6558871 18.556641
4.1854 20.2815 3.6984324 14
4.3993502 20.210375 3.6744049 14.743652
4.5937028 20.311184 3.6928382 18.250977
4.9812603 20.201256 3.6768756 17.5
5.271163 20.298403 3.6867194 19.695312
5.5559115 20.263704 3.658895 16.370605
5.7171698 20.257778 3.6642022 16
4.3925843 20.633556 3.6542888 16.625
4.6607981 20.505299 3.6611903 16.714844
4.8736959 20.532181 3.6862068 17.851562
5.2256947 20.561913 3.6389928 18.09375
5.5499859 20.469418 3.6692958 18.03125
5.7829609 20.544125 3.6811252 14.25
4.3242617 20.821907 3.637114 14.03125
4.7441502 20.839417 3.6479001 19.329285
4.9942541 20.851564 3.6584086 18.938293
5.2382851 20.941854 3.6684561 29.920443
5.5223637 20.771013 3.6653686 19.422852
5.7564669 20.908939 3.655364 18.152344
4.3485961 21.115753 3.6601214 14.333334
4.6968355 21.05645 3.6602237 27.277344
5.0431662 21.13538 3.6555219 23.84375
5.2429409 21.035736 3.6212869 22.8125
5.5562358 21.014969 3.6506729 36.25
5.8591022 21.078432 3.6323047 19.125
4.4707532 21.565275 3.6562102 15
4.6039629 21.434769 3.6827507 17.210938
4.8846679 21.504467 3.6635551 17
5.374589 21.406137 3.6093788 21
5.494482 21.451862 3.6687307 17
5.8244276 21.42794 3.653605 18.375
6.0192089 21.523514 3.6918666 16
4.6734114 21.708698 3.6610179 17.53125
4.9891968 21.812763 3.6537766 15.875
5.2479401 21.797182 3.6493776 16.695312
5.663425 21.763849 3.6748528 17.222656
5.8521347 21.717178 3.6753368 14.914062
6.1011324 21.844378 3.6607094 17.25
4.6893787 22.006025 3.6301522 14.875
4.9140606 22.116261 3.6767921 16.734375
5.2431188 22.00733 3.6527314 15.583333
5.6389055 22.073086 3.6770365 18.453125
5.9365473 22.03989 3.6294496 18.309895
6.2130327 22.152557 3.6596179 14
4.6828985 22.335621 3.6704516 18.125488
5.0278454 22.403587 3.6516185 17.578125
5.1895943 22.261875 3.6505818 17.117188
5.5675831 22.367214 3.6546183 17.90625
5.9277506 22.411926 3.6398492 16.625
6.0692663 22.349825 3.6255903 14.875
4.7876263 22.654522 3.6497159 14.5
4.957406 22.66917 3.6254845 15.414062
5.2688141 22.617424 3.6274409 16.3125
5.5411954 22.632513 3.6360567 14.8125
5.8033524 22.714413 3.6594877 16.515625
4.7755547 22.949017 3.6462917 15
4.9258261 23.012402 3.6519284 20.5
5.1971216 22.941387 3.6504178 18.21875
5.5839114 22.951262 3.6484497 18.296875
5.8535094 22.955841 3.6538081 13.546875
6.0767827 23.077719 3.6318727 15
5.0094862 23.312849 3.6346078 14.375
5.3044286 23.163549 3.6610303 18.375
5.4945145 23.308834 3.645797 14.234375
5.8244019 23.339767 3.6419766 14.6875
6.002193 23.209738 3.6564577 13
4.8924918 23.596376 3.6394739 14.1875
5.3335824 23.536263 3.6383529 14.636475
5.5044556 23.493904 3.6433821 15.75
5.8122425 23.620312 3.6616058 14.53125
6.051671 23.684649 3.6124084 15
5.0609493 23.79664 3.6098299 16
5.2447014 23.884705 3.6590738 14.359375
5.6336746 23.911936 3.6328981 14.546875
5.8970051 23.81427 3.6520958 17.601562
6.0811796 23.855419 3.6466355 14.125
5.0235624 24.022419 3.615386 15.5
5.2546124 24.084385 3.6573889 15.75
5.6238861 24.208504 3.6502829 19.5
5.8563051 24.162537 3.6475732 15.5
6.220644 24.095842 3.629344 13.75
6.3012462 24.114519 3.647974 9
5.221796 24.457603 3.6439886 17.53125
5.5394516 24.472118 3.6378477 18.5
5.8177977 24.435184 3.6412706 13.5
6.1705871 24.498753 3.6457508 17.375
6.3050456 24.483755 3.6192305 13
5.0977368 24.807837 3.6192677 16
5.2523737 24.814957 3.618469 15
5.5559015 24.725731 3.6423502 18
5.8397465 24.759706 3.6442242 19.828125
6.236702 24.817875 3.6245348 16.03125
5.2683158 25.055571 3.6384082 17.5
5.6441498 25.067036 3.6376348 14.25
5.8954391 25.102169 3.618294 15.25
6.1084824 24.993141 3.6178093 19
5.3601952 25.322201 3.6406627 15.75
5.6133957 25.313713 3.6409378 12.875
5.7751603 25.283587 3.642957 14
6.1239624 25.404289 3.6252897 16.25
6.3673191 25.417704 3.6136031 11
5.3317432 25.584848 3.6134279 15
5.5847807 25.646885 3.6275504 16.4375
5.8589067 25.597702 3.6403089 15.625
6.0543528 25.644697 3.6118112 12
5.3868361 25.954649 3.6089783 14
5.532135 26.092091 3.6181843 18
5.8676968 25.900131 3.6471431 16
6.1958156 25.880009 3.6025102 13
5.4195933 26.180258 3.6143241 13
6.1872129 26.191813 3.6185565 15.25
5.6797466 26.417526 3.6048384 12
5.8292937 26.416306 3.6123557 18.5
6.1005239 26.533047 3.6183472 14.5
5.58003 26.821623 3.6252685 14
6.0820632 27.250505 3.6263909 12
-3.9192948 -30.036255 3.9121509 22
-3.336987 -30.023842 3.9439418 16
-2.7570648 -30.003052 3.9706006 7
-2.5112934 -30.0124 3.9529583 22
-1.8211262 -30.014072 3.9768291 12
-1.4489323 -30.076748 3.9759142 10
-0.75600088 -30.043058 4.0151582 7
-0.41998979 -30.035046 3.9132285 24.25
0.1115862 -30.034008 3.912755 18.25
0.75595105 -30.034889 3.9359789 14
1.3828073 -30.024364 3.9544556 16
1.5907539 -30.01548 3.959569 18
1.946133 -30.028509 3.9412124 15.5
-1.1045877 -29.478037 3.9399753 4
-1.0111407 -27.712271 3.9151311 9
5.9755421 -23.828741 4.0745478 5
6.1524801 -23.789671 4.1051826 12.617975
6.4529133 -23.599743 3.9575863 15.500814
6.5344219 -23.303101 4.1057873 11.5
6.4841542 -22.814724 4.0211196 11
6.4554558 -22.619658 3.9584296 6.953125
6.4676433 -22.38299 3.9699507 11.21875
6.4782152 -22.133938 4.0667448 10.317708
6.4683409 -21.821974 4.0843344 10.5
-8.4899445 -19.593037 3.9236841 13.25
-6.7756643 -19.663221 3.9107499 12.75
-8.9687567 -19.370922 3.91764 6
-6.7336206 -19.476395 3.9149327 8
-4.8869586 -17.102726 3.987227 72
-4.4570193 -17.102421 3.9457488 71
-4.9098229 -16.943832 4.1696982 52.115234
-4.6945543 -17.018856 4.0490227 63.947472
-4.2749319 -17.016764 4.0393362 74.920494
-4.0500402 -17.026356 4.0089393 90.28125
-3.8189626 -16.997789 4.0331478 114.90898
-3.3503575 -16.999714 4.12011 116.61607
-3.202426 -16.99939 3.9988871 112.5625
-2.8873525 -17.00028 4.0562887 72.134315
-2.466213 -16.997734 3.9925368 94.510414
-2.3056521 -16.994869 4.1133871 120.78494
-1.8484478 -16.98868 4.0491238 120.00521
-1.7198286 -16.993816 3.9868569 115.875
-1.2743822 -16.979858 3.9593391 34.070312
-0.95597601 -16.989368 4.0433788 93.805664
-0.78395188 -16.992241 4.0446587 58.079056
-0.34708124 -16.988474 4.0017309 117.6947
-0.19436955 -16.983753 4.0743332 94.375
0.19209856 -16.988934 4.0143585 117.83975
0.5668813 -16.988823 4.1199541 123
0.66734147 -16.987 3.9973598 117.51137
1.1421497 -16.991356 3.9559274 104.00751
1.2417467 -16.983641 4.0139904 111.98975
1.6533697 -17.019897 4.0362062 72.826797
1.9463006 -16.994644 4.0490403 80.479164
2.2350302 -17.025839 4.0437908 73.762169
2.5134771 -16.904226 3.9847653 43.532177
-4.950901 -16.686539 4.0808268 30.21875
2.5213616 -16.720284 4.1456528 19.5
-4.88621 -16.224663 4.1322508 25.720703
2.4983459 -16.328892 4.134634 16.15625
-4.9625568 -16.001066 4.0504408 36
2.4924564 -15.946823 4.0840001 15.112143
-4.9623871 -15.770119 4.098608 29.931152
2.4845228 -15.849541 4.1187291 12.389404
6.4674282 -15.69586 4.1489825 12.917969
-4.9174719 -15.4738 4.1109343 25.09375
2.4802299 -15.507244 4.0920057 13.27124
6.4528546 -15.4998 4.0227723 11.311434
-4.9463553 -15.100622 4.1082735 33.708332
1.24587 -15.039953 4.1990857 3
2.4849956 -15.204729 4.1157618 11.505709
6.4651146 -15.19034 4.0105639 10.435261
-4.9601049 -14.881073 3.9832115 30.875
1.2036387 -14.95292 4.1975055 2
1.6539166 -14.899222 4.1975803 2
2.4955859 -14.775491 3.9889636 17.19618
6.4486475 -14.971122 4.0866714 10.613281
-4.9536161 -14.589703 4.0669575 37.249268
2.497155 -14.492345 4.0706806 12.09375
-4.9651804 -14.367466 4.0232015 34.592285
2.4767439 -14.252497 4.0177393 18.859375
-4.931633 -13.893749 3.9997611 26.8125
-4.708416 -13.880433 3.9841399 18.625
-4.4250355 -13.848583 3.979661 12.467882
-4.0529966 -13.98437 3.9571159 2.5
-3.876987 -13.887882 3.9862032 10.898438
-3.3839653 -13.847967 4.0009613 18.592449
-3.219281 -13.929832 3.9739408 6.2083335
-2.8793659 -13.907551 3.9828634 8.8125
-2.5027819 -13.913513 3.983602 9.875
-2.3425932 -13.89694 3.9829996 11.057292
-1.8636203 -13.906959 3.9847918 11.645834
-1.7352231 -13.880045 3.9693599 14
-1.3592012 -13.889803 3.977519 15.0625
-0.47101542 -13.947801 3.9572968 3
-0.11473434 -13.950436 3.9593921 3
0.16917332 -13.872937 3.9762788 22.03125
0.41550195 -13.911585 3.9615278 12.09375
0.66713148 -13.864132 3.9741325 22.41927
1.0724311 -13.92144 3.9578867 8.6879883
1.210209 -13.874619 3.9773076 17.9375
1.6759002 -13.877766 3.9701967 10.802074
1.948801 -13.931816 3.9576035 3.4179688
2.209554 -13.863802 3.9820523 18.378649
2.4527359 -13.99605 4.0197535 17.375
3.687521 -13.840212 3.9474471 2.5
5.7888761 -13.830776 3.9530036 2
-6.6316233 -13.761559 3.9650321 3.90625
-6.3615999 -13.713846 3.959836 13.091472
-6.155314 -13.720142 3.9543278 12.212674
-5.7928557 -13.620657 3.9800258 15.608774
-4.9169083 -13.590393 4.0225825 41.04533
-4.7362456 -13.631438 4.0225682 45.335938
-4.3175964 -13.67741 4.0195713 42.137817
-3.9410748 -13.697371 4.0048566 39.5
-3.8613338 -13.596311 4.0222178 40.193295
-3.5052452 -13.620827 4.0176277 40.776016
-3.1529222 -13.713452 4.0014195 40.0625
-2.8420014 -13.740362 4.0008335 33.688667
-2.4726999 -13.725367 4.0013757 42.4375
-2.3270054 -13.702698 4.004436 43.376831
-1.9280146 -13.690557 4.0054898 47.086304
-1.6352677 -13.710217 3.9959078 48.5
-1.3379651 -13.681221 3.9987397 55.32299
-1.0783955 -13.675854 4.0181231 55.375
-0.8292824 -13.650591 3.9831011 60
-0.34860063 -13.589049 3.9984646 30.5
-0.23514539 -13.789215 4.0095315 35
0.13590688 -13.728909 4.0213642 53.921875
0.40170765 -13.569921 4.0174036 55
0.68792522 -13.722665 4.0009918 45.005581
1.1057312 -13.702768 3.9951482 51.056435
1.2328043 -13.613285 3.98299 42.484375
1.6573746 -13.593504 3.9995296 50.449379
2.0076985 -13.659005 3.983037 38.625
2.1791892 -13.698521 3.9831605 42.588623
2.4437609 -13.653738 3.9738522 38
3.1432099 -13.587019 3.9410396 32.915771
3.5353694 -13.722906 3.9650917 13.953125
3.669384 -13.640326 3.9756541 25.720739
4.0934315 -13.706578 3.9512408 17.871277
5.6432037 -13.623878 3.9626989 20.827087
5.7670679 -13.705315 3.9689198 11.454988
6.1016979 -13.60737 3.9532351 25.905994
-6.3790846 -13.330352 4.0433197 29.591145
-6.2100811 -13.402711 4.0198631 30.125
-5.8239832 -13.376257 4.0302076 36.007732
-5.578908 -13.444734 3.988363 52.078125
-5.3424692 -13.421019 3.9649978 49.971481
-4.9709396 -13.377487 3.9668665 44.441082
-4.7825146 -13.249611 4.0304413 53.291668
-4.3219447 -13.269258 4.0191793 44.726562
-3.8411264 -13.32218 4.0103068 40.680794
-3.3545413 -13.298801 4.0143671 47.134766
-3.228003 -13.418808 4.0037289 47.359375
-2.8300462 -13.405561 3.9990914 47.354492
-2.4450579 -13.475034 4.0068092 56
-2.3435097 -13.283762 4.0133495 50.456982
-1.8600795 -13.258462 4.0107708 49.344727
-1.6328635 -13.260368 4.0083861 50.59375
-1.330138 -13.270521 4.0241227 53.070312
-1.0536146 -13.339081 4.0291576 54.5625
-0.36123058 -13.332459 4.008462 55.5
0.1292126 -13.398346 4.0189877 52
0.47065103 -13.386375 4.0289202 53.625
0.82297313 -13.330499 4.0072579 55.431152
1.1050454 -13.467241 4.0147681 55.439545
1.2145116 -13.34389 4.0072985 50.25
1.6485122 -13.305079 4.0018063 50.996838
1.9728966 -13.413135 3.9939556 50.145832
2.2304506 -13.363628 3.9951172 47.219063
2.6402726 -13.260586 3.9373417 48.706764
2.7943387 -13.368716 3.9281101 50.001923
3.1614943 -13.262877 3.9889781 46.381016
3.5229867 -13.356389 3.98259 45.5625
3.6443257 -13.277582 3.9753604 43.782234
4.0638018 -13.389221 3.9876733 36.583984
5.382544 -13.258204 3.9797659 23
5.6225209 -13.322529 3.9916792 34.096191
5.7998099 -13.403186 3.9799256 33.829956
6.1315422 -13.312554 3.9816973 37.166679
6.4147754 -13.301532 3.9658422 35.43457
-6.3370218 -13.070488 4.0493994 20.833334
-6.1816158 -13.010334 4.0360055 33.572918
-5.8071117 -12.993319 4.0368848 39.776855
-5.4432082 -12.973429 4.0334735 42.75
-5.317709 -13.061896 4.0341229 44.03125
-4.8763404 -13.044883 4.0295134 46.059376
-4.7310605 -13.065203 4.027462 45.6875
-4.3275585 -13.065292 4.0230327 47.211342
-3.9238207 -12.919201 4.0194077 39.5
-3.8280282 -13.106341 4.0178823 41.001736
-3.3516586 -13.145344 4.021904 45.999611
-3.2442117 -12.980139 4.0130315 45
-2.8797297 -12.992481 4.016221 50.826984
-2.5501466 -13.009513 4.0241356 48.604168
-2.3130484 -13.111987 4.0083756 47.197918
-1.8515663 -12.974957 4.0193853 48.728516
-1.5652435 -13.01339 4.0162745 51
-1.4187816 -12.996857 4.0167999 51.76963
-1.0973393 -12.995615 4.0172787 51.46875
-0.20357299 -13.136442 4.02319 54
0.13082689 -12.969925 4.0153322 54.375
0.42100275 -13.104472 4.0273104 50.625
0.82338202 -13.131218 4.0151834 52.804749
1.0814075 -13.098488 4.0107927 48.747437
1.2803072 -13.027246 4.0048265 50.052086
1.6245081 -13.10892 4.0006237 48.730507
2.0589204 -13.033223 3.9878833 48.787842
2.1939304 -13.047843 3.9934855 48.542263
2.5173886 -13.078711 3.9807174 51.242188
2.8199148 -13.01843 3.9969034 47.145836
3.140471 -13.102652 3.9793172 43.695026
3.4430189 -12.994788 3.9735081 46.494789
3.6838324 -13.049876 3.9810064 46.497314
3.9282975 -13.119577 3.9697194 41.375
5.3507004 -13.061684 3.983882 32.694824
5.6362324 -13.041194 3.9768786 31.284798
5.7409072 -13.159077 3.9739084 31.5625
6.1138048 -13.126141 3.9842567 33.646545
6.4311199 -13.043274 3.9629683 20.401367
-6.1718907 -12.809603 4.0417156 37.40625
-5.8408203 -12.777145 4.0319653 42.553875
-5.4423285 -12.782598 4.0258336 40.5
-5.300992 -12.716703 4.0380974 42.893944
-4.8558645 -12.764998 4.02985 45.877766
-4.7714705 -12.725515 4.0284605 45.395836
-4.3885365 -12.760923 4.022851 43.150066
-3.9302406 -12.775278 4.0182877 42
-3.8311925 -12.723282 4.0260382 41.395916
-3.3873844 -12.709943 4.0157051 46.17556
-3.2783148 -12.837031 4.0027671 42.25
-2.8653932 -12.72071 4.0098724 48.816971
-2.4266028 -12.734708 4.0166507 52.25
-2.3129745 -12.84898 4.0120602 49.109863
-1.9795125 -12.835991 4.0146179 50.902668
-1.6407564 -12.77541 4.0150232 52.429688
-1.2913129 -12.769686 4.0156965 51.591438
-1.0836934 -12.780725 4.0027843 54.625
-0.83502388 -12.730038 3.9905703 57
-0.34536949 -12.717262 4.0027308 42.125
-0.15225728 -12.704554 4.0375223 28.75
0.19740544 -12.728437 4.0096159 51.40625
0.56744075 -12.777629 4.010747 52.5
0.70120782 -12.764452 4.0252266 51.851486
1.1419947 -12.754869 4.0050859 52.119026
1.2360271 -12.856924 4.0103168 47.25
1.6486406 -12.786818 4.0010653 51.720444
2.0794411 -12.690989 3.9935946 45.631512
2.1569257 -12.676224 3.9898064 43.316853
2.6723099 -12.820203 3.983743 43.022476
2.7245083 -12.678164 3.9804702 42.018227
3.1521802 -12.726405 3.9772005 44.344902
3.5453806 -12.667339 3.9738674 41.447021
3.6696239 -12.697191 3.9763353 44.138832
5.2345009 -12.668894 3.9530239 40.226948
5.6354814 -12.707531 3.9646883 41.69138
5.7405739 -12.732609 3.9619341 37.146873
6.1415329 -12.712705 3.9809871 33.797127
6.4303541 -12.696905 3.9235814 21.125977
-6.1132383 -12.508686 4.0519452 15.5
-5.8576937 -12.443138 4.0268984 41.293823
-5.4620385 -12.505135 4.0253839 42.59375
-5.3004613 -12.430241 4.0270486 45.587608
-4.9218998 -12.513792 4.028512 43
-4.7764387 -12.46246 4.0269065 44.328125
-4.3508115 -12.525434 4.0196619 50.598633
-3.9375191 -12.489552 4.0152941 43.1875
-3.8655124 -12.479673 4.0189652 45.588539
-3.3694646 -12.514549 4.0156002 46.3125
-3.1451685 -12.493954 4.0252638 47
-2.8544607 -12.522693 4.0211468 48.953125
-2.5479126 -12.418661 4.0197654 52
-2.3294454 -12.48724 4.0158539 49.984375
-1.9874312 -12.406136 4.0259552 44.197266
-1.704222 -12.458492 4.01436 51
-1.3985704 -12.52809 4.01684 56.178711
-1.049269 -12.473473 4.0118194 57.171875
-0.77698922 -12.365093 4.0206928 48.125
-0.3826541 -12.454441 4.0272913 32
0.19529554 -12.519621 4.0152621 51.71875
0.44122809 -12.434414 4.0148344 49
0.6654129 -12.467915 4.0082088 50.75061
1.0859525 -12.422831 3.9957209 48.001755
1.2235334 -12.430374 4.0034175 47.976562
1.6615736 -12.496208 3.9973464 46.877201
2.0596285 -12.468671 3.9913802 44.238556
2.1958299 -12.528366 3.979516 45.070282
2.6147485 -12.488639 3.9881723 42.880859
2.7612519 -12.439212 3.9896755 45.75
3.0873928 -12.52129 3.9866519 44.019226
3.5247025 -12.445015 3.9768124 38.028538
3.6984701 -12.441692 3.9872222 39.25
5.0829248 -12.489391 3.9732575 40
5.3036489 -12.443487 3.9699202 43.107735
5.5294914 -12.48808 3.9504843 48.917149
5.7375317 -12.432343 3.9768095 41.765625
6.19978 -12.464823 3.9905548 33.040283
6.4336939 -12.418037 3.9564118 31.494141
-5.8475561 -12.168556 4.0396528 30.051746
-5.4108047 -12.110972 4.0293779 43.083336
-5.3069029 -12.076533 4.0200014 42.392578
-4.8629131 -12.146267 4.0206394 45.729347
-4.6747465 -12.050038 4.0262308 45.212502
-4.3701544 -12.15057 4.025301 47.980663
-4.028863 -12.142415 4.0229387 46.875
-3.8028731 -12.09224 4.0237117 43.930534
-3.3705974 -12.197309 4.0242181 47.318878
-3.1471367 -12.152486 4.0254273 48.083332
-2.8299277 -12.194604 4.0264244 42.034828
-2.4233968 -12.196562 4.0167618 49.270832
-2.3606153 -12.113241 4.0074701 43.69017
-1.8699725 -12.122444 4.0228634 46.058918
-1.6263263 -12.060692 4.004385 49.375
-1.4266441 -12.17712 4.0232153 45.679363
-1.0934656 -12.167857 4.0200338 50.056969
-0.84385884 -12.150124 4.017869 48.75
-0.35594147 -12.126573 4.0213966 50.75
-0.25807372 -12.182837 4.025012 36.75
0.18558691 -12.183176 4.0224667 33.538086
0.59214962 -12.059515 4.011662 44
0.7417984 -12.14753 4.0044889 46.416828
1.1232771 -12.115647 4.0144057 45.385376
1.2272743 -12.158911 3.9997506 47.52018
1.6393138 -12.242258 3.9810343 46.004223
2.0679345 -12.144325 4.0002918 45.840004
2.1814537 -12.198835 3.986696 45.986984
2.6401436 -12.20062 3.9783535 43.891117
2.7567735 -12.13101 3.9835176 42.052086
3.1855407 -12.205282 3.9809666 40.613842
3.5595336 -12.127773 3.9613695 39.599934
3.6258547 -12.114471 3.9810719 41.333336
5.0169401 -12.066137 3.9750004 31.84375
5.1661425 -12.13821 3.9623427 37.19318
5.5640726 -12.068588 3.9580092 37.435234
5.7243261 -12.166673 3.975883 33.546875
6.1135478 -12.07388 3.970583 37.197823
6.4459019 -12.223047 3.9559126 29.585197
-5.8850746 -11.835751 4.0391455 17.46875
-5.4532876 -11.87501 4.0275221 45.3125
-5.2651796 -11.829891 4.023654 46.670311
-4.8618493 -11.731204 4.0199833 46.174416
-4.7162194 -11.858027 4.0189915 47.625
-4.3133359 -11.809459 4.0263238 43.478626
-4.0240231 -11.790298 4.0133009 44.375
-3.8068087 -11.780813 4.0161467 45.828125
-3.3590055 -11.838955 4.0325127 46.295898
-3.0608158 -11.812572 4.0203686 46.520836
-2.89783 -11.812798 4.0156136 47.754555
-2.5175004 -11.868246 4.004632 47
-2.3280318 -11.798358 4.0223656 45.235676
-1.8892202 -11.912228 4.0141735 47.818748
-1.7689147 -11.739689 4.0090504 45.5
-1.378914 -11.802887 4.0285025 47.578777
-0.97389328 -11.816051 4.0192146 47.885418
-0.8904494 -11.751598 4.0222788 47.25
-0.4259845 -11.830473 4.0296268 50
-0.23854996 -11.786207 4.0245872 46
0.14461723 -11.868878 4.0398426 13.295573
0.57800567 -11.9232 4.007545 46.25
0.75582004 -11.787912 3.9995756 43.980087
1.1343427 -11.78771 4.0104895 45.631104
1.2372987 -11.941536 4.0024958 43.328125
1.6281612 -11.824001 3.9995723 46.665871
2.0473785 -11.804262 3.9898863 42.740398
2.1519423 -11.944618 4.0021553 45.450329
2.6042292 -11.770254 3.9888544 42.98312
2.7154589 -11.847575 3.9949379 43.59375
3.21947 -11.888384 3.9788437 43.159843
3.5229211 -11.844175 3.9873667 42.467278
3.6438575 -11.963306 3.9868917 42.5
4.9786463 -11.940226 3.9705901 36.224075
5.2105188 -11.849098 3.9580979 38.569283
5.6352434 -11.735764 3.9563899 36.83382
5.8039103 -11.908407 3.9839149 35.476562
6.1250038 -11.774864 3.9654155 38.864014
6.4223175 -11.87941 3.9631267 25.695435
-6.1506462 -11.569687 4.0842395 6.59375
-5.8186483 -11.586018 4.0544472 13.21875
-5.4546881 -11.475534 4.0142832 43.875
-5.2013535 -11.541508 4.0206876 45.185516
-4.8707728 -11.527987 4.0207415 47.256401
-4.6752987 -11.466264 4.0141354 47.875
-4.3730917 -11.63118 4.0148993 43.821777
-4.1308293 -11.546739 4.0223918 46.5
-3.8507998 -11.640132 4.0179434 42.323013
-3.3630795 -11.655372 4.0255146 44.714577
-3.202919 -11.503944 4.0225573 42.333332
-2.846452 -11.622267 4.0162163 45.221516
-2.4327312 -11.62994 4.0177255 41.60833
-2.3514132 -11.596717 4.0164003 45.495049
-1.9617131 -11.609627 4.0242767 44.934265
-1.7861602 -11.55774 4.0197182 44.75
-1.386755 -11.561943 4.0141335 46.971786
-1.0258143 -11.503885 4.008688 48.616539
-0.81790167 -11.479536 4.0115461 48.734375
-0.3905775 -11.441734 4.0104623 49.75
-0.26142448 -11.665195 4.012742 49
0.15777588 -11.589275 4.0244598 18.71875
0.3900246 -11.584036 4.0039535 47.5
0.79377854 -11.653011 4.0043511 46.651722
1.0138781 -11.560953 4.0091038 45.322334
1.2202013 -11.614036 4.0072432 45.589844
1.6451365 -11.564482 3.9946816 45.751083
2.0271783 -11.562075 3.9915795 47.010986
2.1681428 -11.663214 4.0026984 43.818481
2.5927572 -11.522818 4.0001636 42.365234
2.7464983 -11.540782 3.998313 45.007812
3.1722164 -11.605465 3.9792271 42.533306
3.4769413 -11.5299 3.9903221 44.474976
4.7652717 -11.575129 3.9492269 30.648438
4.8972921 -11.586644 3.9677029 38.819855
5.1588182 -11.650864 3.9500585 36.371063
5.5896683 -11.661853 3.966476 37.902367
5.8879757 -11.559913 3.9622571 40.044312
6.1019354 -11.524785 3.9729838 37.437244
6.4754181 -11.515083 3.9566259 4.125
-6.0569353 -11.386738 4.1076398 2
-5.7733278 -11.345832 4.0401888 14.958334
-5.5732355 -11.3002 4.0596275 25.75
-5.3740225 -11.256844 4.0306845 41.070686
-4.8855267 -11.165607 4.0220914 43.772125
-4.3760276 -11.185965 4.0231142 42.25243
-3.9134045 -11.190148 4.0232277 42.416664
-3.8511889 -11.253298 4.0266056 41.546234
-3.3901021 -11.191622 4.0231133 41.917698
-3.2716386 -11.124324 4.0202422 42.599998
-2.9314733 -11.235712 4.0237579 42.697601
-2.4075632 -11.258581 4.01122 45.75
-2.3119755 -11.314921 4.0155287 42.302551
-1.894356 -11.189685 4.0183239 41.397404
-1.663353 -11.180901 4.0131321 44.885414
-1.2996297 -11.244431 4.0115461 47.654297
-0.94751215 -11.174334 4.0097837 47.415363
-0.81879461 -11.187683 4.0148935 46.309898
-0.13993822 -11.105058 4.0114336 42
0.10069513 -11.359194 4.0037737 42.765625
0.48574829 -11.255192 4.0015483 46.25
0.75557005 -11.19982 3.9913146 46.112297
1.1615114 -11.180828 4.0073385 44.312386
1.2625098 -11.286304 4.0011349 45.328125
1.6170616 -11.274807 4.0032187 45.040428
2.0893528 -11.261642 3.9948545 42.548096
2.150218 -11.243988 3.9956424 42.653595
2.6139483 -11.168866 3.9892642 42.734356
2.7393141 -11.250119 3.9868174 43.002605
3.1216524 -11.206447 3.9854338 42.640343
3.3818507 -11.297489 3.988209 40.25
4.7104282 -11.199155 3.9593186 36.77095
4.9654074 -11.26342 3.9694853 41.154541
5.1913881 -11.245708 3.9521232 39.747505
5.6476116 -11.173946 3.9513416 39.086201
5.7819104 -11.297684 3.9632411 37.353516
6.0976992 -11.272987 3.952692 40.483185
6.3246503 -11.364644 3.9612894 19
-5.7011366 -11.03988 4.0481653 4
-5.2779517 -10.928714 4.020432 40.048145
-4.9313555 -10.981504 4.0210514 44.401043
-4.7563753 -10.945153 4.0202475 42.90625
-4.3414354 -10.869143 4.0208588 43.393879
-3.9497213 -10.895157 4.0140576 41.118752
-3.7385616 -10.949791 4.0131941 42.723961
-3.4692261 -10.97748 4.017313 40.739662
-3.150773 -10.963383 4.0124202 44.476562
-2.8068397 -10.944294 4.01443 45.102699
-2.5440259 -10.991989 4.013978 45
-2.3483129 -10.948303 4.022881 39.757812
-1.8815389 -10.92695 4.0175972 46.833336
-1.7142179 -11.043196 4.0065069 44.5
-1.4208566 -10.903383 4.0116625 47.76828
-1.029285 -10.979249 4.0042505 48.48307
-0.82562655 -10.94854 4.0027094 45.715279
-0.33990484 -10.950936 3.9984014 47
0.247582 -11.038771 4.0051651 23.875
0.3602396 -11.010218 4.0149708 43.5
0.77440369 -10.934479 4.0032768 45.908112
1.104115 -10.905315 3.996263 44.883972
1.2735457 -10.868835 4.0005598 43.90625
1.6018279 -11.009751 4.0009632 44.360916
2.0437121 -11.018425 4.0010519 43.054688
2.1483359 -10.99414 3.998162 40.933594
2.5404232 -10.953444 4.0020561 40.768013
2.7764916 -10.957216 3.9940019 43.238281
3.1342428 -10.890514 3.9924889 37.675278
3.4105005 -11.086056 3.9798431 38
4.4812632 -10.999418 3.9640458 40
4.6897831 -11.020593 3.9721103 41.165688
4.8862047 -10.928413 3.9602051 37.113953
5.2263851 -10.905412 3.9681499 44.069
5.6136446 -10.996706 3.9672103 40.536663
5.8883133 -10.98473 3.9447107 43.203194
6.0628595 -10.91396 3.9630971 39.760418
-5.6776199 -10.750483 4.0540147 3
-5.2522602 -10.600702 4.0135055 42.509895
-4.8598871 -10.686731 4.0206537 43.98735
-4.7607403 -10.67508 4.0195932 43.65625
-4.3651252 -10.732964 4.0207376 41.40424
-3.9860978 -10.66589 4.0214462 43.5
-3.7889872 -10.598896 4.0207071 42.945381
-3.329731 -10.672492 4.0222263 41.924061
-3.265379 -10.578016 4.0205836 45.0625
-2.7956243 -10.67415 4.0247631 41.291946
-2.4084392 -10.744742 4.0167227 41.25
-2.3464885 -10.613579 4.0253406 40.450523
-1.9340537 -10.738348 4.0162387 43.226479
-1.7713723 -10.61441 4.0067778 43.6875
-1.3498725 -10.624395 4.0120621 44.560722
-1.0650032 -10.612602 4.0075064 46.833656
-0.81698942 -10.68661 4.006012 44.436035
-0.24506429 -10.514371 4.0072341 43
0.21376845 -10.757376 4.0113153 44.583332
0.31831917 -10.709333 4.0058675 20.375
0.67671466 -10.74482 3.9947624 45.58873
1.1077912 -10.698284 3.9967818 44.339668
1.2850332 -10.644911 4.0049028 42.569458
1.6502802 -10.626955 3.998981 43.122162
2.0554886 -10.611929 3.9978476 42.5
2.1609082 -10.661156 3.9906735 42.38002
2.6090693 -10.599356 3.9885721 40.619431
2.9331911 -10.534401 3.9808421 38.1875
3.0591407 -10.636527 3.9832034 39.144958
4.1066465 -10.605651 3.9754217 40
4.3484921 -10.653337 3.9639492 36.316406
4.6504135 -10.655026 3.9685354 40.10022
5.0489135 -10.580664 3.9685593 40.1875
5.1819324 -10.663237 3.9524865 40.532703
5.623929 -10.658215 3.9544687 39.415646
5.9218745 -10.661405 3.966454 40.730625
6.0718627 -10.731079 3.9443731 17.057943
-10.340883 -10.268772 3.9999328 1.5
-9.1196356 -10.33798 4.1633177 36
-8.9307508 -10.363475 4.1652412 46.000778
-5.5233059 -10.427347 4.0277491 2.5
-5.1969461 -10.289206 4.0490141 22.615625
-4.8927135 -10.363537 4.0257425 41.072918
-4.6845207 -10.376194 4.0238819 45.296875
-4.3029022 -10.323729 4.0213594 43.885117
-3.9435782 -10.36695 4.0218449 43.072914
-3.8082845 -10.293819 4.0192699 40.423248
-3.3435102 -10.329647 4.0170679 43.235725
-3.1522613 -10.375244 4.0182381 44.188148
-2.9145017 -10.294962 4.0131683 42.768517
-2.5420191 -10.352325 4.0135899 40.0625
-2.310642 -10.393122 4.0155282 42.751244
-1.9078506 -10.336864 4.016562 41.421227
-1.6863894 -10.375196 4.0097899 44.789062
-1.3557954 -10.314854 4.0069361 43.021118
-1.0536387 -10.334576 4.0114408 44.171005
-0.74501622 -10.274864 4.0059667 35.083702
-0.56585908 -10.419326 4.0019035 45.125
-0.19094482 -10.261879 4.0023031 43.5
0.2410292 -10.449083 4.0037971 42.5
0.3634575 -10.327322 4.0047436 33.5
0.74245214 -10.280934 4.0016451 43.591362
1.1292455 -10.303366 4.0018358 44.615868
1.2089076 -10.28142 3.9952011 44.341576
1.6605365 -10.28017 3.9920554 42.968407
2.0690818 -10.326953 3.9865489 42.75
2.1312084 -10.249277 3.9942479 41.561363
2.6385136 -10.256046 3.9875469 40.031441
2.8561149 -10.365697 3.9827056 42.90625
3.0823579 -10.388548 3.9887376 38.409534
4.1842899 -10.228977 3.9679639 37.75
4.3481684 -10.39796 3.9692812 40.590271
4.6602287 -10.286171 3.9748073 38.27631
5.031384 -10.444838 3.9674902 40.412109
5.1906872 -10.282419 3.9649978 39.652794
5.6357603 -10.266306 3.960113 39.388744
5.8297887 -10.342069 3.9533625 27.107218
6.0045867 -10.433327 3.9526694 4
-10.29684 -10.156632 4.0893955 2.8203125
-10.086487 -10.079548 4.1733284 15.21875
-5.1553278 -10.01953 4.0478582 5.75
-4.9091063 -10.04963 4.0303488 38.9375
-4.683547 -10.055874 4.024085 41.584656
-4.2951984 -10.050542 4.0206876 41.365791
-3.969893 -9.9700871 4.0241995 41.4375
-3.747534 -10.077168 4.0203419 43.317558
-3.3318563 -10.085304 4.0182467 42.371929
-3.1770771 -10.013779 4.0162148 44.942188
-2.8336794 -10.103842 4.0142503 42.596165
-2.426053 -10.084766 4.0119276 42.25
-2.3627734 -10.062583 4.0092816 40.838043
-1.9519428 -10.093596 4.0187311 41.534996
-1.7446072 -10.054772 4.0066929 43.833332
-1.3495175 -10.098792 4.0048389 44.739025
-1.0060749 -10.09339 4.0029416 45.1875
-0.77195066 -10.152699 4.0030732 45.481316
-0.38207558 -10.01235 4.0059242 39.9375
-0.11662731 -10.174373 4.0080757 7
0.24553925 -10.03079 4.0141573 13.589844
0.37047684 -10.00034 4.0036192 28.1875
0.76390147 -10.146914 3.9983382 42.693165
1.1323168 -10.164652 3.9954524 44.10696
1.2406967 -9.9923344 3.9891782 42.444927
1.699362 -10.128877 3.9925215 43.470924
1.9874399 -10.115896 3.9891591 41.583336
2.1687927 -10.116093 3.9885712 41.406261
2.6669164 -10.115417 3.9872622 39.963203
2.9576178 -10.130316 3.974936 39.041748
3.0238733 -10.142813 3.9887385 38.355469
4.1731749 -9.967432 3.9700975 35.703125
4.2849588 -10.057156 3.9641685 35.443214
4.6568575 -10.000731 3.9723315 38.87767
5.03302 -10.053095 3.9659991 38.573967
5.208003 -10.086601 3.9745202 41.117992
5.5459199 -9.9936361 3.9654644 40.468639
5.7903438 -9.9256706 3.9559474 10
-9.8871231 -9.7420197 4.186132 12
-4.9244213 -9.7950249 4.0237074 27.25
-4.7235641 -9.7273388 4.0195107 42.216881
-4.4477735 -9.8127804 4.0228529 41.914356
-3.9382806 -9.7145176 4.0154486 38.612499
-3.8529789 -9.7536154 4.0203781 42.956963
-3.3995442 -9.7130747 4.0187063 40.161537
-3.2705548 -9.7653208 4.0166178 42.125
-2.8932877 -9.7599697 4.0148158 42.586395
-2.4791441 -9.7857075 4.0169311 42.75
-2.3589761 -9.6845665 4.0165806 41.072655
-1.8872166 -9.671422 4.0139561 42.402878
-1.776571 -9.7583923 3.9965663 43.5
-1.3897913 -9.7146492 4.0048871 43.663193
-0.97194862 -9.6582298 4.0090146 33.352943
-0.76273251 -9.8060226 4.0040817 33.384922
-0.39688474 -9.7120676 3.9999282 42.740761
-0.18234195 -9.6887684 3.999958 33.583332
0.25185281 -9.8034344 4.016459 6.3139324
0.44738531 -9.7849407 3.9974 17
0.66198444 -9.7483959 3.9950793 43.854908
1.1397879 -9.6836319 3.9906125 43.746826
1.2231092 -9.7349205 3.9913321 42.285973
1.6600556 -9.7382421 3.9844818 40.694893
2.0733185 -9.7258091 3.9909225 38.166668
2.180294 -9.7667227 3.9879115 40.597034
2.649312 -9.7199078 3.9843893 37.930485
2.8627379 -9.6737127 3.9953098 39.04385
3.0039463 -9.8599052 3.9817452 39.5
4.1532664 -9.7923145 3.9769025 34.006462
4.2407293 -9.6836767 3.9764853 36.333206
4.6311874 -9.6612778 3.9606252 38.802673
4.9808969 -9.753809 3.9692135 40.080078
5.2287049 -9.7362947 3.9679039 40.599781
5.5461364 -9.7651243 3.9661217 40.530178
5.7156925 -9.8749428 3.9624009 28
-7.8539205 -9.3576794 4.0078363 18.96875
-4.574707 -9.456459 4.0167456 41.933594
-4.2921076 -9.4550753 4.0046859 38.170834
-3.9769773 -9.4295893 3.9984159 40.25
-3.8247156 -9.3858833 4.0107927 41.255085
-3.4424169 -9.3950176 4.0089216 43.406994
-3.1669512 -9.4671421 4.0084171 44.792969
-2.8789539 -9.4657946 4.0131979 41.26181
-2.5354304 -9.4693995 4.0088139 38.375
-2.3402996 -9.3923616 4.0089874 41.629688
-1.8845624 -9.4753056 4.0075717 41.699478
-1.5182797 -9.4862661 4.0069342 41
-1.3870414 -9.3383408 4.0022535 44.39492
-1.035499 -9.41675 4.0054817 23.131945
-0.79091167 -9.4550896 4.0015969 39.849998
-0.44655585 -9.3891964 3.9929492 41.942711
0.2443758 -9.4725742 3.989634 20.9375
0.37140453 -9.3909073 3.996527 6.5
0.75440872 -9.561758 3.9982171 40.989063
1.0496546 -9.5023851 3.9946408 41.662758
1.2771913 -9.4538498 3.9907079 42.167561
1.6380258 -9.4270525 3.9821329 42.180779
2.1775832 -9.3764515 3.9787641 35.783127
2.6192846 -9.4225121 3.9688568 38.037094
2.8801103 -9.4596605 3.9835873 39.25
3.5273082 -9.4545631 3.9848897 38
3.8714044 -9.38657 3.9804151 34.732422
4.0310555 -9.4710674 3.9764194 35.561745
4.3925877 -9.4482002 3.9744492 38.071175
4.6721683 -9.4581823 3.9739954 39.539658
4.97861 -9.5125542 3.9529991 44.580494
5.2223754 -9.3978004 3.9572577 45.467388
5.5439587 -9.4629993 3.9500184 42.317276
-7.8202715 -9.1629725 3.996897 23.583332
-7.619998 -9.0788269 4.0087147 30.112148
-7.4089823 -9.0760155 4.0124192 22.125
-6.986598 -9.0184736 4.0306973 32
-5.5107846 -9.222702 4.0322928 6.53125
-5.3432884 -9.1303577 4.0265636 20.497086
-4.6808372 -9.1615458 4.0139122 27.375
-4.3255949 -9.1736507 4.0163908 41.305386
-4.1577778 -9.0070066 4.0141926 41.5
-3.8369141 -9.091608 4.0156794 39.497711
-3.4295413 -9.1555891 4.0106716 40.807869
-3.2808495 -9.1303864 4.0125585 42.197918
-2.8696303 -9.1703053 4.0103865 41.121132
-2.4685216 -9.1195431 4.0066237 39.174999
-2.3551669 -9.1593962 4.0062294 40.134663
-1.8724239 -9.2040577 4.0025816 43.109158
-1.7973193 -9.0884447 4.0032768 41.5
-1.3510853 -9.1805344 3.9975059 41.68211
-1.0005679 -9.2434711 3.9976778 43.451389
-0.74752605 -9.1548166 3.9986098 25.773024
-0.37109113 -9.203474 3.9879951 36.956249
-0.25022945 -9.1554432 3.9928098 21.625
0.2292551 -9.2121696 4.0095034 13.459662
0.32630438 -9.1038952 3.9967809 9.177084
0.65160358 -9.2166882 3.9981384 39.386177
1.1319294 -9.1935863 3.9916422 42.827599
1.2199757 -9.186161 3.9885058 42.415646
1.609349 -9.2100344 3.9859014 41.919518
2.0870528 -9.126955 3.987843 40.053574
2.1579189 -9.1346092 3.9889326 40.350716
2.6465976 -9.1767578 3.9874814 40.788643
2.7141805 -9.2148647 3.9821007 37.5
3.8054938 -9.1295366 3.9700878 38.277473
4.130085 -9.1217365 3.9686902 37.783302
4.2363396 -9.2461739 3.9655347 37.715431
4.593174 -9.1127472 3.9686041 39.195885
4.9922895 -9.1233788 3.9717088 40.146893
5.1127305 -9.1941166 3.9700227 39.970119
5.4556804 -9.2130003 3.9678323 32.631348
-7.8290744 -8.8469009 4.011488 26.09375
-7.5952363 -8.8455639 4.0150881 35.683739
-7.3405781 -8.7486458 4.0192461 36.612129
-6.9680085 -8.8308659 4.0103555 33.998695
-6.8622503 -8.891613 3.9991817 35.363281
-5.1384106 -8.8591747 4.0195942 34.077171
-4.9682164 -8.7567253 3.9966345 11.90625
-4.2851257 -8.8763752 4.0137334 39.042301
-4.1186476 -8.9062138 4.0145073 39.488281
-3.8138394 -8.931015 4.010572 41.931553
-3.3658583 -8.8419189 4.0059805 40.806816
-3.2701447 -8.8677864 4.0153236 33.125
-2.8665984 -8.8011141 4.0118961 38.018963
-2.4207258 -8.9445848 4.0080209 40.927082
-2.3560796 -8.7541294 3.9999142 38.827034
-1.9712329 -8.947073 3.9991078 40.116524
-1.6898966 -8.827713 3.9932299 38.666664
-1.4025576 -8.8444843 3.9932065 44.670456
-1.024084 -8.8537159 3.9955904 41.421875
-0.76448393 -8.7905865 3.993875 44.541481
-0.4327203 -8.8054924 3.9914842 38.13768
-0.1826901 -8.7617331 3.9887042 7
0.27514783 -8.7914515 3.9943244 19.770899
0.36817884 -8.8499088 3.9945819 10.276042
0.70955753 -8.814992 3.994468 41.758049
1.1409242 -8.8590565 3.991056 43.123642
1.316098 -8.8406563 3.9800334 34.098236
1.6323879 -8.8734007 3.9891238 42.024567
2.0681696 -8.7911224 3.9867415 39.75
2.1859765 -8.9047241 3.9905632 38.799377
2.5386193 -8.7824631 3.9863453 38.808945
3.4866216 -8.8888311 3.9767728 38.666668
3.7483025 -8.8983078 3.9721208 38.506805
4.1512833 -8.7947807 3.9705081 38.172287
4.2883387 -8.8397808 3.9698896 39.416668
4.6909323 -8.7950134 3.9651215 38.095833
4.9599514 -8.8512669 3.9771512 37.896923
5.1867523 -8.8341885 3.9588015 25.618134
-8.5658112 -8.4728279 4.1797972 3.75
-7.8268466 -8.4369526 3.9928539 17
-7.7654295 -8.5851898 4.0127797 34.975647
-7.4016919 -8.5730305 4.0172377 35.661453
-7.0099106 -8.5644646 4.0274897 35.52018
-6.8141336 -8.6057444 4.0226378 35.823372
-6.5530772 -8.4995003 4.0176196 38.1875
-5.1234522 -8.596818 4.0484114 13.125
-4.979579 -8.5953579 4.0126519 15.82638
-4.7488418 -8.5483742 4.0231705 9.25
-4.2984667 -8.582551 4.0037451 36.729378
-3.9703488 -8.5194168 4.0048151 41
-3.8145547 -8.6179695 4.0032415 41.342621
-3.373692 -8.5396652 4.0075045 41.235611
-3.1525116 -8.4884472 4.00876 39.731026
-2.8165426 -8.5082111 4.0056114 34.516319
-2.4905083 -8.4666319 4.006382 40
-2.3402023 -8.5235748 3.995575 41.017326
-1.8669395 -8.6027269 3.9935465 39.625664
-1.7974131 -8.6613579 3.9955502 41.5
-1.3330488 -8.6609964 3.9989791 42.51107
-1.0406399 -8.5074644 3.9972425 42.372231
-0.84661978 -8.6617546 3.9939461 44.534416
-0.42761245 -8.6224394 3.9941156 25.480469
-0.10432175 -8.4579382 3.9910498 6
0.26652649 -8.6064453 3.9956641 11.305717
0.65238285 -8.6475744 3.996562 39.586914
1.122756 -8.6461086 3.9910316 41.952744
1.2110355 -8.6541862 3.9821215 38.168488
1.6822262 -8.6462669 3.9853897 40.370823
2.0136392 -8.5250626 3.9852352 38.607143
2.1433835 -8.668705 3.984107 39.014183
2.5480947 -8.5813789 3.9804106 43.309097
3.5758336 -8.4952383 3.9728055 39
3.6794109 -8.5604057 3.9756613 40.015327
4.1034002 -8.5688667 3.9748788 38.318687
4.3801298 -8.4647293 3.9695396 39.222462
4.6638627 -8.5737381 3.9703283 38.929096
5.0053225 -8.4966021 3.9736075 37.432541
5.1611075 -8.4139051 3.9739256 6
-7.8723812 -8.2639923 4.0119495 14.184163
-7.7238541 -8.1591101 4.0313597 16.168186
-7.4032679 -8.2103081 4.0323658 30.045357
-7.0685291 -8.3112831 4.0179291 36.929688
-6.813026 -8.1808681 4.024797 35.525719
-6.4488869 -8.2465477 4.0264826 36.646015
-4.899581 -8.3180161 4.0125356 27.39304
-4.7196522 -8.1587009 4.0032496 32.967014
-4.2888117 -8.2931271 4.0044804 11.952381
-3.9833851 -8.355505 4.0103483 38.931808
-3.85427 -8.2086163 4.0014677 38.345085
-3.3824162 -8.2478704 4.0062141 39.175652
-3.2704892 -8.1669254 4.0099339 40.416664
-2.8906794 -8.1863976 4.0127478 38.212212
-2.1517143 -8.2242012 3.9976716 7.0146894
-2.0212555 -8.1569729 3.9970291 20.499399
-1.7491951 -8.19417 3.9847033 22.75
-1.3304037 -8.2239361 3.993434 43.394196
-0.95355248 -8.2258968 3.9971628 41.831596
-0.78551805 -8.214776 3.9980173 24.081486
-0.35335279 -8.160512 3.9947453 37.14819
-0.14216669 -8.1759958 3.9808543 7
0.17509691 -8.1917229 3.9881868 27.344637
0.5829016 -8.2568531 3.9903684 41.25
0.65395069 -8.2103462 3.9866028 41.965034
1.1677009 -8.2354536 3.9832764 39.943703
1.2758608 -8.2009926 3.985208 5.9453125
1.6515708 -8.1728411 3.9838419 41.220505
1.9475951 -8.3201828 3.9856412 39.875
2.1558971 -8.1949196 3.9813924 39.007011
2.4795382 -8.2639313 3.9804657 38.747101
3.2885675 -8.1158247 3.9563 36.5
3.4696445 -8.1686335 3.9593782 38.633892
3.6979053 -8.280714 3.9676218 39.156029
4.1395416 -8.2283821 3.9704325 37.662239
4.2550392 -8.3530464 3.9700174 37.672523
4.6397543 -8.2573071 3.9704921 38.129925
4.9097943 -8.2910728 3.958725 36.732861
5.1435652 -8.3500118 3.9637849 3.5
-7.6895413 -7.8640862 4.0101104 21.484375
-7.2958393 -8.0318451 4.0319548 29.380787
-7.025671 -7.8762693 4.0259295 34.078125
-6.7497168 -8.0444412 4.0240993 36.273438
-6.3937755 -7.9237585 4.0196209 35.564964
-6.1885495 -7.9534588 4.0226536 33.1875
-5.9836421 -7.8387918 4.003716 35
-4.9270258 -7.8705521 3.9699032 11.34375
-4.5516753 -7.8816724 3.9988132 33.60791
-4.4234114 -7.9089069 3.9996607 24.857143
-3.9804907 -7.8890085 4.0042558 27.586309
-3.7683334 -7.9928865 4.0097322 36.955605
-3.3986325 -7.9509993 4.0095406 29.542816
-3.2441561 -8.0156517 4.0055943 38.333336
-2.9077759 -7.9329329 4.0099621 39.169846
-2.5689969 -7.9446354 4.0140123 41.270836
-2.1235676 -8.0149794 3.9983163 5.8873425
-1.8702573 -7.9251652 4.0038223 13.14974
-1.7744371 -7.8534422 4.0249438 4
-1.3854678 -8.0795002 3.9932318 40.789581
-1.0832605 -8.017458 3.9903564 39.71875
-0.77698791 -7.9067965 3.9922967 24.8125
-0.4699052 -7.9672842 3.9977136 19.911457
-0.18676968 -7.9043603 3.9877789 9.84375
0.1678395 -7.9948955 3.9897766 31.604589
0.51174748 -7.9187336 3.9941685 41.333332
0.6901294 -7.9530745 3.984499 39.136101
1.1489859 -7.8837309 3.9864614 41.320717
1.3882935 -7.9495001 3.9799094 38.375
1.7136459 -7.8622251 3.9796271 37.210678
1.9794893 -7.9476795 3.9792013 33.5
2.1889586 -8.0102406 3.983506 37.786354
2.4374404 -8.0199947 3.9813437 39.46875
3.2700162 -7.8982348 3.9666264 36.68457
3.3726709 -8.0119247 3.9696288 36.167259
3.642879 -7.9349928 3.9667201 36.65004
4.0649114 -8.0284348 3.9663861 37.394165
4.4115705 -7.9517636 3.9723623 38.16032
4.5772209 -7.9431539 3.9681349 37.925858
4.8741403 -7.9291911 3.9690795 31.75
-7.8420196 -7.684845 3.983736 18.785288
-7.728673 -7.5799036 4.0058517 32.736012
-7.3290124 -7.6329989 4.0130291 20.898193
-7.0255747 -7.6628041 4.02421 25.770832
-6.7774868 -7.6623497 4.0252609 29.527611
-6.4381666 -7.6079879 4.0292788 35.190498
-6.2315311 -7.5491838 4.0296898 35.8125
-5.8790832 -7.5442247 4.0188732 34.661171
-5.6984167 -7.5387998 3.9461434 36.5
-5.3625784 -7.5961375 3.9367523 13
-4.9362097 -7.6568575 3.9806814 9.1461678
-4.6523657 -7.6711912 3.9781237 8.9150391
-4.3943834 -7.6464086 4.0081 16.220139
-3.9094656 -7.7270899 4.0112505 35.5
-3.7697055 -7.7261677 4.0071249 34.067238
-3.4282343 -7.6295586 4.012598 36.973869
-3.0644977 -7.6337891 4.0090146 31
-2.7675848 -7.6999769 4.0161405 38.608288
-2.5238473 -7.5923882 4.0050936 36.738194
-2.1562905 -7.7421503 4.0171137 9.3755245
-1.8781466 -7.754818 4.0068483 7.6974607
-1.6627951 -7.595726 4.0137649 33
-1.385916 -7.7193975 3.9997077 39.499489
-0.92941362 -7.6755252 3.9989932 39.707001
-0.74589711 -7.6486788 3.9995108 41.575951
-0.44012356 -7.5548544 4.0057449 5.5813265
-0.25787652 -7.5888462 4.0018902 20.917849
0.10129306 -7.5896912 3.9996796 41.640785
0.62840086 -7.6262417 3.9985449 41.610909
1.1558027 -7.6291924 3.9931445 40.643894
1.2095912 -7.7234745 3.9880667 40.782051
1.6434753 -7.6346726 3.9900947 41.319218
2.0933037 -7.6103706 3.9884367 39.497917
2.1613197 -7.6982346 3.9785032 38.608204
2.5161576 -7.5448132 3.955142 39.672989
3.1729913 -7.5990605 3.9372201 35.70388
3.5446806 -7.6992288 3.9686005 36.797573
3.7024667 -7.650094 3.9659886 36.825226
4.1177802 -7.6671524 3.9705603 36.385429
4.246151 -7.7177815 3.9655814 36.695702
4.5893602 -7.6681337 3.9693441 38.424797
-7.8259201 -7.2412796 3.9565938 30.795313
-7.6054115 -7.3599486 4.0165243 33.893555
-7.376298 -7.2547021 4.0232582 34.202484
-6.9827595 -7.3804679 4.0194898 29.929394
-6.8556376 -7.2997971 4.0237551 19.779167
-6.413692 -7.3496351 4.0440302 20.296305
-6.1178427 -7.3760099 4.0290303 32.947914
-5.8624558 -7.3281384 4.0161762 35.446369
-5.4350796 -7.327704 3.997093 31.41679
-5.2868676 -7.4529572 3.962079 14.671452
-4.9890919 -7.2990351 4.0104384 15.466406
-4.593401 -7.4133329 4.0011482 18.5
-4.3832941 -7.3093214 4.0078964 13.297788
-3.9508619 -7.3169699 3.9976695 9.916666
-3.7209749 -7.3077059 4.0058188 19.55755
-3.3878448 -7.3798504 4.008441 31.84796
-2.6144526 -7.39398 4.0143738 33.577465
-2.3256664 -7.2767363 4.0145311 39.701962
-2.0016708 -7.4220943 4.0174198 14.595365
-1.3597307 -7.2975025 3.9986579 38.730385
-0.96573102 -7.3990755 3.9935377 37.477676
-0.77100778 -7.3453398 3.9928977 40.665688
-0.44601193 -7.2314963 4.0035815 10.229409
-0.24214122 -7.244235 3.994513 33.284245
0.15332472 -7.2476196 3.9936852 40.074448
0.32749042 -7.2187557 3.9926713 17.333334
0.76804686 -7.4057221 3.9894304 41.439316
1.1075225 -7.4154119 3.9869268 39.802895
1.2503874 -7.3052044 3.9813836 39.4375
1.6136875 -7.3819771 3.9895506 40.001198
1.9407167 -7.3846354 3.9855781 39.3125
2.2464738 -7.3564062 3.9790177 39.361198
2.5529225 -7.3498316 3.9741392 38.385487
2.7609715 -7.3150816 3.9509945 39.738472
3.1879148 -7.2771683 3.9660337 37.909264
3.3768635 -7.4425306 3.9646797 34.816406
3.6688941 -7.2418184 3.961108 38.622292
4.0857463 -7.3667893 3.9622164 36.021381
4.4441223 -7.2393332 3.965601 37.504913
4.5665555 -7.3526158 3.972218 36.972061
-7.8383603 -7.1492176 3.9503305 27.770794
-7.7522039 -7.1277838 3.9793286 31.182487
-7.2995629 -7.1797099 4.0257683 33.014057
-7.1245232 -6.986053 4.0295162 33.625
-6.8585024 -7.1302805 4.0302887 30.433138
-6.3252897 -7.139555 4.0207057 23.622929
-6.2764282 -7.1542325 4.0455132 22.526041
-5.8176079 -7.0889482 4.0165925 33.155796
-5.461072 -7.0677919 4.0150747 35.322918
-5.3147469 -7.0969396 4.0105128 29.102715
-4.9372678 -7.0573573 4.0057874 13.61454
-4.773798 -7.0801439 4.005723 16.947916
-4.2573037 -7.1202726 4.0011673 20.260155
-4.0815239 -7.0420423 4.0031304 15.832031
-3.6890264 -7.0965462 4.0082455 7.3638916
-3.3666334 -7.1489801 4.0114937 34.692223
-3.2718723 -7.0031786 4.0210066 38
-2.4364476 -7.009202 4.016923 37
-2.2451305 -6.9897127 4.0133896 37.113037
-1.9349436 -7.1550026 4.0105042 25.478134
-1.6635963 -7.1418481 4.012044 22.271355
-1.3717842 -7.0587358 4.0051799 38.348473
-0.95110309 -7.0595126 4.0004988 37.4375
-0.69049907 -7.1698337 3.9999228 7.5221496
-0.40042049 -7.0758247 4.0010223 13.163269
-0.27945167 -7.123888 3.9934728 31.59359
0.16992451 -7.0878081 3.9891777 40.513882
0.44436353 -7.0091991 3.9848089 29.35
0.6396789 -7.1703663 3.9911852 39.972771
1.1272132 -7.1534519 3.9883478 39.159996
1.2520598 -6.9728484 3.9853916 38.166664
1.6414598 -7.1310396 3.9903197 38.896255
2.0557013 -7.0698051 3.9867969 40.364151
2.143681 -7.1665149 3.9851551 39.33374
2.63236 -7.0953255 3.9781947 40.441071
2.9556136 -7.0225492 3.968374 34.395836
3.1596563 -7.0921316 3.9723969 38.835007
3.4561586 -6.9744062 3.9651814 38.998978
3.6332912 -7.0940895 3.9660239 38.23896
4.0824947 -7.0889206 3.9645319 36.094448
4.3843584 -7.0268173 3.965291 35.506119
4.516819 -7.1306953 3.9676323 35.992188
-7.8548956 -6.7053037 3.9310856 27.898281
-7.7469835 -6.7558794 3.9983199 32.14341
-7.3753738 -6.7127819 4.0158014 29.658855
-7.0097952 -6.7586203 4.0256033 30.541668
-6.8655825 -6.7099624 4.018405 28.542463
-6.4212518 -6.8130016 4.0273132 31.870359
-6.2889109 -6.6361504 4.0185609 29.641666
-5.9182353 -6.7716465 4.025806 22.695171
-5.528019 -6.8550391 4.0143356 34.276695
-5.3337679 -6.6971769 4.0079155 33.32386
-4.9589281 -6.6555233 4.010767 33.385727
-4.6443062 -6.7270336 4.010437 14.395833
-4.2689886 -6.8208389 4.0083189 11.574281
-3.9619024 -6.7130117 4.0148668 13.488952
-3.8576255 -6.6589832 4.0228004 10.857055
-3.3617244 -6.7603207 4.0150828 20.997383
-3.1715953 -6.7926259 4.0166402 29.905622
-2.9176702 -6.6672826 4.013875 19.3125
-2.1691165 -6.8176031 4.0109406 19.571945
-2.009517 -6.7042389 4.0039291 39.206749
-1.6261002 -6.792345 4.0010924 19.033854
-1.3463917 -6.7008491 3.9989376 34.74173
-1.0676322 -6.6716733 4.0019393 29.267593
-0.61814588 -6.6875949 4.0084877 4.279583
-0.42751434 -6.7854481 3.9976857 13.117183
-0.26853591 -6.7368145 3.9911981 39.556091
0.15990111 -6.806016 3.9893436 40.601295
0.31535581 -6.8858557 4.001163 6
0.64224708 -6.7980957 3.9871695 39.836388
1.1598601 -6.7756338 3.9801648 38.134182
1.2415817 -6.8591275 3.9780693 40.796875
1.6718976 -6.6945877 3.9728503 39.710808
1.801015 -6.6952801 3.9726682 5
2.169313 -6.7369986 3.9702487 39.529701
2.6099741 -6.6522131 3.9636993 39.401646
2.7442708 -6.8119946 3.9685881 38.896557
3.1072021 -6.6938143 3.9699636 38.070236
3.5164275 -6.7124271 3.9661479 38.383331
3.7490418 -6.8021355 3.9630382 36.409485
4.1330318 -6.7247686 3.9594846 34.977734
4.3639851 -6.8372598 3.9626532 38.069984
-7.515317 -6.3917542 3.9563646 32
-7.4255219 -6.3615489 3.9885533 30.5625
-6.9963531 -6.3412561 3.9866829 23.666668
-6.6757984 -6.502039 4.0121889 26.90625
-6.4156046 -6.4421215 4.0213566 30.359375
-6.103714 -6.4047117 4.0130844 34.086792
-5.8915348 -6.5093899 4.0156832 33.145248
-5.4720182 -6.3773217 4.0071545 22.46875
-5.2587605 -6.5367336 4.0180473 33.21875
-4.9274664 -6.3763342 4.0116239 33.930992
-4.7297134 -6.3600216 4.0239215 5.9874134
-4.3756037 -6.4201698 3.9998593 17.682293
-4.0530062 -6.4725618 4.0332727 2
-3.8096998 -6.5168223 3.9983344 14.556967
-3.3100035 -6.5798569 3.9991629 32
-3.1962762 -6.5576153 4.0053592 29.120289
-2.2025511 -6.3279748 4.0779114 0
-1.7997677 -6.3136415 4.0064478 1.5
-1.4023861 -6.3153534 3.9933066 11.333333
-1.0489651 -6.4291873 3.9729161 31.673592
-0.63624644 -6.4128647 3.9946227 5.3302932
-0.4471783 -6.4569893 3.9895515 20.635021
-0.17481735 -6.4570084 3.9934964 41.215408
0.16962154 -6.4929676 3.9891829 36.910065
0.46840236 -6.4751968 3.9924536 45.387501
0.68124229 -6.4900093 3.9873309 37.166977
1.1393785 -6.4487791 3.9831145 36.695992
1.3018079 -6.4146624 3.9804163 36.421875
1.6728191 -6.4111271 3.9783924 36.797653
2.047709 -6.4569702 3.9677382 48.820213
2.1966293 -6.4645677 3.9678504 40.837112
2.6077108 -6.530036 3.9483266 45.226761
2.7567391 -6.3672748 3.966701 37.143227
3.1401184 -6.4602599 3.9646957 36.721104
3.510762 -6.5028315 3.9675579 38.721519
3.6977453 -6.4264832 3.9630644 36.578545
4.0107765 -6.4204125 3.9649894 37.585091
4.3902092 -6.5117464 3.9777098 2
-7.8743443 -6.146277 3.9623749 27.611889
-7.7901669 -6.1900082 3.970618 28.528645
-7.3579626 -6.2395792 3.9941497 30.224869
-6.9780002 -6.1668348 4.0043378 27.440475
-6.8127537 -6.2039733 3.9943559 26.155319
-6.4077206 -6.1477928 4.0109916 31.169436
-6.2565145 -6.0911398 4.0174713 31.383928
-5.7566714 -6.0709505 4.0107131 31.361105
-5.4852777 -6.0931292 4.0053959 29.868025
-5.3236446 -6.1193905 4.0055776 24.177303
-4.8779678 -6.2373152 4.0201097 3.926115
-4.729495 -6.1263475 4.02003 4.8845901
-4.4547825 -6.1748524 4.0130014 15.907857
-3.9734914 -6.199532 4.0426617 1
-3.6512074 -6.1779695 4.0338969 0.9921875
-3.4523921 -6.0503435 4.0261469 0.46875
-3.2279215 -6.1561217 4.0132456 1.3333333
-2.9594603 -6.0116029 4.0111666 0.25
-2.4288793 -6.2112556 4.0441532 0.359375
-2.20259 -6.2316761 4.0178871 1.9375
-1.9244881 -6.137383 3.995173 6.363668
-1.7488782 -6.0354476 3.9958639 7.5791664
-1.4350756 -6.0660629 3.9916334 6.9122982
-0.92584908 -6.1057358 3.9888864 32.27108
-0.65450805 -6.1629868 3.9879024 4.3876476
-0.39332524 -6.1910806 3.9883897 33.043549
-0.27051172 -6.0949211 3.9833207 37.591835
0.14126079 -6.1439533 3.9809585 38.131943
0.49089029 -6.0117869 3.9953041 31
0.6377362 -6.1320324 3.9779472 38.559376
1.1460736 -6.1355896 3.9751458 39.74556
1.6352623 -6.1744866 3.9763646 39.454231
2.0609894 -6.0993214 3.9745793 35.419922
2.1411128 -6.1678996 3.9756067 36.06073
2.6515908 -6.1745467 3.9701509 36.170525
2.7067428 -6.188983 3.9709377 35.832985
3.120306 -6.1235046 3.9651048 35.530132
3.5799241 -6.0945311 3.9584308 35.770363
3.6619332 -6.1221981 3.9617696 35.203938
4.0349321 -6.1803551 3.961062 35.226368
-7.8481636 -5.8539162 3.9696743 29.760946
-7.578455 -5.8529978 4.0118217 31.364582
-7.3943949 -5.7760363 4.0076804 29.732393
-7.0374036 -5.8546963 4.0272436 28.58073
-6.8674474 -5.7710161 4.0111823 27.183212
-6.4074001 -5.7598472 4.0144949 27.797035
-6.1009645 -5.9529257 4.0243616 29
-5.8754635 -5.8059564 4.008234 29.674206
-5.4614697 -5.8209486 4.0083809 29.520832
-5.3593473 -5.746706 4.007719 28.889015
-4.953146 -5.8949409 4.0118141 26.38376
-4.6068554 -5.9699445 4.0137367 30.875
-4.4243035 -5.8682532 4.0053215 16.268814
-4.072094 -5.7450066 4.0111647 18.46875
-3.8493581 -5.7189426 4.0086069 6
-3.386301 -5.7647085 4.0053992 2.6620908
-2.7321062 -5.7565889 4.0031734 2.3208332
-2.5024252 -5.7494726 4.002892 3.0205543
-2.3854394 -5.7415204 4.00704 2.6666665
-1.9070466 -5.7998133 3.9906647 9.6552544
-1.7007079 -5.8720808 3.9843614 8.8837767
-1.3973147 -5.8672905 3.9928551 10.222814
-0.94103682 -5.8009233 3.9878829 37.192856
-0.68994254 -5.8036194 3.9861431 10.692684
-0.36501813 -5.8142953 3.9778168 37.062531
-0.28930902 -5.89575 3.9784651 34.185516
0.18528724 -5.8154087 3.9687357 37.578564
0.3559289 -5.8784304 3.9727519 22.049999
0.6770435 -5.8192577 3.9769275 37.804928
1.1681734 -5.7593007 3.9732468 36.410988
1.2755115 -5.9166565 3.9699543 36.064583
1.6684049 -5.7536287 3.9700413 37.619587
1.9493195 -5.9619007 3.9769602 31.622721
2.188694 -5.7829032 3.9693089 35.371174
2.6161637 -5.8073864 3.9648767 33.732624
2.8716812 -5.9235544 3.966125 33.431328
3.1216476 -5.9072623 3.9623942 33.92593
3.5068185 -5.9210901 3.9602852 35.648438
3.6814914 -5.7662497 3.9576077 33.086296
4.0015497 -5.8446922 3.9549112 30.151215
-7.8520794 -5.5633211 3.9853568 25.666143
-7.698328 -5.5421257 4.0026598 27.993084
-7.3251038 -5.6456366 4.0132465 27.445831
-7.116662 -5.5587664 4.0053177 29.709124
-6.8167973 -5.6470232 4.0159044 29.035961
-6.4227047 -5.6536131 4.0136671 28.283169
-6.1779637 -5.5671043 4.008636 28.082199
-5.7834535 -5.6027355 4.0102439 28.433346
-5.6916976 -5.5079179 4.0207148 28
-5.2927723 -5.586956 4.0087881 28.986992
-4.8377781 -5.6469164 4.0048637 27.865536
-4.6876864 -5.6074176 4.0165944 15.39588
-4.410388 -5.5152245 4.0165119 13.372665
-3.9886656 -5.6208792 4.0132008 10.914052
-3.8618882 -5.5528603 4.010365 10.703125
-3.316484 -5.651741 4.0026598 3.1447983
-3.153513 -5.4488883 3.9980159 3.3460333
-2.7181678 -5.5831585 4.0038605 2.6289616
-2.6404965 -5.6068439 4.0001307 3.2277508
-2.3294148 -5.5756388 3.9948707 4.0337377
-1.8686175 -5.5984182 3.9871414 6.333333
-1.7639313 -5.6003151 3.988781 7.7409382
-1.4330199 -5.6398144 3.9845951 8.2371483
-1.0732775 -5.4556522 3.9681895 18.75
-0.70844674 -5.5308967 3.9969153 5.9633512
-0.50792241 -5.5138273 3.9948258 29.405426
-0.25633383 -5.5118732 3.9849567 38.711723
0.11744244 -5.5018816 3.9800122 34.705864
0.51629353 -5.487411 3.9895196 40.791664
0.65554965 -5.5360012 3.9789081 32.045013
1.1136487 -5.5337915 3.9758739 38.278671
1.3704765 -5.4723139 3.9714961 34.416664
1.6461191 -5.6267538 3.9716053 35.952751
1.9539604 -5.4851704 3.9700942 33.971981
2.1513643 -5.6391001 3.9685969 35.117718
2.6220889 -5.668767 3.9642386 32.951256
2.9479096 -5.4781475 3.9597578 31.493275
3.1493781 -5.6663113 3.9613113 33.261848
3.5122147 -5.5312958 3.9538836 33.283672
3.6540275 -5.6410656 3.9582145 34.201199
3.9543674 -5.6448946 3.9551294 33.016483
-10.259794 -5.1513844 3.9785795 3.2373047
-9.9654846 -5.120471 3.9741778 5.3845782
-9.7083082 -5.1364985 4.0247722 5.3696108
-9.3421383 -5.1273222 4.0187511 4.6776733
-9.2516365 -5.1194682 4.0361471 5.0650067
-8.9061489 -5.1160331 4.0190387 4.5982199
-8.5642643 -5.1159191 3.9467359 5.4932122
-8.3811493 -5.1146398 4.0254216 5.2217999
-7.8442717 -5.1831217 3.9644318 21.938013
-7.5637541 -5.2444463 4.017426 27.43856
-7.430645 -5.1364985 4.003088 27.25045
-6.9856415 -5.2901297 4.0069027 25.801971
-6.7976494 -5.1537099 4.0081286 26.359634
-6.3352413 -5.2408943 4.0041609 26.979425
-6.265533 -5.1433349 4.0072031 26.008335
-5.8598566 -5.1688366 4.0083838 28.525764
-5.5012631 -5.3042164 4.0075541 28.54731
-5.3339396 -5.186142 4.0033469 27.646282
-4.8559637 -5.1992993 4.0032921 32.123619
-4.7067046 -5.215251 4.0044208 29.875
-4.368618 -5.1594381 4.0033932 28.991213
-3.9372466 -5.2256889 4.0004177 24.056656
-3.8366368 -5.129324 3.9959242 17.945202
-3.3376298 -5.2081356 4.0035009 4.4864054
-3.1522646 -5.2699246 3.9942119 3.2943928
-2.9611769 -5.2855225 4.0003486 2.4524741
-2.3034954 -5.3398204 3.9981394 4.8357644
-1.8633375 -5.2025638 3.9952564 3.6286831
-1.6597836 -5.1708641 3.9985948 4.464015
-1.377012 -5.2658453 3.9899948 6.6916971
-1.1039799 -5.2233553 3.9659076 8.59375
-0.73297334 -5.1915002 3.9802437 16.690773
-0.42183706 -5.2353716 3.985431 30.774054
-0.27994382 -5.3044052 3.9764462 37.438717
0.1559951 -5.2082453 3.9733047 34.522312
0.46567881 -5.1751881 3.9700618 18.363636
0.65064085 -5.1655545 3.9735518 34.883213
1.1229792 -5.1394477 3.9716749 33.793472
1.2462308 -5.3399501 3.9691405 33.30521
1.6555488 -5.2265882 3.9680331 35.521793
1.8605237 -5.295764 3.9643602 26.792511
2.16272 -5.254178 3.9658732 35.520157
2.6318393 -5.1649771 3.9583316 32.660446
2.7210572 -5.2805099 3.9585721 33.572479
3.1104376 -5.1505661 3.953054 30.468987
3.5502882 -5.22508 3.9517636 31.878662
3.7189431 -5.2950463 3.9497213 31.380238
3.9383428 -5.2364845 3.9667754 3
-10.261749 -5.0751619 3.9607954 1
-10.155131 -5.0893679 4.060349 2.5
-9.8548708 -5.0999322 4.0251403 5
-9.3733196 -5.0957894 4.0069909 5.208333
-8.8593941 -5.0966606 3.9484377 4.8249998
-8.403821 -5.0938301 3.9779401 5.2249999
-8.2868347 -5.0969968 3.9669967 6.4989095
-7.8955402 -4.8929415 3.9933915 18.4375
-7.6096573 -4.973392 4.0139532 26.081543
-7.3940926 -5.0076628 4.0019031 24.776026
-7.087429 -4.8911533 3.9913583 19.495749
-6.6953869 -5.0541177 4.0073271 27.15625
-6.4165449 -4.9901638 4.0072832 25.4125
-6.0990157 -4.9375792 4.0053997 25.253124
-5.7469683 -5.0425057 4.0033689 28.119793
-5.5643177 -4.9084063 4.0017786 25.742188
-5.2590714 -5.0732136 4.0013018 26.979168
-4.9794378 -4.9862804 4.0010891 28
-4.6660633 -5.0033293 4.0016832 34.5625
-4.3500409 -4.9757934 3.9987023 19.313555
-4.0049663 -4.9062524 3.9957843 26.666668
-3.7772923 -5.062871 3.9955118 14.603117
-3.5103633 -4.9003024 3.9965961 10.34375
-3.1093314 -5.0730991 4.0249624 1
-2.8820093 -4.8463774 4.0039706 0.5
-2.466856 -4.8920317 3.9890776 1.9519231
-2.2824817 -4.9521399 4.0057878 2.545486
-1.8926427 -4.9183288 4.0002871 1.9544271
-1.71141 -5.079072 3.9915695 2.3
-1.329761 -4.9690084 4.0019064 3.3041494
-0.96889335 -4.864006 3.9840398 17.3125
-0.75384027 -4.9617081 3.9709601 27.787876
-0.39930609 -5.0373602 3.9871345 32.759209
-0.13891488 -4.9592199 3.9673815 31.673485
0.15493074 -4.9322748 3.9721549 34.869022
0.32523763 -4.9363136 3.9602692 38
0.80945969 -4.9244552 3.9598389 35.357697
1.1419601 -4.914979 3.9670868 31.335222
1.2251664 -4.906065 3.9660935 32.877457
1.6035949 -5.0384364 3.9657989 33.670784
2.0041094 -5.0023327 3.9652262 31.663301
2.2213714 -4.9502106 3.9607925 32.445984
2.615438 -5.010479 3.9598823 29.353399
2.8030791 -4.8908215 3.9488821 30.222946
3.0691416 -5.0445709 3.9499197 29.041124
3.5217762 -5.0118608 3.9491501 30.565887
3.667953 -4.8965969 3.9473023 29.724934
-33.673393 -4.5524206 3.9270804 0
-7.8471417 -4.7139492 4.0151873 14.107462
-7.6988969 -4.6301656 4.0020533 18.856773
-7.3343697 -4.6909304 4.0029345 16.702545
-6.9761982 -4.5968781 3.9903605 15.247717
-6.8050947 -4.6178656 4.0043263 14.971424
-6.3932562 -4.5612249 4.0015831 19.523205
-6.180542 -4.5272179 4.0078497 21.739218
-5.8832555 -4.549283 3.9924939 9.1930227
-5.4901266 -4.5320692 3.9901175 5.7164688
-5.2844591 -4.6473436 3.9943519 24.885658
-4.9643307 -4.614181 3.9930744 27.704275
-4.7799501 -4.6141019 3.9977109 33.666664
-4.388948 -4.7292027 3.9941685 27.859503
-4.0137591 -4.6723132 3.9949765 14.616477
-3.7980051 -4.6505737 3.9919515 24.84127
-3.3608286 -4.6426411 3.9968712 11.283487
-3.2404516 -4.5830307 3.9854169 3
-2.8296742 -4.685287 4.0124569 0.91351318
-2.6500282 -4.540668 4.002811 0.5
-2.3305564 -4.7153163 3.9898119 2.7714076
-1.9815774 -4.7660055 3.9841731 3.9917221
-1.7987958 -4.5686502 4.0037122 2.5
-1.3341556 -4.6649694 3.9781642 5.8424778
-1.0559011 -4.6480126 3.9813259 9.5486279
-0.71296602 -4.6271362 3.965667 27.075867
-0.36676526 -4.6366005 3.9770555 28.873993
-0.15253043 -4.5998659 3.9826078 26.750214
0.15703481 -4.6270032 3.9684477 30.730404
0.44174767 -4.5738912 4.0032654 17.25
0.63081706 -4.6040478 3.9702539 31.292402
1.115072 -4.630476 3.965585 31.991608
1.2444212 -4.7257962 3.9709706 18.404762
1.6366138 -4.6525488 3.9619074 33.655632
2.068779 -4.5307245 3.9560413 30.504017
2.1287961 -4.5868387 3.9559584 29.986921
2.613683 -4.6369677 3.9482446 31.768301
2.7903376 -4.6980572 3.9456227 28.816488
3.1329389 -4.7008786 3.945339 27.916203
3.5220768 -4.6350617 3.9474025 28.559536
3.6041925 -4.7676821 3.9459186 28.799999
-7.8786016 -4.352828 3.9667563 4.250535
-7.7450266 -4.2257485 3.9901836 16.334885
-7.3905296 -4.2415986 3.9948053 20.454824
-7.0118284 -4.2874746 3.9924223 19.020935
-6.8222799 -4.2437325 4.0017266 21.698044
-6.3821387 -4.2533684 4.0024223 22.366909
-6.1862659 -4.3080573 4.0150146 22.786892
-5.8883038 -4.2852001 4.0015903 22.053679
-5.5954027 -4.4067554 3.9948201 22.870039
-5.3694134 -4.2171154 3.9988804 23.147284
-4.9196615 -4.2711277 3.9921556 27.727436
-4.6355305 -4.4709654 3.9896109 32
-4.3577003 -4.2980227 3.9861989 26.755291
-4.032619 -4.3662434 3.9875453 24.265997
-3.8569784 -4.2448635 3.9898858 25.212818
-3.4244843 -4.2552309 3.9858344 20.937626
-3.2214649 -4.4825726 3.9900815 12.5
-2.8022063 -4.2276392 3.9790068 14.5
-2.418571 -4.2080798 3.9845045 14
-2.3937504 -4.2007585 3.9787145 15.3
-1.8660903 -4.2256522 3.9751475 22.15126
-1.5865066 -4.3282976 3.9894724 2.3691406
-1.3237762 -4.2843695 3.9753056 19.369493
-1.0089318 -4.2761254 3.9715552 27.547972
-0.74077678 -4.377903 3.9610982 27.749031
-0.41467857 -4.3764114 3.9736581 22.693115
-0.16822763 -4.4232426 3.9834073 26.809488
0.19604596 -4.3140059 3.9690542 27.432907
0.38332194 -4.3573141 4.0006137 19.375
0.70337552 -4.3618007 3.9630423 27.236603
1.1695554 -4.2933102 3.959713 28.180082
1.2759466 -4.320363 3.9576271 30.249493
1.6418247 -4.335422 3.9571896 32.247425
2.0164256 -4.4732914 3.9540386 30.65625
2.2312012 -4.2835331 3.9501524 29.146488
2.6615932 -4.2288198 3.9431281 27.888609
2.8002129 -4.3262587 3.9393771 27.725586
3.2229772 -4.2615385 3.9400172 25.958767
3.4733901 -4.3198605 3.9436946 26.759033
-33.506111 -3.9424496 3.9146733 22
-7.877038 -4.1702361 3.9865694 12.622152
-7.713707 -4.1110425 3.9960051 21.32634
-7.2736588 -4.1014471 3.9964027 23.468109
-7.1387939 -4.0560837 3.9967833 24.979382
-6.8090196 -4.1152534 4.0050259 20.48925
-6.3615255 -4.1854277 3.9951115 22.292414
-6.2348804 -4.1330347 4.0046039 20.86087
-5.7949677 -4.1527143 3.9971793 22.35409
-5.4229565 -4.1755219 3.994235 22.225262
-5.2867932 -4.1429033 3.9934907 22.667778
-4.8508906 -4.0848808 3.9911411 29.379147
-4.6940393 -4.0384369 3.9910643 31.491631
-4.3855391 -4.0091915 3.988718 24.566969
-4.0623713 -3.9919415 3.9894114 25.210417
-3.7878463 -4.0787954 3.9845397 17.847616
-3.4760661 -4.1521034 3.9841061 21.506191
-2.9165354 -4.0781078 3.9874272 13.300966
-2.4340916 -4.0515924 4.0002279 15.27105
-2.3038938 -3.961926 4.0158215 7.5977864
-1.9188646 -4.0956063 3.9799666 21.317757
-1.6217332 -4.1610861 3.9830422 2.5227411
-1.2400589 -4.0752959 3.96733 15.659348
-1.1246995 -3.9793806 3.966258 18.400377
-0.84062648 -4.111464 3.9693768 25.888021
-0.42376596 -4.0865707 3.9807363 26.592072
-0.19361174 -4.1419735 3.9797664 24.609253
0.079397909 -4.0370593 3.9842739 18.137192
0.45323998 -4.0996766 4.0041294 11.427557
0.64095545 -4.0708284 3.9608893 29.540972
1.1242099 -4.0766754 3.9553919 29.081837
1.3348268 -3.969636 3.9493282 11
1.6539605 -4.1042891 3.9544053 30.362461
2.05018 -4.0617237 3.9501188 28.053883
2.1233704 -4.1402259 3.9459758 29.65435
2.6286001 -4.1537981 3.9417186 27.183575
2.8133245 -4.1085758 3.9410295 25.184723
3.0991786 -4.1162062 3.9437959 26.148857
3.4435396 -4.0442491 3.9367402 11.491768
-34.278187 -3.6701798 3.9255292 10
-33.600758 -3.775151 3.9809191 11
-33.574306 -3.8529356 3.9600563 11
-7.8431482 -3.7322748 3.9865141 13.640154
-7.6230607 -3.7188995 3.9946022 19.451628
-7.3947215 -3.680069 3.9907832 17.906303
-6.9489822 -3.7261496 3.9825943 18.159571
-6.8377957 -3.6620674 3.9911573 19.065327
-6.3682632 -3.7121854 3.9963236 18.626034
-6.2746439 -3.7089591 3.9971092 18.173548
-5.8298788 -3.6719613 3.9993267 19.67778
-5.4193573 -3.7008388 3.9946806 20.38073
-5.3254223 -3.6886568 3.9902413 20.557154
-4.8267226 -3.6894255 3.9862881 27.340466
-4.7948608 -3.6438522 3.9885826 28.418983
-4.370657 -3.7204075 3.9845405 27.279125
-3.9069648 -3.7009432 3.9819398 21.328762
-3.8352804 -3.6841908 3.9825964 21.041868
-3.3781834 -3.6202402 3.9791331 23.384007
-3.2263007 -3.6201828 3.9768522 20.579861
-2.9231761 -3.6669571 3.9776969 20.222223
-2.4060555 -3.6168847 3.9699798 15.986263
-2.3673792 -3.6114869 3.9722314 16.521523
-2.0070338 -3.618736 3.9692717 19.389706
-1.6379447 -3.7473693 3.9730768 10.725554
-1.2450262 -3.8517656 3.9693165 8.271183
-1.1407936 -3.8657036 3.9821513 7.1839757
-0.82207614 -3.7115982 3.9703064 21.200974
-0.37204862 -3.7144547 3.9756012 23.727697
-0.17357866 -3.7229519 3.9920924 12.805519
0.1181952 -3.6836491 3.9829972 17.678553
0.43582034 -3.7383642 4.0010619 9.4638672
0.64811099 -3.6623988 3.9561293 25.671068
1.1262248 -3.6679106 3.9543324 25.253052
1.2298064 -3.6642542 3.9538002 19.213133
1.6322441 -3.6600769 3.9480944 28.847202
2.0870075 -3.6279211 3.9425015 26.995754
2.1494842 -3.6885433 3.9431109 26.325226
2.617106 -3.6600699 3.9391627 23.42342
2.7169895 -3.7207174 3.9425738 22.979828
3.114203 -3.721653 3.9412019 22.935383
3.4226866 -3.8280551 3.9540355 9.9160156
-32.864761 -3.5081515 3.9281318 8
-7.9427977 -3.3519645 3.9568725 4.4375
-7.6129827 -3.495662 4.0046177 19.377197
-7.2940226 -3.545855 3.9921908 17.245834
-7.157465 -3.5347109 3.9889023 16.140625
-6.6845379 -3.5447121 3.9905844 15.492514
-6.5287914 -3.3240583 3.9822493 19.75
-6.1033335 -3.4788384 3.9947052 19.232746
-5.7681661 -3.5928936 3.9935184 19.903572
-5.6781769 -3.469811 3.9846482 19.75
-5.2137871 -3.555748 3.9948263 19.640625
-5.060472 -3.317348 3.9864731 19
-4.5907836 -3.4896092 3.9856296 29.333332
-4.2920351 -3.5884266 3.9847932 23.374405
-3.9720714 -3.5671959 3.9795828 20.5
-3.8156328 -3.5706692 3.9766994 21.129463
-3.3495555 -3.5853572 3.9750333 22.943821
-3.280231 -3.565594 3.9690104 22.285875
-2.8313265 -3.5655456 3.9805427 21.543877
-2.6009798 -3.519608 3.976068 19.714287
-2.3352618 -3.5818205 3.9727213 17.948561
-2.0394535 -3.5509825 3.9687893 19.915977
-1.5705664 -3.4801517 3.9672112 16.666666
-1.2696608 -3.3649073 3.9585881 23.509285
-0.96771014 -3.4280612 3.9652338 20.705254
-0.73453444 -3.4259493 3.9565136 34.003147
-0.45621443 -3.4571025 3.9292419 45.669441
-0.060154192 -3.5746126 3.9447055 33.233932
0.17609335 -3.5762663 3.9506521 25.649971
0.40454194 -3.4587128 3.9603114 11.154297
0.69859004 -3.4194865 3.9486885 27.201614
1.1135175 -3.5796955 3.9515851 23.624872
1.3549742 -3.5638959 3.9521017 15.5
1.6257231 -3.5655136 3.9451773 26.306458
2.5404258 -3.5602288 3.9366074 24.964287
3.0608082 -3.5999212 3.9399321 21.545454
-7.8472509 -3.2184155 3.9784384 10.670103
-7.6961756 -3.1498051 3.9959042 16.349182
-7.2809591 -3.1972647 3.9864893 16.742508
-6.9575758 -3.2137597 3.9921579 16.243315
-6.7615819 -3.178607 3.9927354 16.331463
-6.3354077 -3.1873827 3.9867256 15.928305
-6.2146769 -3.2102442 3.9837744 16.020149
-5.8427396 -3.1575875 3.9889469 17.870504
-5.4572582 -3.2222991 3.988121 16.869804
-5.327734 -3.1816001 3.9866695 18.1945
-4.8824015 -3.2059946 3.9906592 21.506716
-4.7820168 -3.1782169 3.983506 26.105547
-4.3080683 -3.1690049 3.9812725 19.965029
-3.916847 -3.2004766 3.9763179 19.031338
-3.8455806 -3.2046728 3.9770873 19.475468
-3.3236115 -3.1767268 3.9743643 19.913082
-3.2901998 -3.1598244 3.9716332 20.174999
-2.8236432 -3.1781926 3.9725041 18.995049
-2.5569806 -3.1196227 3.9765925 10.3625
-2.3302202 -3.1898079 3.9698284 19.031712
-2.0205016 -3.1857855 3.9672263 21.525126
-1.5426766 -3.1487694 3.9639883 22.5
-1.4686372 -3.2420745 3.965518 21.689009
0.89031523 -3.2958028 3.9733539 16
1.1721802 -3.2726045 3.9452353 26.829845
1.2058058 -3.283047 3.9453936 26.078321
1.6456546 -3.1946638 3.9385302 26.922764
2.1405561 -3.161293 3.9385905 23.879276
2.6466532 -3.1820807 3.9382968 23.509903
2.8506269 -3.1831663 3.9376953 21.583332
3.03721 -3.1790617 3.9376969 21.024708
3.852109 -3.0064301 3.9230866 2
4.1179895 -3.0105457 3.9400923 3.5
-7.8777494 -2.7494416 3.987741 10.031145
-7.6960211 -2.7454743 3.9956522 14.842136
-7.3900709 -2.7148695 3.9941118 14.829828
-6.9728098 -2.7568326 3.9804797 10.771528
-6.83077 -2.7246423 3.9740815 15.287767
-6.391715 -2.7260475 3.9684596 13.122208
-6.2700167 -2.7235746 3.9789057 12.982664
-5.8510385 -2.7317472 3.9911318 14.960083
-5.473278 -2.7545943 3.9908054 18.341816
-5.3254266 -2.7100117 3.9876363 15.850161
-4.911849 -2.7302337 3.9901984 20.121992
-4.7853432 -2.7141581 3.9711819 19.080357
-4.3361921 -2.7071316 3.9769707 20.481798
-3.8657737 -2.7119269 3.9822841 19.267813
-3.3557806 -2.7009859 3.9708076 17.730228
-2.864778 -2.7111337 3.9737787 18.9223
-2.401315 -2.7462108 3.9714146 19.200001
-2.3658853 -2.7191024 3.9703774 19.083759
-1.967355 -2.8022599 3.9694505 21.316814
1.740471 -2.7859271 3.9433155 24.987619
2.1563082 -2.7187104 3.9410057 24.146442
2.6760449 -2.7071021 3.9361119 19.427801
3.1526899 -2.714417 3.939642 20.360706
3.7424974 -2.8126998 3.9307775 11.318396
3.9977763 -2.8667915 3.9347408 11.56074
4.2275381 -2.9783134 3.9485514 2.625
6.2718635 -2.965286 3.9244442 14
6.5081739 -2.7854486 3.9233651 20.666668
6.6069469 -2.9974394 3.9125462 15
-7.8482046 -2.6764112 3.9943652 9.9006376
-7.6981821 -2.6095085 4.0323935 10.512731
-7.347044 -2.6814866 3.98773 15.222601
-7.0257835 -2.6508873 3.9815536 15.783288
-6.8303981 -2.658175 3.9798651 13.546011
-6.3387861 -2.6686888 3.9752789 15.962762
-6.255559 -2.6800652 3.9808125 13.387489
-5.8461399 -2.662972 3.9800487 15.013374
-5.5834069 -2.567328 3.9900036 18.247791
-5.3316021 -2.6885576 3.989007 19.196728
-4.8445454 -2.6854982 3.9841764 22.199629
-4.7856188 -2.6642709 3.9737663 21.827251
-4.3388634 -2.6769056 3.9802029 19.302855
-3.8131738 -2.6748486 3.9800656 18.248411
-3.3429465 -2.6807153 3.9704151 17.533554
-3.0646544 -2.5444386 3.9668458 20
-2.8465748 -2.69663 3.9769526 19.448149
-2.4680362 -2.6290574 3.9689364 18.753395
-2.3422906 -2.6942811 3.9663343 19.128853
-2.0405669 -2.6977983 3.9659133 19.549999
2.1497624 -2.6966391 3.9385986 24.523426
2.6454821 -2.6852169 3.9358182 20.588428
3.1408951 -2.6747379 3.9414754 20.682247
3.5729332 -2.6587372 3.9279585 18.150085
3.65365 -2.6840491 3.9284382 14.713222
4.0034437 -2.6749759 3.9280601 16.697575
6.2805791 -2.6946018 3.9268553 19.5
6.5582542 -2.6530814 3.925868 10.720238
-7.8911409 -2.2122245 3.9955955 8.2008314
-7.7297478 -2.1992183 4.0278511 13.463656
-7.2683287 -2.1522489 3.9877684 13.182337
-6.9529562 -2.1677933 3.9698136 11.563688
-6.8509693 -2.1942701 3.9719305 11.074919
-6.3815489 -2.1981134 3.9750786 11.072611
-6.2549758 -2.1993885 3.9787061 12.15794
-5.8700323 -2.2157922 3.983623 13.014584
-5.4251862 -2.2175579 3.9644046 12.293522
-5.3478622 -2.2027917 3.9811697 12.625708
-4.8413677 -2.1827168 3.9690404 15.822014
-4.7490835 -2.2046881 3.9740162 19.143562
-4.3120933 -2.1547096 3.9711282 15.181338
-3.8178871 -2.1877315 3.9650023 14.636821
-3.336484 -2.191551 3.9621291 16.210398
-2.8543253 -2.2232471 3.9582028 15.959275
-2.4475327 -2.2351756 3.9478555 14.978551
-2.396503 -2.2272906 3.9457278 14.888889
2.2188287 -2.2868018 3.9341137 20.359467
2.6621408 -2.2016187 3.928896 16.499554
2.7067432 -2.231847 3.929481 16.897091
3.1278529 -2.1942687 3.9250259 15.466088
3.4766381 -2.3648739 3.9229598 16.111111
3.6085947 -2.3188365 3.9210446 14.428572
6.2301331 -2.1566892 3.9155083 11.15625
6.5476198 -2.1680515 3.9147775 12.996827
6.6085634 -2.2009425 3.9171534 13.275
-7.9579573 -1.857043 3.968497 4.5692244
-7.6603374 -1.93542 3.9984145 21.24375
-7.3496771 -1.9784079 3.9991791 16
-7.0087242 -1.8621442 3.9888062 9.125
-6.7541432 -2.0874093 4.0030913 9.5
-6.5058193 -1.8743117 3.9772232 23
-6.2382293 -2.0803051 3.9796255 20
-5.9579773 -1.8074751 3.9772718 11.666666
-4.8741994 -1.8144966 3.9703019 19
-2.5259421 -2.0897043 3.9411018 14.25
2.3552804 -1.9349899 3.9227691 11.984228
2.4007154 -1.9078178 3.9406929 15
3.4196525 -1.9015031 3.9259429 0.59610981
6.2172365 -2.0679593 3.9156551 13.166667
6.4546728 -2.0410764 3.9333687 19.144947
6.6310358 -2.008146 4.1492434 4.875
-7.8374052 -1.6990094 4.0070896 12.813651
-7.6219769 -1.7172152 3.9991946 20.78569
-7.3038673 -1.7410357 3.9831605 12.83289
-6.9574552 -1.7349575 3.9719896 18.318703
-6.8036356 -1.6685014 3.9752502 13.270125
-6.3634753 -1.691654 3.9648981 14.017839
-6.2665901 -1.7041678 3.9685421 13.200995
-5.8403039 -1.6496296 3.9731421 13.160308
-5.4287834 -1.6904087 3.963871 16.55965
-5.3296518 -1.6658611 3.9688993 14.689861
-4.8590431 -1.677073 3.9655137 19.522606
-4.7536459 -1.7145975 3.959806 13.965435
-4.3269582 -1.6743124 3.9630013 18.539274
-3.8673496 -1.7037884 3.9598112 13.891528
-3.3532143 -1.6832801 3.9559412 14.565228
-2.8940454 -1.7546142 3.9500489 13.518755
2.6780624 -1.7254062 3.9254224 9.6466227
2.7162805 -1.7061691 3.9243071 9.5684624
3.0593967 -1.6977143 3.9196908 8.9775791
3.4238133 -1.7390244 3.9167678 3.9166665
5.5681744 -1.5266926 3.9277103 8.041666
5.8662052 -1.5316036 3.9020777 11
6.1733484 -1.6753217 3.9049847 18.174141
6.5696402 -1.6907654 3.9117985 12.356873
6.6206541 -1.6568056 3.9227638 7.3531251
-7.9063878 -1.2278349 4.0309587 5.2172036
-7.7079439 -1.234509 3.9947679 11.204679
-7.3818398 -1.2490698 3.9722409 19.046604
-6.9934506 -1.2225075 3.9698462 7.9718833
-6.7945776 -1.2179294 3.9651937 11.748718
-6.3804865 -1.2091115 3.9548097 12.431812
-6.2730293 -1.211041 3.958802 15.2237
-5.8385639 -1.2208292 3.9596667 14.123475
-5.4402089 -1.2403991 3.9573193 15.227182
-5.3440886 -1.2242703 3.9620254 12.885651
-4.8374348 -1.2351842 3.9551163 19.389568
-4.7783208 -1.2092097 3.9507358 21.022526
-4.3386407 -1.2202535 3.9561362 17.321125
-3.837894 -1.2165587 3.9512076 14.496778
-3.3588545 -1.2077188 3.9531 13.537325
-3.0367894 -1.2487732 3.9440451 12.94451
-2.9916916 -1.2137846 3.9460673 11.398959
2.6962285 -1.2368972 3.9158397 3.7142856
2.7352238 -1.2355983 3.918364 3.5513573
3.1669497 -1.2112796 3.911984 4.5287619
5.3879495 -1.2945356 3.92222 4
5.6113968 -1.370309 3.9145532 18.941288
5.93506 -1.2976795 3.915627 4.5
6.1405029 -1.2273474 3.9074478 16.101091
6.5538502 -1.226341 3.9262385 12.602139
6.6234188 -1.3198395 4.0099177 10.833333
-7.8573923 -1.1416004 3.9977291 7.2398181
-7.656395 -1.1503727 3.9853282 12.598117
-7.3999696 -1.1630116 3.9742029 13.530758
-7.1214981 -1.1692938 3.962173 11.142393
-6.834342 -1.1689351 3.9693489 13.81969
-6.4010477 -1.1686938 3.9566827 12.973326
-6.236928 -1.1665782 3.9589617 11.725267
-5.8793874 -1.1815314 3.9652004 15.405589
-5.4867921 -1.1530037 3.9546895 11.476755
-5.3434124 -1.1700289 3.9545856 14.040842
-4.865819 -1.1813898 3.9602103 14.826681
-4.7601643 -1.1392603 3.9597569 12.089302
-4.2846293 -1.1629579 3.9554501 15.581758
-3.861248 -1.1974678 3.9514558 13.948976
-3.3749619 -1.187434 3.952528 13.765711
-3.0076413 -1.1725698 3.9496033 12.70055
-2.9954128 -1.1939895 3.941257 11.447544
2.6996155 -1.1808186 3.9113121 4.6666665
2.7761722 -1.1865981 3.9141107 4.6645403
3.1024413 -1.1758207 3.9099224 5.1962385
3.4951596 -1.0108062 3.9084451 4.4452252
3.6470532 -1.0216575 3.9045298 3.90625
5.3466687 -1.1209744 3.9160771 23.688992
5.6162739 -1.1683521 3.9124823 25.726364
5.7781444 -1.1583062 3.9240129 17.299618
6.1408272 -1.1837385 3.9110806 16.977694
6.5492454 -1.1055217 3.9564681 12.359186
6.6122417 -1.156935 3.9376934 10.479166
-7.8646464 -0.67852068 3.9805551 6.8262186
-7.5721865 -0.76745772 3.9729886 13.129281
-7.2938361 -0.71821994 3.9580164 8.7342262
-7.1298895 -0.67823672 3.9572794 11.461014
-6.8291702 -0.65959811 3.9600282 12.848131
-6.4083767 -0.6925289 3.9573059 12.802022
-6.2629695 -0.67300862 3.9501829 10.883371
-5.8259754 -0.72478569 3.9570928 12.916688
-5.4225779 -0.68889809 3.9559021 12.262375
-5.2687211 -0.70365274 3.9439001 11.501526
-4.8408899 -0.69262433 3.9541225 11.857541
-4.7666082 -0.74078834 3.9507978 16.074594
-4.3287783 -0.67734528 3.9476602 16.21846
-3.9062157 -0.70072341 3.9446208 15.167328
-3.8657918 -0.69476265 3.945003 15.586294
-3.3649981 -0.6980474 3.9493299 15.389906
-3.0812588 -0.86515439 3.9111929 8.6996708
2.8535552 -0.70798779 3.9036393 12.336864
3.1704116 -0.69015849 3.903791 15.150503
3.5980191 -0.68580604 3.9074593 13.757576
3.6517506 -0.70422769 3.9052501 14.887268
4.1293736 -0.6334374 3.9061084 14.884394
4.6469135 -0.63880599 3.9095216 12.902462
5.0879717 -0.67064977 3.9124656 10.640539
5.1573534 -0.69970512 3.9024343 17.937849
5.649929 -0.73430836 3.912643 18.310202
5.7736292 -0.73164392 3.9157686 18.34716
6.0797224 -0.77829695 3.9152038 22.43129
6.5214939 -0.8207885 3.9229732 13.287857
6.6085176 -0.79966599 3.9683115 6.4578123
-7.9206109 -0.48709098 4.0191026 3.7413235
-7.630271 -0.39487499 3.951014 14.622879
-7.3240032 -0.3595725 3.9791441 10.308751
-7.1103644 -0.39566004 3.9542229 15.649239
-6.8192949 -0.36734748 3.9564447 15.179062
-6.4452562 -0.36720541 3.952805 8.9790802
-6.2694788 -0.36179572 3.9478493 11.792429
-5.8333464 -0.36059704 3.9565272 12.675816
-5.42626 -0.34238082 3.9505305 11.821478
-5.3041382 -0.34048957 3.9615462 14.256311
-4.7922077 -0.58194107 3.9471524 21.166666
-4.3397107 -0.30244613 3.9267743 19.5
3.130703 -0.33183712 3.9036293 21.271229
3.5739822 -0.59831709 4.0714517 0
3.6412811 -0.34246284 3.9035339 15.474712
4.1291943 -0.38803947 3.9055593 12.196997
4.4183068 -0.36739838 3.9209256 13.5875
4.6463981 -0.45520261 4.0210023 8.7869549
4.9892073 -0.43546325 3.9051113 21.498861
5.176146 -0.53904533 3.912396 16.082123
-6.9584894 -0.29253948 3.9757059 27
-6.8120184 -0.29990342 3.9455757 10
-4.8884974 -0.15940604 4.0010824 26.738945
-4.344111 -0.21121159 3.939292 16.438744
-3.9126511 -0.21141714 3.9316387 16.341707
-3.8690393 -0.19045618 3.936945 17.375732
-3.3934591 -0.21053618 3.9306355 18.75309
-3.2829385 -0.22493261 3.933589 21.216829
-4.9882851 0.27088562 4.0538645 38.331345
-4.3515339 0.2922833 3.9431808 21.805927
-3.9040382 0.28910857 3.9374194 21
-3.8688495 0.29681844 3.9547124 20.396091
-5.1595778 0.52640545 4.0838509 48.729996
-4.9076562 0.30844674 4.0360956 36.114761
-4.3200173 0.31906438 3.9441113 21.202011
-3.9136381 0.36142206 3.9584167 21.565342
-3.8346267 0.337412 3.9743381 22.31234
-3.3741231 0.33150983 3.9459467 21.133423
-3.2892652 0.34925449 3.9355369 21.286175
2.9305909 0.5263232 3.9197264 12.985772
3.0325794 0.5478884 3.9211688 46.064453
-7.7450123 0.88713622 3.9520679 12.25
-7.3300638 0.87757564 3.9463964 10.25
-7.0297117 0.88531339 3.9540462 15.75
-6.8512201 0.89597726 3.9393768 9.7063799
-6.4232912 0.87293887 3.9510689 9.8319454
-6.2138286 0.87612003 3.950376 9.9720058
-5.803256 0.87083262 3.9510031 13.847149
-5.5540771 0.7737397 3.940285 15.176953
-5.3218465 0.78119814 3.9391656 14.340505
-4.8471546 0.81016541 3.9617929 15.793702
-4.7709703 0.77803254 3.9429929 20.416515
-4.3406591 0.8179217 3.9354076 17.384151
-3.9171605 0.80686569 3.9308486 17.489952
-3.867713 0.79788375 3.9345341 18.216881
-3.3604238 0.81897986 3.9308305 15.570576
4.0885949 0.83928865 3.9013498 16.200001
-7.8556061 0.93224883 3.9591856 13.118238
-7.6611233 1.0075619 3.9596767 15.024395
-7.3503251 0.96864593 3.9560061 6.1204896
-6.9677038 0.95088315 3.9657922 5.5308614
-6.8096695 0.92423987 3.949017 12.115499
-6.3916645 0.92728448 3.9457333 14.25913
-6.2578344 0.94704336 3.9370739 14.655729
-5.8914061 0.93567729 3.9482083 11.728645
-5.6380672 1.1540482 3.938026 13.75
-5.3211083 1.1334682 3.944546 8
-3.0978055 1.0270505 3.9051852 11.21875
4.6594439 0.93425274 3.9042211 12.475
5.0507941 0.96268487 3.9004712 14
-7.8236332 1.3409026 3.9615443 12.209497
-7.6573353 1.3139834 3.9669161 13.50677
-7.3669558 1.3285999 3.9601064 12.43498
-7.1236877 1.323416 3.9413943 15.004585
-6.8154998 1.3084655 3.9564013 12.612801
-6.4444547 1.3036659 3.9438477 12.159559
-6.2611074 1.3097386 3.9396393 17.067944
-5.8124495 1.3134708 3.9381981 14.648926
-5.5986824 1.3223675 3.9379296 13.570492
-5.3290091 1.2943985 3.9367375 14.565937
-4.8774042 1.3342165 3.9381819 18.586918
-4.7726388 1.2552335 3.9338369 19.878235
-4.3225846 1.3144257 3.9398694 17.4604
-3.8638031 1.3255365 3.9328792 15.146713
-3.375711 1.3077662 3.9354079 15.735873
-3.0354838 1.3844647 3.9241347 14.29647
4.6315241 1.2838134 3.9038939 9.3035717
5.6808696 1.3128541 3.9075572 10.5
5.9831529 1.2697861 3.9110489 0.5
6.1252146 1.3363895 3.9168625 7.0162015
6.5499563 1.4260945 3.9213717 9.0451918
6.6152 1.3120853 4.1049271 2.5
-7.8675976 1.7793447 3.9861438 9.3310547
-7.7402859 1.7612524 3.9857874 16.897655
-7.4051566 1.7494931 3.9483814 13.427183
-7.1004934 1.7299014 3.9448814 26.343193
-6.808363 1.7572629 3.9401193 11.593658
-6.3494253 1.762207 3.9372387 15.612652
-6.1810045 1.7466629 3.9312119 22.845663
-5.815846 1.7386367 3.9349618 16.668509
-5.4940071 1.7514691 3.9349599 15.592892
-5.3180962 1.7592235 3.9293976 17.586208
-4.8627224 1.7912211 3.923718 18.499907
-4.7801323 1.7703331 3.9274259 23.783195
-4.3282781 1.7773414 3.9268923 17.035484
-3.8533368 1.7959886 3.9255915 14.915399
-3.3365135 1.7913167 3.9275942 15.6787
-3.0621765 1.5077943 3.9194429 14
-2.8904927 1.7958679 3.9191487 14.720589
4.6483965 1.7778883 3.9018283 9.7034016
5.1187291 1.7956402 3.9039214 12.5
5.4769859 1.6704061 3.9134707 4.5
5.959548 1.7519079 3.9007554 13.333333
6.1491537 1.7664492 3.9187803 14.629167
6.5156202 1.7557334 3.924346 13.018884
6.610158 1.7233486 4.0159144 8.25
-7.8366222 1.8337519 3.9690809 9.3781223
-7.6224523 1.9071937 3.9496241 21.488945
-7.3713579 1.8518769 3.9409485 22.420784
-7.0675535 1.8452539 3.9353433 20.392904
-6.7754002 1.8340669 3.9468224 13.568337
-6.3743892 1.8168828 3.9317346 13.321228
-6.132103 1.8278315 3.9498219 12.722396
-5.8264508 1.8152974 3.9344568 21.402529
-5.4991007 1.8483109 3.9356434 16.846428
-5.3481655 1.8257161 3.9359596 14.527542
-4.8707924 1.8357756 3.9264798 19.225492
-4.7697282 1.8439469 3.9243379 17.442898
-4.3283567 1.8122615 3.9335952 18.743311
-3.8401742 1.8069431 3.9251668 15.309637
-3.3601861 1.8192353 3.9309447 16.185404
-2.9169407 1.8288436 3.9261525 14.936295
2.6678863 1.964903 4.1583519 25.25
2.7084343 1.9158306 4.1960721 26
4.6468983 1.8299108 3.9006202 9.875
5.2454839 1.9422275 3.9164512 5.7358632
5.5854845 1.8564684 3.9111938 11.375
5.767386 1.8720665 3.9001501 14.875
6.2138758 1.8456886 3.9172349 16.4484
6.5499473 1.8233418 3.932508 11.381817
6.6166391 1.8855441 3.9774306 5.5479164
-7.863472 2.2724695 3.9634256 7.9913597
-7.659164 2.3196602 3.9590509 13.99229
-7.3257847 2.3011496 3.9382401 17.082478
-7.0276537 2.3010621 3.9397559 16.626945
-6.82868 2.288717 3.9332042 13.566175
-6.3366971 2.3008037 3.93678 13.842204
-6.2529955 2.3060379 3.9323177 14.59723
-5.8894625 2.3199391 3.9332366 14.411669
-5.4395866 2.3016982 3.9304872 19.124645
-5.2987843 2.303371 3.9460568 14.223168
-4.8397684 2.2869775 3.9376631 17.243698
-4.7800817 2.2582178 3.9294689 20.305721
-4.3197908 2.3078423 3.9329338 18.558533
-3.8108337 2.2882099 3.9234984 16.937748
-3.3482132 2.3083951 3.9237928 17.023714
-2.8580785 2.3069279 3.9247355 16.608234
-2.4660873 2.3582852 3.9135919 15.383271
4.499229 2.2131846 3.9004376 7.5
4.6399727 2.3026648 3.9043646 9.4169703
5.0746722 2.3348887 3.9003096 9.1999998
5.2396336 2.327589 3.9071839 8.5874996
5.5825834 2.3238215 3.900593 15.666667
5.8495364 2.3854632 3.9034507 9.5
6.1491041 2.3544703 3.9036188 12.462891
6.534708 2.2406032 3.9305234 11.590574
6.615345 2.3456209 3.9538269 4.1875
-7.8907671 2.4585221 3.9752693 15.539062
-7.6181965 2.5711854 3.9441848 14.984375
-7.3540688 2.4225621 3.9434972 15.9375
-7.0939999 2.4785514 3.9345729 11.56748
-6.7621999 2.5152216 3.9310346 20.158203
-6.4033432 2.4422307 3.9353893 16.973698
-6.2015171 2.542819 3.9388514 12.612712
-5.8106651 2.4195662 3.9303255 18.183067
-5.6441474 2.6288724 3.9525871 13.288195
-5.2769775 2.5782847 3.9753184 6.3333335
-2.4960158 2.4375167 3.9223251 16.012096
5.1695857 2.4884286 3.9531784 1.6666666
5.437067 2.6726444 3.9083145 15
6.1496878 2.6091654 3.9194894 13.083334
6.5301189 2.5438733 3.9738817 5.5247397
6.6256962 2.4056129 3.9623103 2.5
-7.8630419 2.8156533 3.935792 13.055096
-7.7489243 2.7871256 3.9488468 14.964078
-7.3073583 2.7853808 3.9389405 16.551912
-7.0279918 2.7639587 3.944515 19.127317
-6.8523207 2.8062253 3.93014 16.60928
-6.3353405 2.8115637 3.9306118 15.519436
-6.2499084 2.7952805 3.9374092 13.450211
-5.8710928 2.7833474 3.9324403 16.303585
-5.4319434 2.7993073 3.9233165 13.308037
-5.311924 2.8023701 3.9344277 16.460814
-4.8507276 2.7897038 3.9285245 18.676701
-4.7825499 2.783803 3.9395916 14.353693
-4.3518 2.82023 3.9238024 20.976166
-3.8400979 2.7924042 3.9150939 19.391071
-3.3333073 2.7818701 3.9109113 19.845058
-3.2959476 2.772625 3.9113064 19.73064
-2.851665 2.8163776 3.9126585 18.101904
-2.4006348 2.8390093 3.9100161 17.662014
-2.3541729 2.8258762 3.9125476 17.803301
-1.9704236 2.9507012 3.9069176 19.473816
5.1612988 2.7911301 3.9056106 11.200001
5.9739823 2.7127593 3.912169 9.5
6.121305 2.7716489 3.9021997 14.640625
6.5110188 2.7789049 3.9746211 8.2395458
6.6283092 2.7445099 3.9274099 1.5
-7.8305721 3.2780001 3.9194944 12.841013
-7.7282062 3.2283897 3.9482856 18.984547
-7.3132038 3.2754068 3.9340239 14.017868
-6.9677176 3.2429748 3.9273548 12.753959
-6.7893591 3.2579308 3.9247885 17.371403
-6.334415 3.2698114 3.9226093 16.813175
-6.2453499 3.2436385 3.9217925 20.054312
-5.859292 3.2633986 3.9205723 17.930172
-5.4315147 3.2638478 3.9273367 17.139584
-5.3429599 3.2779574 3.9243503 18.31517
-4.8386803 3.2866423 3.9281073 24.606472
-4.7820845 3.2563558 3.9258814 24.578314
-4.3316498 3.2876027 3.9133892 22.221004
-3.8383927 3.2784972 3.9069366 20.226067
-3.3242776 3.2726796 3.9023819 20.345472
-3.283499 3.2167776 3.9004169 20.076923
-2.8161888 3.2570744 3.9014766 19.777798
-2.3313746 3.2873013 3.9010561 20.445282
-1.8786165 3.2357922 3.9013338 22.155025
4.9287801 3.1035447 3.9085865 14
6.5257406 3.2392597 4.0494599 20.0625
-7.8380518 3.3520346 3.9226103 14.227207
-7.6304507 3.4254498 3.9392409 14.091848
-7.3117361 3.3247116 3.9226763 17.669289
-6.9483147 3.3571548 3.9302819 15.437811
-6.8455963 3.3277717 3.9231365 15.561623
-6.3469062 3.3462358 3.9258759 15.792568
-6.1551991 3.3526568 3.9218185 15.9715
-5.8918214 3.3205457 3.9244208 19.154175
-5.4867816 3.3668404 3.9169211 20.930067
-5.2674351 3.3753893 3.9322767 19.378593
-4.8813348 3.323175 3.9250274 21.317383
-4.7447453 3.4355714 3.9305992 29.375
-4.3524742 3.310993 3.9106789 24.529905
-3.9115777 3.3303614 3.9161801 20.022205
-3.8725853 3.3259611 3.9133677 19.877125
-3.3413434 3.304621 3.9030623 20.295906
-2.3629978 3.3238988 3.9032531 20.11202
-1.8544493 3.3212209 3.9010568 23.193165
-1.4086968 3.4063563 3.9043484 22.306763
-1.0169455 3.5092454 3.9090478 25.17454
6.5040426 3.3274879 3.9218774 11.166666
-7.9033499 3.8248808 3.9075794 12.16321
-7.7619267 3.8279743 3.9230666 17.592859
-7.3526168 3.7897646 3.9297829 17.968964
-7.0107775 3.7787948 3.9192977 18.939743
-6.7513375 3.7501597 3.9228942 17.255112
-6.3976007 3.8410451 3.9207008 19.253174
-6.2013416 3.7917278 3.9256582 19.075346
-5.8265028 3.7752233 3.9315519 20.100519
-5.4207945 3.8419178 3.9318779 20.970768
-5.3046904 3.7682495 3.932476 21.524509
-4.8714294 3.8259339 3.9263771 27.90591
-4.7729387 3.7816443 3.9207058 29.375832
-4.3333335 3.7782536 3.9194486 24.502665
-3.916158 3.8425136 3.9082479 20.374126
-3.8253806 3.8107684 3.9084382 21.636835
-3.3810782 3.7905288 3.9109216 22.027451
-3.2898669 3.7666988 3.9048309 21.927757
-2.8379059 3.7746482 3.903008 21.290249
-2.3501587 3.8090715 3.9007866 22.293917
-1.8430607 3.794687 3.9006338 23.741121
-1.361697 3.8059406 3.9019299 22.554813
-0.9179998 3.6949008 3.9158156 20.686483
-0.86572874 3.7680473 3.9129984 18.33149
-0.39220363 3.786799 3.9272556 6.7141399
-0.073975101 3.751451 3.9277449 7.3092051
0.04048001 3.8056908 3.9299161 3.9464519
0.35776448 3.8157501 3.9437485 0
6.5036159 3.6691067 3.9104989 20
-7.9531455 4.0026875 3.9194124 9.765625
-7.5959921 4.0450253 3.9218063 18.100952
-7.4232903 3.9403841 3.9189844 17.471355
-7.068048 4.0283513 3.9227259 19.603516
-6.6971335 4.1548653 3.9237292 20.025982
-6.5349855 3.9701633 3.9078629 17.802084
-6.1996007 4.1682153 3.9230008 22.145834
-5.7721348 4.135901 3.924545 21.25
-5.5819812 4.0350809 3.923048 20.858593
-5.2153535 4.1461191 3.922574 22.507221
-5.0017786 3.9772635 3.9235795 25.75
-4.6856151 4.1655865 3.9192495 32.770832
-4.3475442 4.0917006 3.9114161 22.929688
-4.1193724 4.1342554 3.9176743 22
-3.7829924 4.162466 3.9054751 23.218229
-3.3183041 4.1560431 3.9003856 24
-3.2584386 4.1528592 3.9015632 24.25
-2.8374162 4.199163 3.9001291 23.200001
-1.3805112 4.1899471 3.9051809 23.5
-1.0349419 4.1224446 3.9119339 27.745745
-0.85389006 4.1577234 3.9159412 17.542709
-0.45668557 4.1194267 3.9214418 12.626194
-0.23289801 4.1470261 3.9165902 12.183594
0.093688823 4.0816126 3.9322636 3.5
-7.9003191 4.3333402 3.9091046 16.022234
-7.7564659 4.296401 3.9127488 20.973541
-7.3557701 4.3288231 3.9122934 20.097441
-7.0024929 4.3947277 3.9169235 20.36293
-6.8440933 4.2991915 3.9173567 20.749065
-6.3701797 4.3255558 3.9193807 21.735891
-6.2610893 4.2837954 3.9248991 21.175014
-5.8334918 4.2805829 3.9161959 21.078592
-5.497448 4.3779602 3.925921 21.872684
-5.3104043 4.2994008 3.9217315 22.248465
-4.836524 4.2879381 3.9177485 30.235018
-4.6958075 4.3126478 3.9154992 29.240084
-4.3668823 4.3115988 3.910327 24.804199
-3.9609106 4.4028692 3.9089704 23.471619
-3.8575625 4.253377 3.9064674 23.091829
-3.3451982 4.2830191 3.9025674 23.894106
-3.2882514 4.2410889 3.9025664 24.113735
-2.8948045 4.3652825 3.90344 23.639635
-2.3408437 4.3101854 3.9009163 24.912189
-1.3557438 4.2987442 3.9021022 21.529411
-0.94978619 4.2644129 3.9081366 24.441864
-0.80632734 4.2954121 3.9111819 20.650442
-0.52060622 4.3028975 3.9175043 15.272734
-7.8453813 4.724503 3.9087224 18.183689
-7.7047191 4.6968117 3.9136515 21.328135
-7.3405647 4.7692518 3.9069858 22.162357
-7.11413 4.7267962 3.9132571 20.079996
-6.7230616 4.7276068 3.9194112 22.739437
-6.3226814 4.7724199 3.9172935 23.638823
-6.1993952 4.6886168 3.9148347 24.073887
-5.8311296 4.7716665 3.9112401 24.041067
-5.6306238 4.6149559 3.9104567 23.888672
-5.3464289 4.7313223 3.9059768 24.755157
-4.8620038 4.7663851 3.9078903 31.541603
-4.780386 4.7152152 3.9074326 31.157688
-4.3215904 4.7454753 3.9040208 25.897326
-4.1438727 4.5805006 3.9086213 23.5
-3.7626977 4.6763873 3.9009507 24.95273
-3.3744926 4.7677031 3.901958 26.239071
-3.0885329 4.517118 3.9034328 25
-2.8353827 4.7709413 3.9017262 25.4375
-2.2382164 4.6031232 3.9009213 28.333334
-1.2126468 4.5937123 3.9127052 20.6
-0.96511024 4.6879535 3.9067855 26.182423
-0.76950735 4.6739111 3.9081144 24.331947
-0.48440999 4.6936235 3.9085321 23.414434
-7.8631039 4.8634911 3.9063494 18.875305
-7.6555614 4.9920311 3.9068503 24.340672
-7.3483486 4.8702517 3.9139814 25.865545
-6.9953165 4.9561806 3.9190929 24.2444
-6.8352747 4.8489943 3.9163373 22.750179
-6.3699236 4.814683 3.9045563 23.851303
-6.085659 4.8630109 3.9077015 24.65625
-5.8764687 4.8659649 3.9101651 25.024426
-5.4295368 4.8843517 3.9062319 25.656363
-5.3527198 4.8283081 3.9115343 24.309175
-4.9590411 4.8940368 3.9133029 25.820793
-4.656816 4.8768778 3.9020343 29.049999
-4.3682909 4.8319397 3.9082563 26.34214
-3.9136605 4.8385382 3.9011087 24.013611
-3.8519847 4.8305535 3.9017248 25.074263
-3.4534693 4.9409876 3.9024658 27.55307
-3.1251838 5.0881591 3.90043 27
-0.93590546 4.9500523 3.9021578 30.86927
-0.88100541 4.8580008 3.9075723 29.297981
-0.44370687 4.8665915 3.9062009 25.548409
-7.8343697 5.2997365 3.9026971 19.184246
-7.7661438 5.3091183 3.9185357 26.700722
-7.376523 5.3232746 3.9055686 25.768623
-6.9279485 5.3320169 3.9107618 25.835016
-6.8273954 5.271019 3.9122295 24.960503
-6.4044647 5.3355436 3.9079914 26.125786
-6.2563152 5.1906247 3.9047828 26.952297
-5.811687 5.2548723 3.9057794 26.625614
-5.6075802 5.1747942 3.906693 26.858677
-5.3384018 5.3102136 3.90662 27.939606
-4.8655043 5.3269453 3.9074807 28.21788
-4.7469244 5.1976242 3.9015245 33.548214
-4.3185863 5.2743826 3.9036384 27.485741
-3.9088025 5.3416581 3.9018273 25.4
-3.8565502 5.3169994 3.902946 26.630951
-0.95786786 5.2682991 3.9010954 32.777901
-0.81459475 5.1488972 3.9034176 25.041199
-0.45915836 5.1981311 3.9023495 27.625
-7.7136879 5.6348677 3.9055886 26.679688
-7.3499222 5.5356817 3.9121218 27.671875
-7.0432663 5.5135026 3.9147294 27.973389
-6.6531897 5.5528889 3.9084678 26.920166
-6.485527 5.5013123 3.9031854 26.927193
-6.2525711 5.647151 3.9069409 27.457682
-5.8018255 5.6244097 3.9057765 28.66493
-5.5084248 5.461977 3.909286 26.429688
-5.2078595 5.5958142 3.9085059 28.848518
-4.9536333 5.5528235 3.9029896 27.862846
-4.6057491 5.5404711 3.9020224 27.166666
-4.4808378 5.4262218 3.9112191 25.775
-3.4862432 5.4661207 3.9021125 28.208334
-2.5342331 5.5477161 3.9040983 28.5
-2.1189737 5.5679035 3.9036326 32
-1.646961 5.5637999 3.9019897 26
-1.1847234 5.5781698 3.9113266 27
-0.78434348 5.583787 3.9025455 30.75
-0.55062914 5.4022574 3.9032097 31
-7.8438373 5.7851467 3.9009378 22
-7.7096424 5.7874746 3.907999 27.614079
-7.3533177 5.7954836 3.9024768 27.217159
-6.9354362 5.931839 3.9078417 30.022135
-6.8179431 5.7784219 3.9040606 25.975407
-6.3711643 5.8363152 3.9051878 28.58777
-6.257473 5.7617092 3.9022374 28.296461
-5.9166765 5.8998966 3.9009509 30.498165
-5.4349065 5.8925161 3.9016066 30.661718
-5.339664 5.7781754 3.9041467 30.121643
-4.8485055 5.7728968 3.9038558 28.917435
-4.7852545 5.7499638 3.9020181 28.935064
-7.8406882 6.2773104 3.9014792 22.966667
-7.6825056 6.1636753 3.9087782 28.506714
-7.307909 6.1901627 3.9088616 32.806847
-6.9982386 6.1833048 3.9074409 31.748047
-6.7501888 6.1972365 3.9053998 33.712944
-6.3971767 6.1579094 3.9024954 32.25
-6.2362232 6.1661291 3.9024978 32.487305
-5.764699 6.1155996 3.9034534 30.793751
-5.6312456 6.0147462 3.9054897 32
-5.3319912 6.1709805 3.9011421 32.5
-7.9178066 6.3230839 3.9006517 20
-7.6965876 6.554574 3.9057288 33.375
-7.4205637 6.4233966 3.9066133 29.775539
-6.9923763 6.3734732 3.9046147 31.368435
-6.8338795 6.3744173 3.9020152 31.047916
-6.4896975 6.4572525 3.9042196 31.820007
-6.1487708 6.4910946 3.9068475 33.166664
-5.9085011 6.3749542 3.9021695 31.370834
-5.5061121 6.444406 3.901978 30.916668
-7.8020077 6.711153 3.9121974 33
-7.7754135 6.7269192 3.9068108 32.97168
-7.3237953 6.7417412 3.9025645 31.765039
-7.121067 6.6886635 3.9018264 31.1875
-6.7977295 6.6649837 3.9031458 33.911217
-6.4252667 6.8276625 3.9020417 32.666664
-6.2888861 6.7087526 3.9055009 33.513889
-5.7861776 6.674829 3.9062281 32
-2.2348363 6.6421156 3.9026523 35
-7.8029737 7.0991817 3.9142492 39
-7.5377064 6.9646397 3.9057345 32
-7.2707586 7.1642113 3.9049478 35.125
-7.042408 6.9908991 3.903754 33.34375
-6.7175879 7.1371093 3.901123 34.25
-6.4943728 6.9137087 3.9026885 33
-6.0252266 6.9235201 3.9014645 35
-7.8372602 7.2692137 3.9032698 26.450001
-7.7963028 7.2551446 3.9058261 33
-7.3072352 7.3307753 3.9034503 34
-6.8697319 7.327075 3.901742 34
-6.4008422 7.2868447 3.9013927 33.5
-13.208322 7.6912379 3.9680824 20
-13.178304 7.7278495 4.1030607 49.898438
-7.2550936 7.6101403 3.9010062 36
-7.0130005 7.525877 3.9007406 34
-13.211015 7.9205475 3.9965391 16.5
-13.173738 7.9165096 4.1152945 46.579399
-13.232594 8.3202257 3.9969871 5
-13.187317 8.2244911 4.1117325 12.066406
-10.83911 8.3826542 3.9837899 7
-10.57921 8.3940964 4.0197697 6.875
-10.36236 8.3933516 3.9795671 5.765625
-10.05298 8.3912678 4.0483856 6.859375
-9.7798462 8.3891716 3.9494004 6.354167
-9.5219212 8.3943501 4.1642451 8.203125
-9.1242104 8.3952122 4.1151667 6.75
-8.9364223 8.3965302 4.116127 7
-13.015988 8.4790916 3.9461036 8.2931309
-12.818617 8.4715137 4.0348821 11.519206
-12.384462 8.4591522 4.0708733 8.7355747
-12.190281 8.4640903 4.0889421 12.373987
-11.887822 8.4605207 3.9579306 11.506098
-11.500768 8.4628954 4.0150151 8.2693682
-11.320619 8.4861135 4.1481714 8.9172001
-11.044531 8.4157181 3.9511487 6.3465829
-10.739326 8.4116173 3.9581273 6.614583
-10.356616 8.4087429 3.9505572 6.838788
-10.00472 8.4091282 4.0393429 6.4690752
-9.7906456 8.4179821 3.978313 7.5435629
-9.4067135 8.4397736 3.9373322 6.5598712
-9.0995913 8.4172974 4.0113578 6.7211051
-8.8719101 8.4741344 4.1030054 6.7219982
-8.6683006 8.6521101 4.0918694 3.6924438
-8.819334 8.7234125 4.0136738 2.8958333
-8.586937 8.746151 4.113503 1
-10.244418 9.4541702 3.9394276 51.234375
-10.06266 9.4987135 4.0334759 48.669788
-9.8195305 9.4723091 4.1463523 55.953976
-10.265655 9.7605648 3.9244585 58.186649
-10.061343 9.7713499 4.0187054 52.770729
-9.8411674 9.8011341 4.1301279 55.198647
-10.230135 10.143192 3.9374754 55.75
-9.9924889 10.041595 4.0563974 55.016464
-9.8434868 9.9808426 4.1292839 57.130249
-10.229967 10.322352 3.9316623 58.275116
-10.006432 10.281937 4.0450006 52.749882
-9.8306313 10.371851 4.1290851 54.722855
-10.220673 10.585171 3.9306431 57.75
-9.9999704 10.592058 4.0081282 60.202568
-9.8420687 10.595812 4.0194416 57.164883
-9.4890518 10.615704 4.059865 54.033882
-9.1679411 10.648067 3.9940462 43.096512
-8.8325863 10.707253 4.005075 29.630407
-8.6682806 10.673298 4.0755243 28
-8.9116602 10.807764 3.9310527 13.833333
-8.6141882 10.905895 4.0363708 2
-13.238661 13.761582 3.9539068 32
-13.211695 14.005226 3.9792671 36.40625
-13.19713 13.922926 3.9426792 33.203125
-13.224712 14.158611 4.0168314 35.98624
-13.163464 14.313427 4.0534329 11.876566
-13.089761 14.414005 4.053894 3
-14.144585 15.580881 4.0987659 41.976562
-13.871748 15.577919 4.0234489 41.250607
-13.707549 15.568859 4.0265689 52.357296
-13.370277 15.578529 4.0457659 50.995552
-13.041149 15.544776 4.1281581 51.073029
-12.835676 15.528584 4.0997705 41.322891
-12.395857 15.574228 4.1856737 21.625
-12.190889 15.544811 4.1859579 19.701172
-11.805203 15.56506 4.1588731 23.591797
-9.3443699 15.592165 4.1447325 26.25
-9.1227417 15.569225 4.1576548 37.429306
-8.973093 15.591269 4.1159329 16.5625
-8.679018 15.593839 4.0746579 10
-16.22728 15.82996 3.9378891 15.75
-13.932263 15.606201 4.0556412 42.333332
-13.746363 15.603609 4.0271974 37.333332
-13.402455 15.605182 3.9915972 40.628471
-13.196864 15.605433 3.9878402 25
-12.802964 15.676323 4.0709686 23.456913
-12.509673 15.731733 3.9976473 40.032677
-12.186711 15.707664 4.0607557 22.907787
-11.916997 15.76371 4.0330591 18.595921
-9.422287 15.772527 4.007791 4.6928711
-9.1786327 15.64801 4.0749369 9.8830433
-8.8442383 15.763039 4.0421176 6.2003722
-8.6904812 15.829381 3.9863625 3.5
2.1175928 17.683702 3.9303501 3
2.0577528 17.723032 3.9159355 2
2.1207967 17.740007 3.9052978 3
5.9609299 -23.941774 4.4385762 4
6.1337729 -23.775051 4.4167051 17.46875
6.2488203 -23.684336 4.4875941 37
6.4471416 -23.558031 4.4583197 34.069382
6.5479422 -23.243673 4.418108 14.5
6.5244107 -22.926498 4.3107586 13.25
6.4873128 -22.621357 4.3413663 11.5625
6.4955153 -22.323008 4.3900061 12.75
6.479249 -22.049015 4.2974548 12.703125
6.4475927 -21.897938 4.4634576 14
-4.9124804 -16.986706 4.2517347 33.796875
-4.6802111 -17.007622 4.2408352 41.90625
-4.41991 -16.950865 4.3056092 14.467203
-3.9359801 -16.981659 4.2747178 55.875
-3.7861905 -16.883179 4.3053164 20.83374
-3.4407547 -16.988512 4.2597704 96.432617
-3.2768438 -16.94916 4.3147116 23
-2.8619323 -16.9744 4.2352047 80.322266
-2.5125191 -16.964005 4.2653427 59.25
-2.3168416 -16.975422 4.2418795 93.167755
-1.8950975 -16.934704 4.2907524 47.486115
-1.7310033 -16.955105 4.2878323 44.90625
-1.3545725 -16.977978 4.2580919 46.875
-0.79234999 -16.970966 4.2446275 93.820312
-0.4300496 -16.972996 4.2412071 98.699219
-0.21279511 -17.000572 4.2696495 77.90625
0.14307147 -16.975021 4.3100452 46.775124
0.38871032 -16.961544 4.3285184 17.839844
0.70587885 -16.970856 4.3090086 30.340015
1.1040545 -16.969456 4.2885332 41.480545
1.3469423 -16.942226 4.3380675 19.481529
1.6360475 -16.984463 4.2553287 43.87933
1.9619856 -17.027046 4.3098049 20.076998
2.1561131 -17.00485 4.3464913 16.126183
2.4362228 -16.938641 4.2530084 25.801323
-4.8917994 -16.726423 4.2862306 10.436197
-4.7186174 -16.740255 4.3190269 9
-4.3634539 -16.674637 4.3247576 8.0901699
-3.8329213 -16.729118 4.3227491 10.927083
-3.2553053 -16.644802 4.3154893 4.75
-2.8541725 -16.552568 4.3075237 4.75
-2.4745207 -16.66597 4.3128834 5
-2.3315122 -16.610582 4.3099556 5.708333
-1.8890142 -16.708439 4.3298178 4.416667
-1.5905668 -16.604946 4.2997427 3.5
-0.23315309 -16.501177 4.2988625 4
0.49734232 -16.62846 4.3047991 3.5
0.81595427 -16.503004 4.2843189 3
1.1590344 -16.718975 4.2580185 38.5
1.4684353 -16.742851 4.3194108 4
1.6783056 -16.684658 4.3042998 3.5625
1.9518812 -16.647285 4.2718172 3.125
2.2134891 -16.744251 4.2916918 3.65625
2.4529772 -16.559193 4.245132 7.875
-4.8848462 -16.289501 4.2588682 18.041666
-4.6753492 -16.431641 4.2982898 8
-4.3638144 -16.248018 4.2883053 8.5
-3.9353762 -16.243004 4.2988033 6
-3.7461643 -16.278814 4.3072648 5.78125
-3.3385363 -16.263237 4.2914057 5.9635415
-3.2620802 -16.297817 4.3059301 4
-2.8605578 -16.424244 4.3026905 4.1035156
-2.4598753 -16.349106 4.2932334 3.375
-2.3411555 -16.340515 4.2833376 3.3333335
-1.9941834 -16.352226 4.2882395 3.0625
-1.715151 -16.443901 4.2902708 3.375
-1.3858619 -16.237289 4.2588587 2.4375
-0.86557078 -16.473761 4.2686167 4
-0.46763402 -16.30332 4.269146 1.5
-0.097462162 -16.305285 4.2865953 3
0.13512343 -16.274124 4.2789488 2.296875
0.38588947 -16.411819 4.2568665 2.1875
0.66481763 -16.267643 4.255353 2.3125
1.1057492 -16.334078 4.2482862 2.375
1.2847278 -16.346861 4.2567425 2.3125
1.6699086 -16.350254 4.2638202 3.2092743
1.9699662 -16.28397 4.2662802 2.5520833
2.1990097 -16.370707 4.2772841 3.3999836
2.4437251 -16.452915 4.2711363 5.125
-4.8769917 -16.090332 4.2526808 13.375
-4.6394134 -16.083223 4.3002157 7.3333335
-4.3857818 -16.069275 4.310936 5.1123047
-4.0001254 -15.977753 4.2872338 5.75
-3.8249388 -16.077354 4.2907944 5.177083
-3.4777408 -16.004843 4.288126 5.5859375
-3.140141 -15.982626 4.2811723 6
-2.8442345 -16.025566 4.2734375 3.625
-2.4634662 -16.002604 4.2625504 4
-2.3231983 -16.010429 4.2934074 2.1875
-1.9596369 -16.121153 4.2777796 3.03125
-1.6862073 -15.990224 4.2982721 2.5
-0.60216808 -16.020222 4.2972078 3
-0.22634292 -15.9393 4.2689714 2
0.12814754 -15.967132 4.2659283 2
0.43905887 -16.1243 4.2678862 2.25
0.76607275 -16.098839 4.2533703 2.5
1.1060563 -16.124037 4.2591257 2.125
1.2929306 -16.116959 4.2421899 2.2441406
1.6341147 -16.033882 4.228518 2.6796875
2.0394735 -16.038555 4.2663608 2.796875
2.1677165 -16.083969 4.2465672 2.7148335
2.4259148 -16.06024 4.219718 6.1875
6.4595356 -15.933517 4.4261923 17.5
-4.8655586 -15.690503 4.2699375 13.4375
-4.7407379 -15.787896 4.2814445 10.875
-4.4123173 -15.707196 4.300148 6.6601562
-3.9683259 -15.691401 4.2791452 5
-3.8430974 -15.769468 4.2754111 7.515625
-3.3468287 -15.739014 4.2975292 3.9583333
-3.2785392 -15.681113 4.2920723 4.5
-2.8479249 -15.77199 4.2950406 2.9458008
-2.4173837 -15.65344 4.2567916 3.5
-2.2887993 -15.800645 4.2820559 2.611979
-1.9123278 -15.694353 4.261652 2.9166667
-1.727495 -15.729809 4.2732782 2
-1.307821 -15.739259 4.2748504 3.1884766
-0.21347326 -15.754494 4.2606764 1.625
0.21661589 -15.81945 4.2339325 2
0.49119085 -15.739944 4.2670498 2
0.7502737 -15.798561 4.2417917 1.984375
1.1659362 -15.634315 4.2312398 2.9375
1.2674056 -15.704494 4.232893 3.125
1.6532393 -15.841225 4.2638249 2.3135986
1.997291 -15.804327 4.2668748 2.5117188
2.2769265 -15.69495 4.2329111 2.7519271
2.4312639 -15.748657 4.231801 6.03125
6.4656649 -15.672601 4.3149199 15.352348
-4.8203177 -15.394153 4.290009 10.125
-4.7026072 -15.44725 4.2695007 16.791668
-4.3478708 -15.355144 4.2882175 6.9360352
-4.0033865 -15.367823 4.2904387 4.75
-3.8029578 -15.44883 4.2778664 5.7591143
-3.4070067 -15.49012 4.2955661 3.796875
-3.2634373 -15.355711 4.2965317 5
-2.8193076 -15.382198 4.2825222 3.875
-2.4589179 -15.443274 4.282156 3.484375
-2.2676668 -15.457268 4.2840509 2.5
-1.8980825 -15.423082 4.2479396 3.0332031
-1.7103409 -15.519135 4.2338238 3
-1.4094231 -15.380519 4.2384167 3.75
-0.88242084 -15.433702 4.2500844 2
-0.48740441 -15.342476 4.2617579 2.5
-0.16535327 -15.475554 4.2635784 2
0.19264594 -15.42102 4.2498341 1.75
0.56018281 -15.405165 4.2609162 2
0.72476804 -15.389864 4.2535906 2
1.1429373 -15.455157 4.2503366 2.5208333
1.2356251 -15.394764 4.2456532 2
1.6696067 -15.439621 4.2426243 2.6156871
2.0334928 -15.502541 4.2718635 2.6525879
2.1664107 -15.349747 4.2639713 2.6217647
2.437748 -15.377176 4.23909 5
6.4605284 -15.400925 4.2980103 12.508688
-4.8768911 -15.196594 4.2160597 16.730209
-4.7914705 -15.168129 4.2498322 16.75
-4.3757987 -15.219508 4.2878041 5.734375
-3.902935 -15.26956 4.2848601 5.5
-3.853426 -15.24254 4.2571411 6.84375
-3.3680277 -15.180424 4.2769327 5.28125
-3.2128716 -15.205798 4.2736001 5.25
-2.9203584 -15.228329 4.272912 5.1494141
-2.433908 -15.118946 4.258996 3.5
-2.3558431 -15.249924 4.2989974 3.328125
-1.8758438 -15.092915 4.2594414 2.609375
-1.7881812 -15.115885 4.2888341 2
-1.3227706 -15.143476 4.2527342 4.8736982
-0.39043635 -15.180138 4.258522 2
-0.11518329 -15.193872 4.2819662 2.5
0.14552504 -15.253036 4.2654362 2.125
0.55574715 -15.199368 4.2621546 1.875
0.74849492 -15.05502 4.2422276 1.9609375
1.1154637 -15.162429 4.2390156 2.375
1.2387576 -15.084917 4.2465277 2.75
1.6171408 -15.201156 4.2344708 2.6291504
1.9216146 -15.210589 4.2551651 2.1210938
2.2160711 -15.192434 4.2446766 2.8681641
2.440062 -15.103428 4.2396874 4.9375
6.4683928 -15.137615 4.2890129 12.269531
-3.1001997 -14.99787 4.2767615 3
-2.401494 -14.959206 4.2518616 3
-1.3266439 -14.919125 4.2449369 6
0.88099235 -14.935331 4.2304616 2
0.91341883 -14.892305 4.2264266 1
1.2227018 -14.914052 4.2241316 2
1.6021731 -14.935586 4.2158461 2
2.0065801 -14.977364 4.2335911 2.75
2.3947072 -14.988062 4.2035427 5
2.4266341 -14.839017 4.2001357 5
6.4725413 -14.990716 4.2489419 12
-9.7665138 -10.246665 4.2800016 54.25
-9.0288429 -10.390685 4.3258839 54.8125
-8.8847351 -10.374187 4.2791147 48.659058
-9.9695816 -10.035948 4.2169366 19.809029
-9.7684736 -10.079147 4.2880101 47.768814
-9.557766 -10.040682 4.3842077 48.0625
-9.9023323 -9.7424049 4.2010875 13
-9.75453 -9.7576389 4.3066196 22.054226
-9.4609394 -9.6548977 4.4406147 28.386141
-9.6849031 -9.5444889 4.3135886 54
-9.3646393 -9.3881702 4.4584861 44.412437
-9.2920723 -9.3235369 4.4980669 56
-9.3881855 -9.2788639 4.4618459 52.5
-8.5701084 -8.4588709 4.217742 8.21875
-10.248201 -5.1193895 4.2632785 2.8515625
-10.127841 -5.1165414 4.3678493 3.0012052
-9.7611046 -5.13204 4.3612065 4.8282714
-9.4248877 -5.1180391 4.3642259 4.9310799
-9.269043 -5.122067 4.376534 5.5447388
-8.8960409 -5.1121855 4.3588295 4.1377192
-8.6392756 -5.111804 4.2738342 4.2148438
-8.3760347 -5.1015091 4.208178 7
-7.8043509 -5.1155863 4.2886581 25
-10.257174 -5.0731478 4.3160067 1.0625
-10.166269 -5.0907125 4.4069185 2.9791665
-9.4555569 -5.0969138 4.378623 5.041667
-9.0819149 -5.0951152 4.4150252 5
-8.8605995 -5.0996037 4.361114 5.6666665
-30.039505 -4.5566673 4.3017044 12
-29.989014 -4.5181389 4.3409638 13
-30.020042 -4.4984431 4.377039 14
-30.514385 -3.3762672 4.3995085 10
-30.668362 -3.155376 4.2971311 11.375
-30.470032 -3.172775 4.4108419 8.25
2.6037474 -3.0533419 4.3157964 39.844276
2.7173209 -3.0591097 4.3256073 34.84375
-30.327871 -2.853606 4.4661727 17
-7.9535866 -2.7451615 4.3101158 1
2.6605554 -2.7278137 4.3371687 34.653244
2.7090275 -2.7171333 4.3731823 34
-30.441711 -2.6356256 4.4905057 9
-7.9704738 -2.5416455 4.4065876 1.265625
2.6049144 -2.6531668 4.3279295 36.869911
2.718462 -2.5558825 4.3229513 30.316082
-7.9459248 -2.187489 4.3183799 2.8283803
-4.8643847 -2.1304169 4.4918804 7
2.5950027 -2.2996421 4.2988253 31.425102
-31.110498 -1.8192656 4.376421 21
-7.954164 -1.8887794 4.3650799 5.8654366
2.6249332 -1.9908373 4.2640438 28
6.6301365 -1.8839785 4.2136617 11
-7.9472466 -1.6376624 4.3072176 2.4100404
-4.8634663 -1.7615447 4.4942608 0
6.5508647 -1.6191409 4.3667989 19.742188
6.6224108 -1.5539505 4.3367853 22.4375
-7.9906039 -1.4102359 4.3203964 1.121582
6.5424309 -1.2866108 4.3826065 19.871094
6.6335011 -1.2615354 4.4060063 16.592142
-7.9797268 -1.0436468 4.3465409 2
6.5300393 -1.0833635 4.4849687 42.66925
6.6658354 -1.1408266 4.3244576 7.0195312
-7.9376459 -0.74514532 4.3136134 5.546875
-4.8238225 -0.66108257 4.498982 5.5
6.5665498 -0.71728218 4.4850721 29.065948
6.6408157 -0.77128196 4.3890076 21.671223
4.5594645 -0.46917295 4.2483521 0.53961182
-5.0310721 -0.091138415 4.4701138 31.904997
-4.9342036 0.23234832 4.4906282 29.900717
-4.0296626 0.048217513 4.3613696 37
-3.6047959 0.12409854 4.3801656 38
-5.1548748 0.53287446 4.3492813 62.702148
-5.0992751 0.58380246 4.3130827 40
-7.9495106 1.1361668 4.2967987 2.6875
-4.8682451 1.1574024 4.4878516 0.875
-7.9875336 1.3970852 4.3664837 3.0196533
-4.8906374 1.354721 4.4869738 0.25
6.528203 1.3401408 4.466258 27.610054
6.6627474 1.4523389 4.4055514 26.560768
-8.0075445 1.7016811 4.3647852 3.4425659
-6.943099 1.6573514 4.4001365 0
-4.9000244 1.5554368 4.497375 1
-4.3548441 1.5817264 4.494082 0
3.578686 1.5783257 4.3882093 1
4.5622225 1.6098859 4.4520059 0.41015625
6.5176001 1.669769 4.4729733 30.457035
6.621994 1.6898472 4.4056396 26.7194
-8.0061646 1.8763524 4.3825283 6.6417236
-4.8917646 1.8205431 4.4878216 0
2.671103 2.0386181 4.2491283 28.872469
2.7060461 2.0109127 4.2667704 29.528198
6.535574 1.9813764 4.4361248 29.943476
6.6215124 1.9064933 4.4212441 22.031799
-8.0030775 2.2462852 4.3267741 3.5197353
2.5868258 2.3206201 4.2529826 31.475122
6.5087595 2.2690759 4.4236436 27.81097
6.6642227 2.3761101 4.3961663 6.1401963
-7.996562 2.5306501 4.3240118 5.1631165
2.6038961 2.6766193 4.2867956 32.166191
6.4890518 2.611402 4.486927 36.800613
6.656517 2.5726955 4.3761735 11.456868
-7.9962349 2.7581654 4.3921084 3.5
2.6151426 2.7732306 4.2931409 32.452652
6.5276456 2.8716173 4.4862738 40.117085
6.6316304 2.7762392 4.4108248 19.18449
2.5249667 3.2209163 4.2449551 34.391312
6.5189285 3.1693063 4.4080086 37
2.5519977 3.3349311 4.237205 34
6.5353169 3.4181099 4.4722176 39.751465
6.6358671 3.5187731 4.4575033 40
6.4643497 3.7079875 4.4847465 42.860352
6.6272416 3.662039 4.4732666 44.5
6.5184879 3.914865 4.477478 42.5
6.6069145 4.0186882 4.4819632 40.25
-13.208599 7.7123775 4.2755094 32.125
-13.186253 7.7633286 4.2713003 41.576721
-13.174847 7.8797846 4.267818 54.411858
-13.237293 8.2717075 4.2462907 11.09375
-13.16643 8.2875051 4.3417473 28.81847
-12.350378 8.394002 4.3453202 4
-10.268373 8.3980789 4.2205606 7
-10.068071 8.3924017 4.2956638 6.625
-9.7237711 8.3986397 4.3264322 7.375
-9.4963875 8.3950653 4.2513485 7.5
-9.1362057 8.3955679 4.2399435 6
-8.8774071 8.3993025 4.2397132 7
-13.164274 8.4143486 4.3596249 4.25
-12.449069 8.428669 4.2825623 4.6471119
-12.168631 8.4832935 4.3639727 13.837474
-11.914494 8.4874191 4.2706203 10.452318
-11.495701 8.4791832 4.3490248 15.849447
-11.352748 8.484436 4.3533869 11.72141
-10.870573 8.4619017 4.3382139 11.807762
-10.682866 8.4649382 4.385613 9.5481243
-10.319897 8.4353638 4.3135486 12.651308
-10.01627 8.4274883 4.4289637 11.330069
-9.7314224 8.4202595 4.3628073 7.0614157
-9.3887463 8.4137964 4.3658609 6.4231644
-9.1165638 8.4176102 4.2763443 7.6242118
-8.9342775 8.4238033 4.2394166 5.5257978
-9.658617 9.4770031 4.2429256 45.773438
-9.4379196 9.5364685 4.3541822 50.380989
-9.283247 9.5115213 4.4031458 51.625
-9.6913567 9.7684851 4.2225456 52.870453
-9.4519634 9.788084 4.3362484 50.365303
-9.2939749 9.856657 4.4207025 40
-9.6651125 10.140553 4.2165236 56.75
-9.4149122 10.048216 4.3397751 51.751076
-9.693984 10.320153 4.222198 53.819008
-9.474741 10.279435 4.3040309 55.469276
-9.6372919 10.580188 4.2382383 60.5
-9.395647 10.588381 4.2953339 57.564682
-9.2204323 10.607289 4.2379036 58.278278
-8.9597454 10.594181 4.2121964 50.5
-13.210161 14.278913 4.2674704 16.623047
-13.188326 14.309896 4.2341938 10.322917
-12.672318 14.257741 4.4794321 4.25
-12.437285 14.276765 4.4878669 4.75
-12.14789 14.294981 4.4664774 3.9609375
-11.835324 14.264528 4.4891891 6
-11.637077 14.254635 4.4900045 5.8671875
-11.333199 14.265621 4.469759 4.0874023
-11.032267 14.243659 4.4694977 6.3567705
-10.766467 14.317026 4.4595351 3
-13.394931 14.686157 4.4775553 21.5
-13.558111 14.920087 4.3881111 7.03125
-13.446646 14.854153 4.4390316 32.480469
-13.599608 15.094551 4.4015923 10.5
-13.435793 15.109999 4.4515972 27.28125
-14.166976 15.553057 4.3447585 59.394531
-13.918634 15.561159 4.2742825 66.103287
-13.692123 15.569543 4.2558546 70.359741
-13.432376 15.425831 4.3856912 46.654625
-13.018141 15.553432 4.3940268 68.094055
-12.811398 15.566664 4.332551 63.107117
-12.399424 15.540602 4.3186464 59.358471
-12.127014 15.553097 4.3514872 72.80806
-11.845026 15.553913 4.3121805 62.183701
-11.66237 15.545617 4.366889 71.96875
-9.3680258 15.552111 4.2717953 72.1875
-9.2268295 15.571926 4.2411518 52.939777
-13.421391 15.603131 4.2064552 75
-12.881889 15.601698 4.2318873 31
-12.318869 15.631608 4.261755 47
-12.137751 15.661285 4.2678728 50.5
-11.878488 15.608694 4.2906976 47.625
8.147171 15.93586 4.4932475 3
2.5081716 18.296892 4.4173708 5
2.6224065 18.475351 4.3449283 4.3320312
2.5764101 18.681217 4.3486409 5.2326355
2.7079732 18.751465 4.3615193 5
2.556952 19.010418 4.3459539 5.3027344
2.7798934 19.121254 4.3592086 2
2.5988731 19.301737 4.3257971 4.807292
2.7272129 19.304003 4.3312359 3.6875
2.6114855 19.649204 4.3526344 4.7265625
2.7057014 19.589685 4.32199 3
2.5263197 19.873016 4.3777537 3
5.5922046 -23.832045 4.7231426 20.21875
5.8150663 -23.849958 4.7374706 17.410156
6.1230636 -23.777874 4.6139317 20.892578
6.227829 -23.692711 4.5792255 38.867188
6.3466921 -23.603275 4.6135283 48.050781
6.5053291 -23.370514 4.7517366 25
6.4105597 -22.916039 4.6743784 9.9960938
6.4500017 -22.678684 4.643301 16.022137
6.4290257 -22.347122 4.6554203 14.820312
6.4919729 -22.070499 4.6655073 16.199219
6.4350595 -21.802616 4.6723938 13
0.6676107 -17.10931 4.63413 1
4.1308217 -17.19733 4.6433239 20.070312
4.3242555 -17.162197 4.6385784 12.227865
4.7183752 -17.16374 4.6473756 24.34971
4.9916763 -17.203957 4.6356602 10.434814
5.2070646 -17.276791 4.6126137 7.3046875
0.1951791 -17.041565 4.6314154 2
0.45282304 -17.077187 4.6813846 2
4.0424976 -17.022758 4.74862 48.15332
4.3032746 -17.03447 4.7361116 49.005531
4.6456952 -17.028061 4.7375469 47.998428
5.0024223 -17.028471 4.7347054 43.012501
5.1798563 -17.052647 4.6814213 31
-9.0988216 -10.373957 4.5348954 56.5
-9.3517094 -9.7325163 4.5294318 15.883204
-9.252697 -9.7083035 4.5826306 19.651043
-9.3357525 -9.3566952 4.5103564 54.25
-9.1808815 -9.3935375 4.5594349 30.618652
-9.3209057 -9.2088633 4.5136986 54
-9.2246666 -9.2348785 4.556488 52.875
-32.798103 -5.5201678 4.6884613 11
-10.238888 -5.1198535 4.6616621 1.9375
-9.9466076 -5.1292124 4.6002212 4.3844686
-9.7090416 -5.1317582 4.6534119 4.3086472
-9.4295559 -5.1190338 4.5574436 4.7925787
-9.14783 -5.116209 4.551651 5.5
-10.223676 -5.0779152 4.5559878 1.3125
-10.161694 -5.0792971 4.6598845 2
-2.5786996 -4.8031025 4.7880569 0
-33.43198 -4.5847001 4.7011571 10
-33.248657 -4.7794452 4.730794 10
-2.6122265 -4.6317458 4.7014713 1
0.17381081 -4.6150351 4.6941538 34.666668
-33.379219 -4.2568588 4.7176642 17.5
-29.995901 -4.4989662 4.5044665 9
-29.355951 -4.3952069 4.7614441 9
-2.5576866 -4.4159946 4.7044635 1.4954476
0.1261545 -4.3902717 4.6948524 31.858133
-33.161972 -4.1459293 4.69346 15
-32.875805 -4.1142402 4.6656938 20
-30.039627 -4.0446243 4.6184368 16.359375
-29.582569 -4.0751915 4.7831984 9
-30.659456 -3.8987761 4.5150223 10
-30.444759 -3.6479945 4.5257802 19.5
-29.871025 -3.8346825 4.7168312 18.8125
-29.041632 -3.6592684 4.7417135 0
8.7838612 -3.6195598 4.7948647 6.25
-30.243637 -3.3879964 4.6696782 22.6875
-29.793343 -3.5819564 4.6472168 16.5
-29.635672 -3.4720478 4.6809483 22.234375
-5.6032438 -3.4589386 4.6248331 37.46875
8.7703838 -3.4561062 4.7857161 5.75
-30.352501 -3.2722049 4.6422324 22
-30.154648 -3.1909385 4.7128916 24.1875
-29.497213 -3.0134978 4.7276397 22
-5.5341492 -3.0447116 4.6084485 36.998173
-5.3774004 -3.023406 4.6225157 36.384117
8.765749 -3.2033784 4.7860718 10.5
-32.728195 -2.7158148 4.7373424 14
-32.685402 -2.7059639 4.5843949 18
-30.351048 -2.8060765 4.5948925 12.8125
-30.185015 -2.8192067 4.7161264 14.5
-29.706547 -2.8546231 4.7860751 11
-29.419779 -2.9701972 4.716363 11
-8.0497112 -2.8017795 4.5645013 9.75
-5.4806337 -2.8420238 4.6045437 34.881943
-5.3692322 -2.8603232 4.6395788 34.653214
8.7754536 -2.8045666 4.7859821 7.458333
-32.732552 -2.637001 4.6120167 14.25
-30.495634 -2.6717248 4.5289536 17
-30.213268 -2.5193427 4.6399593 13.5
-8.0001659 -2.504406 4.563272 18.04697
-5.5295243 -2.5707664 4.6106043 35.789635
-5.3580551 -2.6006837 4.6435733 34.413864
-29.510342 -2.2653384 4.7263026 11.25
-7.9531851 -2.2704172 4.649292 26.318401
-5.7157159 -2.1730733 4.6016226 0
-5.5016427 -2.1947446 4.605454 30.695284
-5.3365331 -2.201942 4.7353282 33.09174
-4.8727283 -2.13096 4.7517662 8.25
-4.7971554 -2.1373246 4.7507844 2
8.7569151 -2.2350962 4.785038 7.875
-7.9498358 -1.9738429 4.6100416 19.894058
-5.7102065 -1.9560485 4.5847912 1
-5.5925293 -1.9730603 4.6089964 16.071474
-5.3700404 -2.0432744 4.6452627 34.132141
-4.8711452 -1.9153291 4.5340786 0.5
8.8009663 -1.8543515 4.7786655 2.875
-8.0502815 -1.683985 4.5536962 11.116764
-5.7273455 -1.6114323 4.6000986 0
-5.4831643 -1.6657104 4.638063 28.75423
-5.332438 -1.6292921 4.737875 32.266769
-4.8861985 -1.6297281 4.5616283 0.015625
6.5469232 -1.6310384 4.5145068 25.899342
6.6171556 -1.7445691 4.5185404 5
8.7399635 -1.6775715 4.7880421 13.875
-7.9888029 -1.2540889 4.6283555 21.27689
-6.9329247 -1.3977145 4.5429635 0
-5.4569807 -1.234683 4.6129532 34.777405
-5.3563604 -1.311516 4.6692443 30.123489
-4.8884249 -1.372426 4.5341716 0.5
-4.367816 -1.4204433 4.6187706 0
6.4171238 -1.3924606 4.6783648 8.5860748
6.6000581 -1.4899672 4.5100093 38
8.7460089 -1.2574236 4.7691689 8.791666
-7.9355831 -1.1105421 4.6879635 37.003174
-5.7096815 -1.0878885 4.5771685 0.875
-5.4290524 -1.1415713 4.6445179 32.809517
-5.3714867 -1.1462083 4.6794186 27.455231
-4.8817062 -1.0632803 4.5527525 3.5321271e-08
6.4327936 -1.0294049 4.5475821 34.966419
8.7299671 -0.93018603 4.7799935 14.760416
-8.1044273 -0.61063498 4.5242758 1
-8.030426 -0.69961548 4.6006527 18.625
-5.7064123 -0.74475145 4.5950198 18
-5.482235 -0.74377233 4.6312666 30.41754
-5.3583965 -0.73736334 4.718399 30.80872
-4.8844099 -0.68763232 4.5992222 6.7701483
-4.786015 -0.68416238 4.5927529 5.25
6.4900122 -0.80942518 4.5136471 41.668503
6.6067872 -0.65617079 4.5063648 44
8.7491207 -0.87180638 4.7776251 10.5
-8.0295219 -0.41854286 4.5606675 1
-5.4664707 -0.32872277 4.6432695 34.059036
-5.3514948 -0.3245987 4.6487808 33.494495
-5.4492526 -0.28201139 4.6290884 30.174999
-5.3337517 -0.27075079 4.6056137 33.371513
-5.030304 -0.081643015 4.5202284 29.962517
-4.3451471 -0.0079118237 4.6086283 1.5429688
-3.9205451 -0.017079743 4.6218758 1
-3.7773404 -0.0051814672 4.5961561 4.0800781
-4.9008341 0.2120385 4.5238953 31.580933
-4.6507235 0.085166052 4.5853443 36.384766
-4.3723822 0.19236304 4.5832567 34.964783
-3.9467697 0.16492811 4.5812449 33.339069
-3.8321824 0.12817889 4.5774498 33.5756
-5.1812534 0.50893772 4.6075373 28.848848
-5.0088048 0.36294466 4.580081 19.395327
-5.7174444 0.83422315 4.5638843 0
-5.5949402 0.76423562 4.5723314 19.65436
-5.3294792 0.82137716 4.6777945 26.119896
-5.0462046 0.84984267 4.6423402 5.5050874
-7.9778118 1.0368214 4.6643248 41.195312
-5.7071013 1.0385753 4.5543661 1.5
-5.6367559 1.1425238 4.552309 20.423172
-5.3423119 1.1310391 4.6245565 35.979607
-5.0293016 1.0263714 4.6989684 8.6152344
-8.0079193 1.3596904 4.5961456 13.494955
-5.7245216 1.317965 4.5521479 0.6875
-5.4638143 1.2828979 4.6388416 33.751141
-5.3642893 1.3205421 4.640131 34.861702
-4.9131684 1.2721989 4.5359859 0.875
6.418592 1.4367895 4.6603756 35.482666
-7.9799213 1.722373 4.5661821 21.860678
-6.0351658 1.6051067 4.5889635 0.921875
-5.8101625 1.6821846 4.5619378 4.354167
-5.4936242 1.6877592 4.5713668 34.881996
-5.3640728 1.6877826 4.6350718 38.333073
-4.9124403 1.6009045 4.5319347 0
6.4530883 1.5500889 4.6051459 35.847961
-8.100956 1.8390161 4.5311284 27
-7.9764752 1.9262456 4.6684494 30.227051
-5.545114 1.892023 4.6007648 24.330086
-5.3576975 1.897321 4.6695404 33.112663
-4.9176478 1.8939927 4.5172982 0
6.4543943 1.9177033 4.6090603 31.090494
8.690588 1.8940041 4.7917414 34.625
8.728857 1.8915764 4.7820253 20.984375
-8.1304207 2.1564932 4.5362196 14
-8.000885 2.2390008 4.5446148 17.660751
-5.7155428 2.2161901 4.5396819 2
-5.4799309 2.2580633 4.5896158 35.40807
-5.3426905 2.1816649 4.7194281 36.179745
6.4064236 2.2534561 4.6358428 34.728214
8.6604538 2.3494112 4.7875366 37.035156
8.7303629 2.3151405 4.7642088 18.208332
-7.9486685 2.5816238 4.7168622 37.179985
-5.613718 2.589262 4.5538483 34.546795
-5.3741579 2.596606 4.6498356 34.448242
6.4751511 2.4637945 4.5242157 36.653797
8.7563095 2.4910872 4.7519865 6
-7.9352789 2.7650738 4.7293029 39.15625
-5.5854306 2.9147773 4.5698695 41.649895
-5.3621092 2.778475 4.6927414 36.249306
6.4230156 2.823401 4.5299139 37.334637
8.6416864 2.7824247 4.7794061 35.10886
8.7195301 2.8106418 4.7611141 21.302734
-5.6166892 3.1982675 4.5446892 39.471878
-5.3935227 3.1616137 4.5724335 37.181152
6.4283943 3.0791936 4.5342336 34
8.6187115 3.2924042 4.7918634 42.794533
8.7033777 3.210093 4.7610235 25.85
-5.5263433 3.3492386 4.5500288 37.34375
-5.3871851 3.3636332 4.5636196 37
6.4149828 3.52285 4.534421 44.5
8.6202011 3.3231168 4.787034 40.02845
8.7221127 3.3488755 4.75103 23.200001
6.4304471 3.7988214 4.5035744 43
8.6673737 3.8356581 4.7708673 34.084637
8.7184277 3.8463016 4.7381163 18.864584
8.7381878 3.9511218 4.7213831 13.5
-0.0083696917 4.3981037 4.6346416 14.5
0.10576171 4.3709779 4.6054864 37.17112
8.6490231 4.3251042 4.7724028 33.653748
8.7200422 4.3430395 4.7410107 23.257812
-0.0077459132 4.6517448 4.6214046 15
0.088172346 4.6243672 4.6043181 30.502695
8.6540813 4.7917681 4.7718182 36.936535
8.737505 4.6830168 4.721324 13.625
0.12254162 4.9418945 4.6482358 32.093758
8.6312542 4.8296709 4.7745671 31.987053
8.7143307 4.8973284 4.7441502 35.125
0.17697716 5.1790648 4.6028018 32.962891
8.6385937 5.3338375 4.7696381 42.01815
8.7460508 5.3347473 4.7143297 5
8.5752439 5.5310316 4.783741 41.838055
8.7197685 5.4882212 4.7267857 12.5
8.6093254 5.8325934 4.765368 41.608303
8.7223091 5.8310757 4.7191825 18.015625
8.5810928 6.2739377 4.7752275 41.351982
8.715723 6.2344799 4.700264 14
8.6338482 6.3616643 4.7427425 34.682026
8.7308197 6.4702587 4.6976004 7
8.5877895 6.8030624 4.7814317 36.031841
8.7057171 6.7494841 4.7493215 23
8.6235113 7.0267291 4.7410889 35.237103
8.7527304 6.9354906 4.6897793 2.5625
8.5983953 7.3172722 4.758914 35.744987
8.7298841 7.3958044 4.6912861 8.25
-13.814728 7.6332159 4.6890631 7
-13.690659 7.6427217 4.7708683 17.603027
-13.254437 7.7107611 4.6502714 41.430683
-13.16889 7.7188387 4.6694393 49.671509
8.6343098 7.6412506 4.729516 27.788181
8.7077913 7.7291083 4.7043314 12
-13.253129 7.8116879 4.7326856 42.246731
-13.175066 7.8610377 4.7329335 50.971352
8.311554 8.0132561 4.7587986 42.556641
8.5789795 7.8975224 4.7331653 34.404266
8.7396507 7.9319735 4.6964684 4.7587891
-13.200877 8.3242207 4.62643 5
-13.17103 8.2018232 4.7039437 38.283127
-9.5951262 8.3848391 4.5849214 5
8.3054008 8.2892866 4.7286129 38.875137
8.5251617 8.2226791 4.7196274 44.003025
8.77104 8.3385201 4.7213802 3
-11.834044 8.4513245 4.5840793 6.8318338
-11.442862 8.4830723 4.7404118 9.0030327
-11.2362 8.4873915 4.7290764 10.86517
-10.860327 8.4862013 4.6338654 13.503518
-10.739285 8.473774 4.7406411 20.932838
-10.408845 8.4865723 4.7420287 17.485355
-9.9914722 8.4880962 4.7177505 9.2229023
-9.7809391 8.4606113 4.598525 10.235422
8.5597115 8.574873 4.7516809 44.699463
8.7077103 8.4245386 4.7161789 20
8.5920067 8.8453283 4.7421503 38.543594
8.7563524 8.9440804 4.6782975 2
8.4937649 9.2017593 4.7519388 46.442337
8.7284365 9.0556984 4.6525269 5
8.5373449 9.3603029 4.7639012 43.204506
8.7193184 9.4620066 4.6690302 2.5
8.5459404 9.857028 4.7645864 38.472748
8.5828075 10.064446 4.7150764 30.843424
8.7314014 9.9739132 4.6675119 8.75
8.6841574 10.203835 4.6959691 20
8.7444115 10.339165 4.6883574 1.5
8.5080652 11.639536 4.7141476 44.125
8.578743 11.858315 4.6752548 39.796932
8.7555618 11.941801 4.6225367 2
8.5326777 12.204872 4.6997423 42.024536
8.7169619 12.006841 4.6118588 7
8.5517025 12.368225 4.717145 39.447109
8.7302799 12.310851 4.6523538 7
8.532692 12.803799 4.717761 40.82188
8.7051125 12.841301 4.5948691 3
8.5456171 12.995996 4.6811056 37.403313
8.5512695 13.342823 4.6773496 34.757557
8.72052 13.382137 4.6183586 4.5
8.5462408 13.725338 4.6951351 29.427338
8.7854757 13.520525 4.686059 1.5
-12.08473 14.072973 4.6864476 48.875
-11.836947 14.093096 4.7017884 45.73819
-11.500845 14.090978 4.7528667 45.521873
-11.237946 14.084011 4.6904402 45.754803
-11.021936 14.082096 4.7302608 48.483727
-10.666187 14.082315 4.6958537 47.635254
8.5840721 13.89302 4.6917381 27.923923
8.7282963 13.916567 4.6839466 15.5
-12.60512 14.132374 4.5388021 15
-12.403765 14.174795 4.5584841 17.350895
-12.059282 14.135435 4.5959063 22.550713
-11.806595 14.171309 4.6093359 26.103514
-11.478026 14.200138 4.6440997 21.440826
-11.208856 14.117842 4.6343918 43.718605
-11.007785 14.108032 4.6404085 36.033974
-10.707067 14.161049 4.5648932 34.119991
8.5248356 14.225594 4.6810312 31.510742
-12.75173 14.434752 4.543119 3
8.5321655 14.562002 4.6631203 33.25555
8.716486 14.504537 4.5612936 0
-13.406557 14.836571 4.5621371 36.185486
8.6281433 14.825981 4.6325631 22.629238
8.7615061 14.883904 4.6939168 7.6666665
-13.400498 15.16843 4.5940943 31.431416
8.5321941 15.103128 4.6907749 26.268229
-13.810561 15.445167 4.5103173 31
-13.758926 15.551287 4.5108452 56
-13.376637 15.459314 4.5735483 48.808197
-13.049627 15.572538 4.6126127 65.059082
-12.785678 15.563742 4.637002 81.250793
-12.50073 15.559528 4.6404915 71.903442
-12.096281 15.557402 4.6224604 78.585815
-11.880261 15.566461 4.5704031 84.14238
-11.674553 15.582781 4.6586046 57.4375
8.4891071 15.406425 4.6943254 34.791668
8.7519588 15.483955 4.6963477 7.5
-14.099789 15.601947 4.556766 59
-13.048025 15.601896 4.6105008 68.666672
-12.592556 15.600271 4.5032196 67
-12.190792 15.603019 4.7609749 69
-11.977731 15.600585 4.6175447 71.666664
8.3025513 15.770646 4.6332188 36.21875
8.5191879 15.752766 4.6698122 26.368246
8.1626205 15.951809 4.5485487 8.75
8.6239796 16.123825 4.6021018 13.28125
8.5712223 16.425924 4.6543093 22.359375
8.553627 16.681679 4.6332021 22.710285
8.7358103 16.531069 4.6822176 6
8.5224867 16.94985 4.6712627 22.125
8.7039871 16.929609 4.6412969 7
8.6066599 17.186783 4.6448765 23.041666
8.4717808 17.482735 4.6970282 33.25
8.5208549 17.738789 4.6721139 21.75
8.5507011 18.108154 4.6047645 25.5
8.7405024 18.01787 4.6412883 7
8.4687405 18.355478 4.7044034 26
8.762146 18.438755 4.6737437 4
-10.556885 18.857361 4.636909 3
8.5185928 18.807055 4.6765757 26.59375
-10.550293 19.16197 4.6350422 3
8.4916248 18.978373 4.6496782 16.5
8.7433987 19.090883 4.6366467 8
1.7349203 19.927082 4.5544205 2.5
1.8140392 19.923433 4.5989013 2.625
8.5032358 19.822756 4.6583834 16
2.5659988 21.048008 4.7968864 4
5.6669512 -23.782101 4.9401255 36.186951
5.8020349 -23.765781 5.0342932 33.094727
6.0701628 -23.743002 4.9889708 43.868896
6.2272892 -23.676003 5.0389643 37.052082
6.3669472 -23.592766 5.0074406 31.396484
6.4826708 -23.202974 4.9699326 16.25
6.4614964 -22.918606 4.9788723 18.5
6.175983 -22.628975 5.0773778 9.5
6.4199066 -22.711826 4.874423 17.5
6.3946743 -22.41375 4.9178853 11.560303
6.4127092 -22.104166 4.9623461 15.9375
6.4274931 -21.854397 4.9336357 15.59375
6.4288507 -21.574713 5.0188098 13
4.1622496 -16.997145 4.8174233 48
4.2461538 -17.002316 4.8096752 50.8125
4.6542845 -16.997389 4.8240786 50.199219
5.0372782 -17.003395 4.8237963 48.125
5.1084323 -17.001354 4.8370695 43.5
-10.252024 -5.1256905 4.9766245 1.75
-10.082006 -5.1245003 4.9281564 4.4634151
-9.8239536 -5.135951 4.8754396 5.390625
-33.621197 -4.9761205 4.8690624 22
-10.200541 -5.0709548 4.9549837 1
-10.135443 -5.0864477 4.8504658 2.4453125
-32.842651 -4.6246281 4.9264307 6
-29.105558 -4.5157704 5.0597191 13
0.16026245 -4.5713506 4.8454456 38.320312
0.31278339 -4.5031252 5.0033183 42
-33.311848 -4.293932 4.8262863 9
-33.293648 -4.2247982 4.8014283 15
-29.461288 -4.4549294 4.823175 11
-29.285976 -4.3301296 4.8707399 17.75
-29.024372 -4.2577481 4.9654632 11.5
0.043726355 -4.4279451 4.9059753 38.3125
0.30804428 -4.4723797 4.9529715 38
-29.521111 -4.1065741 4.8897562 21.25
-29.244165 -4.1583185 4.9222865 19.5
-28.90786 -4.0838757 4.9841409 30.5
8.5878 -4.0036793 4.8942957 5.4689636
8.7256517 -3.9686649 4.8381896 7
-30.129768 -3.6541362 4.9148569 29.75
-29.570587 -3.8653021 4.9138422 18.75
-29.194365 -3.7563257 5.0552511 21.75
-29.017054 -3.7148685 4.9145169 15.5
8.6000843 -3.6340661 4.8781643 28.418512
8.7206459 -3.7155385 4.8279586 30.648438
-30.007677 -3.4897194 4.9337687 22
-29.915241 -3.4306529 4.8660669 22.5
-29.517971 -3.4711657 4.8745155 7.125
-29.297363 -3.4791782 4.9365582 13
8.6139603 -3.5788934 4.8600936 42.262062
8.766469 -3.4749727 4.8251505 13
-29.852371 -3.1976163 4.9495668 15.125
-29.326738 -3.02123 4.8672328 15
-7.9097347 -3.019891 4.9541407 44
8.6352711 -3.1836529 4.8711786 38.308399
8.7182884 -3.178587 4.8075814 26.810938
-29.504597 -2.8533621 4.8610249 22.015625
-29.325169 -2.9988022 4.8186846 23
-7.9088173 -2.8299608 4.939971 36.111488
-5.3224859 -2.8407266 4.830267 36.25
4.4221978 -2.7348654 5.0993853 5
8.6137962 -2.7157903 4.8585596 36.391426
8.7252312 -2.7230623 4.8092031 30.5
-30.173775 -2.6354492 4.9006972 20
-29.487873 -2.5595264 4.9957104 7.75
-7.9135461 -2.5580189 5.0372424 37.951927
-5.3364897 -2.5334015 4.9948463 29.091553
4.4088798 -2.4191957 5.0985613 10
8.6044235 -2.6498609 4.8704419 46.950172
8.7245474 -2.6558862 4.8149834 33.875
-31.230446 -2.1372821 4.8203273 0
-31.199995 -2.1816945 4.8934126 8
-29.480942 -2.2724688 4.8600531 12.125
-7.9131169 -2.2698076 5.005888 39.069347
-5.3480339 -2.1820521 5.0581913 24.820312
-4.8672571 -2.1854811 5.005692 20.666668
4.372118 -2.3033929 5.0929537 7.125
7.9241991 -2.1119573 5.0839071 43.5
8.3264084 -2.2635446 5.0813074 30.75
8.5896721 -2.1730704 4.8719578 47.023617
8.7108622 -2.1713734 4.8123741 34.402344
-7.9165888 -2.0261731 4.9215865 38.682533
-5.3396997 -1.9175996 5.0405588 28.858603
4.3861508 -1.9086891 5.0856218 5.75
7.5904922 -1.9774748 5.0778036 5.5
7.9692121 -2.0988977 5.0815172 43
8.5515251 -2.0025027 4.9561152 45.125
-30.800751 -1.6046631 4.9492836 11.5
-30.569782 -1.6609057 4.9585948 12
-7.9121532 -1.7112697 4.9773231 35.975632
-7.780395 -1.6082108 4.9902549 39.5
-5.3470984 -1.6837856 4.9777298 13.299345
7.6493278 -1.5893793 5.0673614 3
7.9313912 -1.6879784 5.083158 40
8.6222572 -1.6791236 4.8626976 43.231373
8.7018414 -1.6814728 4.8270798 26.608334
-30.608234 -1.4639652 4.8957167 12
-7.9210663 -1.3776264 4.9088717 44.100723
-7.7947178 -1.3511674 5.0553427 39.5
-5.3483124 -1.2801099 5.0703769 25.450367
4.7599702 -1.3097651 5.091125 2
4.8989534 -1.3041041 5.0942435 4.78125
6.4085684 -1.35431 4.86307 14.559896
7.7994413 -1.2519354 5.0946817 33
7.8931704 -1.3700026 5.0922699 37.75
8.5751333 -1.2144675 4.8923588 49.23568
-7.9303179 -1.0917439 4.8925524 38.529205
-5.2874374 -1.0942372 4.994482 20.703857
4.9576702 -1.1271749 5.0973907 13.125
5.1998386 -1.0905943 5.0991974 10.204102
5.5383425 -1.0097945 5.0959973 5.0703125
5.760026 -1.0171809 5.0917225 4.5
6.1419888 -1.0807657 5.0961337 13.454401
6.4096599 -1.1148589 4.9631329 28.681398
7.691215 -1.1450129 5.0985746 25
8.6304817 -1.1659896 4.8412485 44.606876
8.7199841 -1.1369004 4.8266821 22.5
-7.925384 -0.8564952 5.0025067 40.408691
-5.2492647 -0.75025856 5.0775933 28.895725
5.0153203 -0.73664743 5.0983782 45
5.1808567 -0.75694335 5.0944486 39.53125
5.5191803 -0.70146549 5.0988474 49.621613
5.7662392 -0.6689893 5.0948362 39.98737
6.1763 -0.79646176 5.0966659 42.36525
6.3975916 -0.81012106 5.009954 45.411076
8.5704479 -0.88559991 4.8790011 47.038811
8.7104063 -0.87523961 4.8105268 35.5
-7.9222546 -0.46802935 5.0567575 38
-5.2514915 -0.36849236 5.0274034 25.861351
5.224349 -0.54189777 5.0990248 39.5
5.4716816 -0.44068509 5.0988359 48.125
5.9775543 -0.56769222 5.0960426 28
-5.2783623 -0.27212536 5.0365582 32.349808
-4.9220972 -0.14881229 5.0649042 36.039017
-5.2136555 0.52840185 5.0224209 32.962395
-4.9509869 0.36447471 4.9777384 34.594315
-4.4344864 0.36518994 5.0271907 39.5
-5.3070993 0.78372991 5.0449781 34.8433
4.6220222 0.84538579 5.0975461 42.75
5.0560713 0.85990202 5.086864 45
-7.9286509 1.0020905 4.9564581 42.669716
-5.4293118 1.0017291 4.9365788 25.6
-5.2582941 1.1307634 4.9857254 31.36615
-4.9277844 1.1762173 5.0833197 36.291664
5.0450945 1.1185398 5.0966153 48.175049
5.1742649 0.99181318 5.0968552 49.095913
5.5250392 1.0244241 5.0971336 48.376022
5.7885017 1.0964919 5.0936546 40.5
6.0197167 1.11466 5.0998859 36
6.3741112 1.1453443 5.0765085 38.695312
-7.9126806 1.4032221 5.0415897 42.230865
-7.7915316 1.4076858 5.0190849 38
-5.2855425 1.3634946 5.0463805 36.446228
-4.8809309 1.2215164 5.0597467 36.273869
-4.7648602 1.335191 5.0899372 32.5
4.2221084 1.3626659 5.0981979 43.666668
4.6160698 1.3027964 5.0992994 41.083336
5.0596752 1.346235 5.0949354 47.72459
5.2555523 1.321473 5.0963793 46.662987
5.5759883 1.409482 5.0934992 48.288631
5.7295923 1.3559086 5.0955877 39.0131
6.2299385 1.3618186 5.0931282 38.464108
6.4059291 1.4357824 4.9198093 35.582565
-7.9226255 1.6626418 4.9669933 34.381886
-7.7511153 1.7245587 5.0582347 35.333332
-5.3507042 1.6916611 5.0456228 32.530663
3.7268286 1.690297 5.0933552 35.457031
4.1359582 1.7281039 5.0968337 43.3125
4.3075399 1.69785 5.0966306 42.125
4.6609592 1.7589097 5.096715 35.656593
5.0531073 1.7734392 5.0941544 46.572411
5.1471844 1.7514925 5.0942545 45.2659
5.5652571 1.7151871 5.0823317 43.083237
5.833879 1.690778 5.0890512 32.692493
6.1247115 1.7297451 5.0896339 37.354393
6.3973799 1.7122654 4.9223156 38.388702
7.5509148 1.7410661 5.0798097 38
8.5970154 1.7838868 4.8454847 39.104168
-7.9393644 1.9517834 4.9218178 40.143539
-5.3113809 1.9142243 5.0635004 34.815948
3.7812757 1.8456712 5.0954504 38.75
4.1561613 1.8311327 5.0991192 43.5
4.2860389 1.848901 5.0974188 38.970825
4.6721783 2.0135999 5.0930543 42.716194
4.9963703 1.9278102 5.0920277 47.028988
5.2669821 1.9520378 5.086668 44.649971
5.4650455 1.9157882 5.0866985 45.902557
5.9063649 1.9797263 5.0958266 34.510986
6.0980573 1.8497807 5.0908694 37.237167
6.4076271 1.8891802 4.8889427 37.547222
7.5640965 1.891431 5.0811939 46
8.5889645 1.8427662 4.8359146 44.496613
-7.9267473 2.2889662 4.9582953 41.967033
-7.7945247 2.325495 5.0433602 42.5
-5.4003778 2.3320372 4.9969716 38
-5.3380537 2.3239353 4.9288206 35.847843
3.8194942 2.1259613 5.0952682 37.5
4.0757694 2.2325864 5.0905018 42.097763
4.3791733 2.1119978 5.0906544 46.472595
4.7145119 2.1655407 5.0871296 44.8713
4.9807835 2.2732024 5.084084 47.739098
5.1446486 2.1251626 5.086432 45.702202
5.4837494 2.1916437 5.0806952 43.434929
5.7863827 2.2221591 5.0740519 33.639687
6.1985941 2.3487952 5.0944042 38.065189
6.3992243 2.1830883 4.9812069 40.16296
7.6313725 2.188745 5.0477605 34.5
8.6208401 2.2987585 4.8328567 38.151413
-7.9333797 2.431571 5.0237513 44.595421
-5.3411427 2.5864663 4.919539 26.625
4.1548495 2.4012642 5.0906358 44
4.3416491 2.4722819 5.0871119 45.75
4.6997628 2.564086 5.0855317 32.734375
5.0417604 2.5781949 5.079216 43.273285
5.2048941 2.6490331 5.0858984 44.876404
5.5593309 2.6195562 5.0682545 38.742218
5.8646832 2.6110187 5.0764651 31.144531
6.0298066 2.6233931 5.0858097 38.765625
6.404604 2.6002131 4.9449973 37.673759
7.6382246 2.518455 5.0447245 14
7.8139353 2.5540853 5.0433054 35.5
8.529809 2.655894 4.8954048 44.708336
-7.9434242 2.8564341 5.0196247 42.98098
-7.7964654 2.8176413 4.9540472 38.5
-5.3881159 2.7066946 4.9940672 38
4.9660425 2.9382451 5.0936728 35.96875
5.266674 2.8754377 5.0836916 43.658203
5.5064754 2.8313522 5.0830574 37.073135
5.780117 2.782033 5.0628042 29.0625
6.2010088 2.8229222 5.088418 38.925694
6.3950138 2.7754414 4.9454784 39.570011
7.5451622 2.9822054 5.0875068 51
8.5933685 2.7945192 4.8220158 41.406792
-7.9474292 3.1276917 4.9005408 37.5
-5.3615484 3.015327 4.9308796 39.5
5.5445929 3.1200795 5.0786748 37
5.8684306 3.1270821 5.0802026 34.5
6.1824923 3.1289887 5.0877953 37.125
6.4012575 3.1249495 4.9850345 37.8125
7.5755281 3.1048217 5.0702119 52
8.5592747 3.2831669 4.8172321 42.412178
8.5780554 3.3448718 4.8413267 40.190334
8.5578518 3.7657869 4.8477983 40.587116
8.5252495 3.9449644 4.902132 43.8125
8.5821209 4.3164029 4.8191109 43.53817
-1.2258905 4.664916 5.0975852 38
-0.88452792 4.7980518 5.0892591 44
-0.35028094 4.7997732 5.085247 40
-0.021556383 4.7435579 4.9132648 40.0625
0.029636953 4.7034798 4.833498 38.34375
0.31737387 4.6824684 5.0742579 35.90625
8.5469952 4.7177763 4.8414583 45.873634
-0.95689225 4.9463549 5.090662 42.125
-0.73545319 4.9465504 5.0946321 42.713715
-0.36444372 4.8170786 5.0855064 40.871208
-0.20333353 4.8218241 5.0910287 42.473167
0.15797186 4.8940668 5.0903249 35.25
0.38655865 4.876152 5.0920115 39.66626
8.5300331 4.8729839 4.8349209 45.332291
-1.2931805 5.2157202 5.0948582 41
-0.64679486 5.231977 5.0816951 44
-0.41546395 5.1751828 5.0924921 38.5
-0.030582849 5.1599531 5.0773983 36.875
0.26618099 5.1195679 4.8107619 40
0.34096444 5.1686563 5.0842247 38.78125
8.524456 5.2167463 4.8583641 45.723415
-1.5529491 5.6493359 5.0880675 34
0.32279557 5.6008477 5.0822592 39.5
8.5319481 5.6603389 4.8198037 43.515625
8.5655746 5.8347454 4.8088603 41.924114
8.5412521 6.2171564 4.8246222 44.98774
8.5617437 6.3798885 4.8107977 42.603127
8.5523996 6.7983675 4.8200226 43.075317
8.5295753 7.1349492 4.8077612 41.5
8.5301685 7.3035455 4.8302555 38.216869
-13.830735 7.6017876 4.944809 12.679688
-13.718655 7.6329813 4.8558555 29.179466
-13.250277 7.7610188 4.8610935 44.924835
-13.172562 7.6914873 4.8517222 48.046875
8.5152931 7.7414231 4.820128 43.611652
-13.224419 7.8187718 4.9178867 44.794643
-13.159296 8.0325108 4.8894725 46.90332
8.4804268 7.8159566 4.8139353 40.666664
-13.20427 8.3025627 4.9607611 9
-13.161369 8.1822376 5.0018783 46.224277
-13.219631 8.4497576 4.9534497 2
-13.13016 8.4003572 4.8641663 3
-11.485981 8.4635172 4.8189211 3
-11.227643 8.4728756 4.8413782 12.618489
-10.888275 8.4815788 4.9335499 12.480394
-10.5823 8.499651 4.9230328 12.395904
-10.400471 8.4950485 4.8402424 12.814743
-10.136138 8.4746342 4.8458095 13.960938
8.4818668 8.6478081 4.8131661 45.25
8.4974327 8.7398243 4.848793 46.96875
8.4905882 9.2933064 4.8373785 44.5
8.5080862 9.4195404 4.8196783 43.5
8.4868832 9.756176 4.8293948 46.125
8.4821377 9.9579906 4.8429956 46.75
-11.707923 14.088297 4.8751864 44
-11.600946 14.084513 4.8508925 46.786865
-11.266703 14.0832 4.9297128 49.885887
-10.909159 14.08629 5.0162873 48.601437
-10.68263 14.081289 4.8800039 54.337414
-11.764759 14.102012 4.8395433 43.5
-11.406529 14.100324 4.9090481 48.75
-11.255537 14.104006 4.9828119 47.296875
-10.912658 14.105289 4.9515023 47.012268
-10.640873 14.107588 4.8604198 47.510414
-13.249255 15.566706 4.8530531 50.78125
-13.097897 15.566208 4.8305855 64.520828
-12.728489 15.586529 4.8262529 66.75
-12.49073 15.584512 4.8380609 66.328125
-12.146645 15.581508 4.8125443 75.111115
-11.830358 15.574799 4.8200731 62.175781
-11.690225 15.596287 4.8190393 38
-13.204742 15.607305 4.8282299 67
-12.711186 15.613518 4.8780813 62.25
1.3280643 20.399788 4.8382735 4
1.3886862 20.529266 4.8777795 4
2.3310606 20.478954 4.9255323 4
2.4920416 20.546764 4.8733764 3.75
1.5828563 20.854357 4.8949976 4
2.3834932 20.901695 4.8737745 4
2.5311873 20.854856 4.8679414 4.15625
2.3891623 21.045746 4.9047446 4
2.4369202 21.129063 4.898634 4.75
1.4331664 21.456127 4.9086151 4.75
1.5051054 21.344835 4.908102 4
2.3235431 21.366049 4.9324694 3.75
2.4952292 21.324804 4.9478865 4.5
2.3965344 21.614336 4.9049115 6
2.4682789 21.688957 4.9076319 4.5
2.5032072 22.052387 4.9309344 4.25
2.3572359 22.38755 4.8741503 4
2.4743638 22.266659 4.9148054 4.5
5.6509519 -23.739946 5.2888913 20.625
5.7864637 -23.738373 5.2800093 20.75
6.1119022 -23.732464 5.1292734 42.625
5.8002586 -23.657877 5.3560295 12.5
6.179749 -23.649967 5.2873564 22.15625
6.406354 -23.542564 5.3209133 17.9375
5.3909073 -23.230173 5.3233795 10
5.5935316 -23.269722 5.2809925 7.375
5.8579016 -23.195938 5.2665811 9
6.146327 -23.283127 5.3073969 8
6.4624739 -23.195786 5.2195921 18
5.6179485 -22.874741 5.261549 7.5
5.8562036 -22.896994 5.2645855 7.9375
6.2052126 -22.937206 5.2903099 8.875
6.4223967 -22.834936 5.2283726 13.5
5.3950343 -22.764982 5.2601833 10
5.57618 -22.606525 5.2671938 9.53125
5.8387094 -22.596378 5.2775431 8.375
6.1282473 -22.600086 5.2727551 7.5
6.3744593 -22.626492 5.2239418 13.140625
5.333178 -22.253698 5.2734051 8.75
5.5467081 -22.322563 5.2466202 8
5.875927 -22.289083 5.2717681 8.25
6.1409445 -22.392126 5.2551165 9.5
6.4303489 -22.407223 5.1692495 17.375
5.2555223 -22.060604 5.2545547 8.5
5.5445499 -22.075293 5.2698002 8.6425781
5.8243284 -21.968113 5.2405014 11.3125
6.0282569 -22.037004 5.2383146 8.625
6.4282503 -21.972021 5.195714 13.421875
5.2707367 -21.667557 5.2773004 8.963541
5.6453052 -21.692184 5.2872458 10.1875
5.9043865 -21.7143 5.2865529 8.875
6.1274633 -21.844912 5.2664676 10.328125
6.3631582 -21.774426 5.2044792 10.96875
5.0648422 -21.416397 5.2904282 9.5
5.1744251 -21.410273 5.2607861 8.6484375
5.5136471 -21.404053 5.2717938 9.875
5.7938137 -21.372726 5.2734103 8.1679688
6.1665955 -21.374943 5.2903161 8.25
6.3865323 -21.353733 5.3565135 10
5.0302849 -21.10754 5.2592378 8.375
5.1882596 -21.177734 5.2949257 10.265625
5.6458712 -21.148991 5.2659683 9.6416016
5.8935385 -21.117237 5.264864 9
6.1763654 -21.125637 5.2557468 8.703125
4.9035273 -20.752747 5.2582359 12.78125
5.1690073 -20.927105 5.2887201 10.296224
5.6046419 -20.830189 5.2835598 8.625
5.7867651 -20.924015 5.3133583 9
6.1619596 -20.841312 5.2965202 8.140625
4.79847 -20.680607 5.3119969 11
4.9390888 -20.555061 5.2910614 10.625
5.3229895 -20.536949 5.2522702 8.25
5.6092377 -20.585815 5.2525177 8.791666
5.8020124 -20.455948 5.2617311 7.15625
6.0865397 -20.62088 5.2835627 9.546875
4.7195616 -20.360868 5.2931747 12
4.9494872 -20.203735 5.2600574 8.8515625
5.2560701 -20.149815 5.2337799 9.8125
5.5428243 -20.167717 5.2286558 7.9375
5.816515 -20.315886 5.2610006 7.8125
6.0654802 -20.247335 5.2664905 7.5
4.7358937 -19.923967 5.2406158 8.8125
4.9672232 -20.013231 5.2547445 10.71875
5.1823082 -20.019737 5.2753549 8.84375
5.4864054 -20.00132 5.2735109 8.6679688
5.8922548 -19.983486 5.25739 8.421875
6.0543962 -19.938175 5.3179183 5
4.9754009 -19.767178 5.2423983 10
5.1688137 -19.760351 5.2621374 13
0.58246469 -5.811522 5.1993723 5
-33.650326 -5.4081931 5.2965126 8
-4.1121502 -5.1017637 5.2283897 0
-3.3951368 -5.2726488 5.2375336 0
-3.1350732 -5.1086411 5.215414 3
-1.5561208 -5.117878 5.200223 4
-0.34492874 -5.1034989 5.172143 39
0.39698568 -5.1816616 5.1825886 21
1.3017467 -5.2718835 5.1893888 4
-32.082653 -5.0722704 5.2750683 0
-4.1436257 -5.0613351 5.1770735 0
-3.3827128 -4.898365 5.190588 1
-3.2820911 -4.8983583 5.19207 1
-0.8307445 -4.8162103 5.1739345 5
-0.32373652 -4.962636 5.1713324 42.5625
-0.19447026 -4.839345 5.1756773 39.614586
0.0083932476 -4.8122663 5.1777372 38
0.35839599 -4.9597077 5.1824551 38
-32.815384 -4.7168317 5.2866478 12.3125
-1.2590978 -4.6904144 5.1916342 3
-0.43205649 -4.6681561 5.1720209 42.75
-0.090893582 -4.6769333 5.1806793 42.279446
0.026328482 -4.6352425 5.1327085 39.75
0.46081609 -4.5779209 5.1764655 45.501709
0.7868498 -4.6731348 5.1803613 4
-28.936043 -4.2713966 5.1847458 14.5
-28.893318 -4.0524268 5.343329 13.125
4.2941341 -3.9554348 5.1349888 7.5
-28.941216 -3.8753138 5.2009106 25.625
4.3318834 -3.8714583 5.1224065 2.875
4.9787374 -3.8767424 5.1228371 2
-29.941711 -3.3054738 5.2725444 14
-30.185902 -3.2620451 5.216784 0
-29.947092 -3.2479861 5.2518516 9.5
-7.9071693 -3.1311669 5.1441288 40
-7.560122 -3.1110842 5.2314315 32.666668
-7.028358 -3.1090677 5.2135935 33.5
-6.8225803 -3.0425112 5.2187967 33
-6.4058599 -3.0364463 5.2336583 52
4.9343333 -3.1262441 5.1636524 20
-7.9167213 -2.9315686 5.1197219 41
-7.569994 -2.8451779 5.2252979 33.5625
-7.4219565 -2.8020372 5.2192488 34.5
-7.0709167 -2.8402553 5.2192607 30.6875
-6.4757552 -2.8229966 5.2194262 43.5
-4.9661937 -2.7506058 5.2058811 40.5
4.3844795 -2.7258084 5.1200514 16
4.5944023 -2.8522441 5.1173902 9
-30.949123 -2.458751 5.3133035 16
-30.875023 -2.476855 5.3219795 13
-7.9121971 -2.5012729 5.1484966 37.468597
-7.60812 -2.5483155 5.206625 35.211155
-7.4399052 -2.542985 5.2194138 33.14814
-6.9652634 -2.5149603 5.2060947 31.216473
-6.8616705 -2.5474262 5.1960669 34.201984
-6.495183 -2.5753 5.202848 41.973957
-5.3119898 -2.4686003 5.1572924 35.011719
-5.0265694 -2.5447879 5.203289 33.625
4.2580419 -2.5493166 5.1277246 3.7967663
4.5364056 -2.602437 5.1230025 2.3164062
-31.138752 -2.3462734 5.3116865 9
-7.8362026 -2.2689185 5.1677189 35.160156
-7.5955229 -2.3104756 5.22504 32.673443
-7.4099236 -2.1621623 5.2225275 35.896667
-7.0909729 -2.1663795 5.2034259 37.353554
-6.7384453 -2.1644778 5.2034969 33.251945
-6.5046644 -2.2065525 5.2004933 37.380852
-5.3181515 -2.2128673 5.1720266 31.531435
-4.9411793 -2.3003359 5.2060695 33.768707
-4.6609554 -2.1748645 5.1918225 32.0625
4.1527748 -2.279552 5.1098356 3.5986328
4.2761307 -2.1810846 5.1174202 6.6848383
4.5041413 -2.2792382 5.1235809 4
7.862607 -2.1109896 5.1112895 5
-7.9018455 -2.0211182 5.1884313 34.705078
-7.5467386 -1.8407712 5.2178774 31.08073
-7.3580823 -1.9416035 5.2230077 33.792679
-7.0209632 -1.9221762 5.2006788 35.114727
-6.7603779 -2.0723853 5.188345 37.292969
-6.4694757 -2.0298548 5.2138376 38.085152
-5.2370691 -1.9558733 5.1749783 38.711037
-4.9086552 -2.0009484 5.199688 32.281372
-4.6906714 -2.0266118 5.197607 31.578125
-4.3865509 -2.0278058 5.1908817 30
3.7594097 -1.8424134 5.1696601 1.938863
4.0946503 -1.9439689 5.1182122 13.875488
4.2752709 -1.9566536 5.1154304 16.400452
-7.8815556 -1.6575711 5.1877508 32.556641
-7.6812372 -1.577765 5.2262163 31.215294
-7.3819366 -1.6632361 5.2243357 35.240852
-6.9466786 -1.7095313 5.1900101 37.009003
-6.7844658 -1.6556287 5.1919951 33.995499
-6.5307827 -1.6599059 5.2091756 36.960415
-5.3070283 -1.6610174 5.1508765 29.874771
-4.908525 -1.608155 5.1990948 37.147182
-4.7395096 -1.6026976 5.2014732 32.187557
-4.359664 -1.6325791 5.1852903 30.850723
-3.923521 -1.5936511 5.1686268 31.10965
-3.8991399 -1.6041186 5.1627398 31
3.7316861 -1.6649624 5.1207962 14.863301
4.0483236 -1.6195564 5.1239748 17.206257
4.2380333 -1.6245643 5.1254377 11.328415
4.5614386 -1.5743726 5.1186085 3
7.8997712 -1.6121116 5.1072721 22.25
-7.9197936 -1.4000025 5.1229496 41.377602
-7.571034 -1.3899742 5.2201133 35.906986
-7.3490691 -1.371801 5.2161622 37.091747
-6.9831514 -1.3551066 5.1991863 32.572304
-6.8050194 -1.3376236 5.1937904 33.867653
-6.4846506 -1.4582121 5.2069616 37.747784
-5.2177591 -1.2811289 5.1374903 33.49691
-4.9082499 -1.2872849 5.2002153 38.64962
-4.6106176 -1.4591877 5.2052755 30.952629
-4.2481422 -1.4472519 5.1858063 36.119141
-4.1542211 -1.3778725 5.1751614 34.856472
3.7124648 -1.2621169 5.1297951 22.343275
4.0352564 -1.2096395 5.1231527 28.400311
4.2654438 -1.2476029 5.1259575 32.872955
4.5724654 -1.2211614 5.1222019 23.616123
4.9686656 -1.2244942 5.1144781 5.0640464
6.3787079 -1.3131682 5.1162896 5
7.8215566 -1.4036535 5.1050787 34
-7.889215 -1.0842451 5.1908979 38.015625
-7.6077347 -1.099659 5.2149305 35.779381
-7.3490996 -1.1048191 5.2100191 33.673965
-6.9490113 -1.177333 5.197979 36.62059
-6.7179585 -1.1567414 5.1957917 35.73838
-6.4988256 -1.082994 5.1926556 40.36692
-5.3097572 -1.1058865 5.1317177 30.421051
-4.9638729 -1.1769143 5.2037249 39.809036
-4.600112 -1.1020393 5.202013 31.195351
-4.2606387 -1.1034715 5.1835489 38.94558
-4.0955095 -1.1700382 5.1804461 32.744808
3.7508268 -1.1093969 5.1288033 27.991209
4.1299753 -1.1260792 5.1255689 33.189949
4.3060923 -1.1398509 5.1190376 37.681221
4.621841 -1.1455524 5.1202478 28.831923
5.0523939 -1.0340812 5.1165562 25.28726
5.2327766 -1.1123689 5.1114612 13.018087
5.526947 -1.0340942 5.1062403 35.767853
5.8648992 -1.0986297 5.1086378 13.728681
6.0617266 -1.0716839 5.109623 15.020989
6.3352833 -1.1049139 5.1120872 10.8125
7.5817037 -1.0123069 5.1133075 58
7.8580046 -1.1651843 5.111021 32
-7.9155951 -0.68049419 5.1624947 38.875
-7.6113129 -0.76483583 5.2105722 33.796875
-7.354517 -0.77442312 5.2011395 36.450272
-6.9895697 -0.86503732 5.1941557 35.564415
-6.7489929 -0.75546664 5.194253 32.760742
-6.4683442 -0.72338641 5.2032309 40.079933
-5.2179146 -0.78976244 5.1814079 39.157547
-4.8765011 -0.69439566 5.1884241 40.695862
-4.7620645 -0.66419286 5.1983776 40.646996
-4.3175058 -0.69546044 5.1833935 33.548931
-4.1612902 -0.77359509 5.1741724 38.285301
3.8241458 -0.77834833 5.1314321 38.434669
4.0990505 -0.69798112 5.1281157 41.815712
4.2841463 -0.68682408 5.1251588 40.487244
4.6897612 -0.62655097 5.1223965 44.000259
5.0815649 -0.75592041 5.1136537 45.199234
5.145174 -0.72503096 5.1134229 46.264374
5.5811205 -0.77271283 5.1081028 48.528202
5.9398794 -0.74404025 5.1057658 38.956573
6.0469327 -0.8107031 5.1035767 39.166668
6.3400211 -0.88215214 5.1142974 33
7.6056991 -0.86271352 5.1024227 51
-7.9220572 -0.46077934 5.1351709 34
-7.5306139 -0.41870952 5.2056632 34.0625
-7.3938184 -0.4345209 5.20332 34.858398
-6.9560261 -0.42192125 5.1961255 38.879017
-6.8553715 -0.37518555 5.2003679 39.782822
-6.5016184 -0.37694484 5.2076454 39.636154
-5.2161942 -0.47168818 5.171926 38.686863
-4.8372211 -0.55773485 5.1967468 42.0625
-4.7265472 -0.59094608 5.197515 37.5
-4.2891088 -0.53012747 5.1821432 38.195312
-4.196826 -0.54273117 5.1793165 33.09375
3.8117146 -0.50191748 5.1316452 41.705322
4.0394497 -0.41622996 5.129662 40.574791
4.3595123 -0.34807718 5.1280537 47.907295
4.6571884 -0.40025979 5.121089 38.907135
5.0575142 -0.54516232 5.1143551 50.389412
5.2272706 -0.47369567 5.1172018 49.367222
5.5211086 -0.48533255 5.1066999 45.437332
5.7392488 -0.50088698 5.1026516 47.5
-7.1744175 -0.29953191 5.1879945 37
-6.7462664 -0.27968901 5.1881065 36.125
-5.2577801 -0.27245933 5.1271291 37.086552
-4.834156 -0.15884179 5.1496625 37.834049
-4.7840862 -0.14828189 5.1859298 41.50465
-4.2779722 -0.22221114 5.1851301 39.959496
3.8327646 -0.28850231 5.1290002 42.621315
4.1148348 -0.29084456 5.1246996 41.977211
4.2533321 -0.28984687 5.1237245 48.095703
-5.2164936 0.51550549 5.128727 35.236683
-4.8591328 0.39471823 5.1427975 39.285629
-4.698482 0.43944401 5.1813707 35.756214
-4.4215074 0.38476485 5.1708856 31.25457
-7.0179977 0.84571862 5.1887894 36.25
-6.818676 0.87787843 5.1861606 38.870117
-6.5406561 0.8527382 5.1822038 39.291801
-5.2737455 0.8203125 5.1383352 46.338989
-4.8935037 0.79521203 5.1654968 42.388401
-4.7407546 0.78594756 5.1722403 38.144806
-4.2899351 0.75197911 5.1638436 34.790958
-4.1836448 0.83882171 5.1584644 39.15625
3.7917538 0.84218395 5.1220322 41.561737
4.1471825 0.87890947 5.1182408 44.914715
4.2551765 0.86653715 5.1163507 46.654789
4.6762733 0.88086653 5.1053114 38.016438
4.9093676 0.86047852 5.1056194 42
-7.932229 1.0663316 5.1143684 43.25
-7.5899401 1.0455577 5.1918392 35.412762
-7.3869591 1.094245 5.1932163 37.511978
-6.9942012 1.0400535 5.1863937 35.097248
-6.8185234 1.0558431 5.1902637 37.419548
-6.4791346 1.0765557 5.1914577 47.307289
-5.1983829 1.1060097 5.1589642 55.083332
-4.8628626 0.96174133 5.1672115 46.314011
-4.7736959 0.98607707 5.1650643 35.135418
-4.2410016 1.1138983 5.1526856 37.618401
-4.1452847 1.0878041 5.1482143 39.745583
3.7926204 0.92145789 5.1229005 41.703136
4.1366739 0.91686094 5.1158614 46.868687
4.2838297 0.97152084 5.1151171 49.261082
4.6899281 1.0068626 5.1053405 46.683994
5.0339394 1.0341742 5.1060801 48.616684
5.1142955 1.034888 5.1025109 46.773457
5.4650307 1.07306 5.1064467 45.213299
5.9451089 1.1529096 5.1085324 35.291668
-7.8648062 1.288626 5.1278529 41.882812
-7.5651073 1.3625321 5.190474 37.083336
-7.3083334 1.4467065 5.1843557 38.029133
-7.0095396 1.3896996 5.1724091 41.032936
-6.8445415 1.3322555 5.180418 36.78231
-6.5035505 1.319376 5.1828146 38.11306
-5.292655 1.3035364 5.1211739 40.690979
-4.9096508 1.3262365 5.1628637 44.513771
-4.6674852 1.2859528 5.1647015 38.436256
-4.3414235 1.2978152 5.1594234 39.852558
-4.1502533 1.2399533 5.1537943 41.200684
3.7655478 1.3911455 5.1122937 40.207409
4.1172438 1.2387955 5.1130552 45.976055
4.2411041 1.2526958 5.1156421 45.065102
4.5747833 1.330213 5.1068687 42.52459
5.0049868 1.4028474 5.1015921 47.027279
5.2111053 1.2739389 5.102088 47.534912
5.4642167 1.3231485 5.110961 43.716782
5.8650999 1.3769521 5.1064143 34.227211
6.116776 1.4005822 5.1010847 37.395832
6.3403406 1.4770253 5.1002197 39
-7.9206581 1.7213364 5.1426773 41
-7.6221528 1.6416464 5.1862917 35.145832
-7.2837882 1.7312715 5.1816626 42.318756
-7.0877247 1.7651637 5.180521 31.469149
-6.7951584 1.7486925 5.151597 31.158802
-6.5021501 1.6858821 5.1770945 46.653645
-5.2080746 1.6898365 5.1586871 45.448174
-4.9661813 1.7463179 5.170042 35.096504
-4.6698122 1.6736088 5.1618004 36.744919
-4.4384427 1.7334442 5.1498966 28.896687
-4.1640797 1.6661332 5.154726 33.25
3.7776771 1.5717547 5.1066046 39.334961
3.9972901 1.7194983 5.1055384 43.844967
4.3309507 1.688556 5.107728 44.132812
4.5962629 1.6980426 5.1047139 43.18676
4.9480891 1.7025206 5.1030321 46.950848
5.2362742 1.6568224 5.1027327 45.637001
5.4782143 1.5933003 5.1012459 44.833332
5.8811665 1.6903908 5.106205 33.5625
6.0699143 1.512159 5.1028795 36
-7.9093027 1.9208714 5.1575327 41.5
-7.6483893 1.9196357 5.1604557 36.027775
-7.2862606 1.9284528 5.177146 40.639973
-7.1274796 1.9330877 5.1652308 24.240257
-6.8530354 1.9088689 5.1449986 42.369656
-6.5045528 1.8839893 5.1839886 40.047153
-5.3018746 2.043478 5.1511183 36.196823
-4.9797659 1.9922237 5.1604009 43.564102
-4.6336517 1.9211674 5.1617403 37.817852
-4.398159 1.865582 5.1515017 36.5625
3.8020248 1.9494931 5.1030674 39.820312
4.1359339 1.8263853 5.1056557 42.246319
4.3714275 1.8318834 5.1041479 47.165741
4.6785798 1.870836 5.1039066 44.001717
4.9898376 1.911137 5.1017351 47.5
5.2200031 1.8278801 5.1012115 36.166664
5.4863811 1.8906139 5.1021142 34.5
5.8364325 1.9174142 5.1028299 31.5
6.1598754 1.833348 5.1011105 36.609375
-7.9099741 2.1996489 5.1269741 44.734375
-7.5594277 2.2205939 5.1744814 28.916666
-7.3156443 2.2770662 5.169631 38.271759
-7.1273251 2.1850991 5.1669827 37.405594
-6.7689867 2.2132423 5.1484308 37.321724
-6.5024776 2.2799616 5.1748152 43.773479
-5.3025289 2.293715 5.1413155 36.784042
-4.9042377 2.224082 5.1637774 38.449219
-4.7523603 2.2338395 5.1562948 33
3.8682368 2.1154416 5.1032448 42
4.0282817 2.1109092 5.104866 44
4.2529287 2.1952193 5.1035466 46.5
5.2909384 2.1064 5.1016917 47
5.9892259 2.132014 5.100379 37
6.0447311 2.1050568 5.1013546 36
-7.910964 2.5944853 5.1490221 39.5
-7.6169229 2.5695143 5.177084 36.989582
-7.3499737 2.5714865 5.1738138 37.462799
-7.1334739 2.51281 5.1757483 35.086632
-6.7873859 2.653271 5.1417017 28.242188
-6.4819107 2.6086454 5.1631441 43.479164
-5.2727013 2.643362 5.1466866 32.40625
5.9335523 2.5651615 5.1041923 34
-7.9101486 2.8423057 5.149034 40.4375
-7.5909367 2.8229837 5.1683378 31.625
-7.2876258 2.8044252 5.1665764 37.835873
-7.1001987 2.8760538 5.1575356 36.62291
-6.831996 2.7125502 5.1384401 35.5
-6.5080795 2.7978578 5.1571436 41.333332
-4.8918638 2.9437442 5.1628361 41.5
5.1943116 2.9709144 5.1024914 33
5.9940481 2.8338151 5.1095638 32
6.0713105 2.7673182 5.1008353 38
-7.9391761 3.2111969 5.1392212 37
-7.3698454 3.1266274 5.1610808 32.75
-7.0553007 3.0753307 5.1466479 36.25
-6.4479356 3.2228112 5.1633673 51
-6.4586339 3.3669991 5.1614523 56
-1.2463965 4.6704712 5.1086307 37.25
-0.31847417 4.8189001 5.1000371 44
-0.10023583 4.8394365 5.1054239 41.375
-13.83593 7.5878758 5.3392868 7.6171875
-13.744085 7.6359997 5.2157707 26.129932
-13.304399 7.7435722 5.317276 44.457188
-13.172541 7.7153001 5.1675911 49.663223
-13.205444 7.8247375 5.2946558 44.149166
-13.18528 7.835711 5.1716928 45.740341
-13.21183 8.3240356 5.2685895 5.5
-13.164028 8.213274 5.2784424 41.099621
-13.134168 8.4104013 5.3493786 4
-10.690197 8.4619217 5.140995 5.6507263
-11.151516 14.089092 5.1765499 38.385414
-10.914585 14.083784 5.1378198 52.5
-11.167147 14.104132 5.1343136 43.75
-10.939365 14.102749 5.1003456 45
-32.874542 -5.5217648 5.4650297 14.375
-32.573792 -5.3053517 5.4715538 20.25
-31.215561 -3.0907924 5.5911546 13.25
-31.110655 -2.8925352 5.5269122 17
-30.879887 -2.7487082 5.5654545 10.5
-30.995098 -2.5527329 5.5608854 25.5
-30.883942 -2.6428299 5.4505138 21.3125
-31.291647 -2.2954781 5.6215305 0
-31.069693 -2.378648 5.4469252 25
-31.606419 -2.0522628 5.6355357 8
-33.404713 -1.7420964 5.5809956 28.5
-13.823875 7.5811439 5.5383644 5.1666665
-13.729618 7.5883617 5.5848231 9.6938334
-13.329117 7.732995 5.6028557 46.03299
-13.164203 7.7215056 5.4992762 54.875
-13.230665 7.809823 5.6543765 46.020832
-13.168934 7.8904848 5.5669975 45.670273
-13.21555 8.3515072 5.69028 2
-13.170366 8.204628 5.6542015 39.781052
-13.16906 8.4782162 5.5254135 2
-32.77541 -5.2001162 5.8314772 13.625
-32.669037 -5.1765566 5.9567299 11
-32.416908 -3.9441957 5.889235 13
-32.373325 -3.9027605 5.8997478 20
-32.047096 -3.9259868 5.9096599 0
-32.324688 -3.7783151 5.9628353 11.125
-33.582932 -3.4732971 5.7944975 9.5
-32.352501 -3.5442677 5.8323522 10.5
-32.412445 -3.2592065 5.8986669 10
-32.310776 -3.0875332 5.9627323 20.875
-32.148064 -2.8785818 5.9820414 19.5
-32.097214 -2.8655438 5.925786 13
-31.255253 -2.8844259 5.7184696 13
-31.418907 -2.6071227 5.8718104 5.5
-31.69022 -2.230607 5.8762455 19.46875
-30.963335 -2.385304 5.7021837 24
-32.957062 -1.8361094 5.835422 13
-32.673019 -2.0369596 5.8315601 14
-31.598587 -2.0498834 5.8260913 24.125
-13.216935 7.3288169 5.9928036 55
-13.683685 7.6169291 5.808116 15.422867
-13.288279 7.7599745 5.7878237 40.938847
-13.166079 7.7513452 5.8041267 45.531578
-13.223772 7.814477 5.8432231 42.239582
-13.167922 7.9338455 5.8006401 46.366871
-13.20573 8.3060684 5.845757 12
-13.156386 8.2073393 5.8213239 39.025394
-13.158046 8.4454546 5.8674073 2.8333333
-32.218269 15.242051 5.7607994 7
-30.484097 15.692976 5.8625727 9
-37.381031 -14.132821 6.0520759 10
-32.964069 -4.4341745 6.2169085 17.75
-33.129669 -4.0656757 6.230711 7.5
-32.814499 -3.6738133 6.1584382 24.5
-32.517006 -3.6936426 6.1779528 18.625
-32.315166 -3.8856826 6.0082321 11
-32.589676 -3.5429654 6.1313376 25
-32.260311 -3.3423207 6.0350595 25
-32.148224 -3.1164622 6.1183939 18.25
-32.027672 -3.0917456 6.2278652 16
-32.056931 -2.8584633 6.1090937 15
-31.59898 -2.5034547 6.2689619 8
-31.808142 -2.1215155 6.156775 17
-31.559511 -2.3970649 6.1401987 0
-32.770111 -1.606171 6.0492697 15
-13.677206 7.1816564 6.1119418 29
-13.822889 7.6362581 6.1744013 20.625
-13.748737 7.6204991 6.1615591 15.267883
-13.413881 7.6699266 6.1561475 29.849609
-13.171291 7.7040515 6.1598616 46.287579
-13.224175 7.8339853 6.1023932 38
-13.156368 7.9371858 6.1247845 51.179939
-13.205998 8.3154945 6.1807523 3
-13.154594 8.1847992 6.16682 45.435158
-13.155293 8.4380226 6.2047286 3.3333335
-29.774542 14.021806 6.2857299 11
-32.654865 14.996587 6.0217028 9
-30.299717 15.492528 6.0200944 10
-37.322895 -14.130633 6.516264 15
-32.897408 -4.5170932 6.3999205 14
-32.805576 -3.918644 6.5260825 20
-32.316853 -3.969867 6.478179 12
-32.726898 -3.8897614 6.487258 16.5
-32.606247 -3.8774099 6.3917804 17.5
-32.290581 -3.7592559 6.539011 22
-32.302498 -3.368382 6.5138893 28
-32.232662 -3.1570261 6.4428034 18.59375
-31.928528 -2.7598634 6.3262801 12
-31.227894 -2.8756421 6.5699244 11
-31.169273 -2.8539147 6.4853487 5.5
-31.062685 -2.6225629 6.53227 18
-31.576756 -2.1482446 6.4912181 19
-13.827614 7.5846777 6.4483733 4.625
-13.655985 7.6508942 6.4942322 31.465103
-13.412794 7.6802468 6.3581076 36.879181
-13.166969 7.7709174 6.3367128 42.5
-13.213202 7.8386302 6.3636317 40
-13.165613 7.8967285 6.3351402 49.785156
-13.1611 8.2208729 6.3540206 31.672852
-13.202559 8.4701662 6.3598776 3
-29.739559 14.080524 6.4393849 12
-32.220741 15.141851 6.4628863 18
-30.775009 15.336219 6.522202 10
-29.922606 15.380306 6.4191957 6
-29.4757 15.475547 6.4575014 13.5
-29.385309 15.557146 6.4751415 11
-33.707691 -13.290128 6.7067876 8
-32.957851 -4.301518 6.833971 12
-32.73769 -4.1177382 6.831459 20
-32.162827 -3.668869 6.6802092 30
-32.16954 -3.4130645 6.7371941 14.625
-32.050224 -3.5245266 6.8706899 14.875
-32.237789 -3.2815497 6.8387575 10
-30.99699 -2.7507119 6.7100458 19
-30.788895 -2.7836027 6.7749815 16.5
-33.960232 -2.4835351 6.7622361 25
-31.457157 -2.4893143 6.6313496 13
-31.007429 -2.6905832 6.7040334 24
-30.846245 -2.6434004 6.8640757 20
-31.501673 -2.128325 6.7056327 26.5
-31.253738 -2.17733 6.8056955 43
-31.078484 -2.2813921 6.829843 35
-32.062618 -1.9801152 6.6436796 0
-31.644766 -1.9801062 6.6038294 12
-31.25058 -2.0410886 6.857089 20.5
-33.439529 -1.6904163 6.6578851 12
-13.685493 7.3715582 6.6148376 25
-13.844542 7.5910378 6.7389174 5
-13.666274 7.6387815 6.6179504 13.214844
-32.228661 15.129156 6.6975684 12.5
-30.782774 15.305868 6.6346922 10
-29.519123 15.447171 6.7847185 12
-29.807888 15.648085 6.7533031 11
-29.26181 -14.146048 7.1706481 24
-29.8888 -13.504552 7.0436664 17
-32.795292 -4.2193317 6.9997997 20.5
-32.876183 -4.0594549 7.0814266 21
-32.57328 -4.068686 6.970881 22
-32.145809 -3.7042322 6.9907022 18
-31.96336 -3.6320119 7.0371127 12
-32.008339 -3.4686809 7.1197033 11.75
-32.240768 -3.245837 6.9365287 0
-33.715351 -2.8549206 6.9831982 9
-30.79097 -2.6596782 6.9297314 10
-31.132416 -2.1186826 6.9197159 21
-30.840954 -2.3244781 7.0773478 18.5
-31.274729 -1.9755801 6.9337444 23
-31.18755 -1.869792 7.0885239 5.5
-31.126837 -1.6118312 7.1599278 0
-30.31282 15.476738 7.0972848 28
-30.204666 15.533327 7.0265331 15.25
-29.71151 15.574701 7.1741734 27
-28.785345 15.590307 7.1854763 16
-29.619717 15.607379 7.0957351 23
-28.859587 15.626543 7.1010909 11
-37.36005 -14.18408 7.4108238 25
-29.26865 -14.156828 7.3233786 22.75
-29.291363 -13.846143 7.2262144 26
-37.35001 -13.716226 7.3546138 32
-29.796818 -13.540975 7.4403543 17.5
-29.661877 -13.543806 7.2181516 19
-32.195873 -4.035387 7.4587102 34
-31.942488 -3.73333 7.3389335 24.5
-31.945856 -3.4870484 7.2314425 25
-32.368248 -3.2725594 7.4626169 0
-31.876461 -3.1356003 7.4936352 0
-30.82756 -2.3350601 7.2154393 14
-15.956017 8.3840475 7.4031377 4
-15.737886 8.3888378 7.4519787 7
-15.984664 8.6121597 7.3356409 5.6207075
-15.811411 8.4747105 7.3979225 5.2349725
-15.450089 8.4485073 7.4159555 4.575521
-15.983469 8.7234001 7.3373594 7.75
-15.849353 10.083014 7.3481302 15
-15.973418 10.377706 7.3378844 13.898438
-15.835043 10.386053 7.4064398 34.335457
-16.023844 10.603167 7.3035002 5.546875
-15.86149 10.710588 7.3477836 13.677734
-15.993849 10.97089 7.315165 9.0625
-15.83112 10.86032 7.3484454 20.347412
-16.042387 11.30231 7.3002987 8.5
-15.8279 11.315989 7.4160428 35.131348
-16.003643 11.526485 7.2789989 8.0273438
-15.838284 11.484683 7.3902497 22.75
-15.944347 11.83177 7.2939525 12.375
-15.84901 11.918563 7.3230042 15.0625
-16.003067 12.034066 7.2978754 8.5
-15.85301 12.13278 7.3750572 23.375
-30.141413 15.536121 7.3571539 26.0625
-29.579594 15.559302 7.4917817 30
-29.18643 15.563134 7.2539663 27
-28.722639 15.605465 7.2852426 11
-37.291805 -14.201416 7.7048578 15.5
-29.252731 -14.162436 7.575634 22.5
-37.343475 -13.93965 7.7333159 27
-29.244415 -13.850298 7.7872581 28
-29.772221 -13.547096 7.5747147 26.5
-29.522274 -13.535252 7.6852417 23.5
-29.272434 -13.724449 7.6980853 25
-29.428328 -13.490659 7.654583 19
-32.145996 -3.984633 7.5504694 26.5
-31.257467 -4.1012387 7.599803 17
-31.367479 -3.7753778 7.5702372 32
-31.642731 -3.5040128 7.5027218 18
-31.427418 -3.4046242 7.6276994 16
-32.36879 -3.2106414 7.5581722 16
-15.954584 8.3710566 7.5788956 2.875
-15.780419 8.3893833 7.634366 5
-16.000013 8.4194469 7.6784506 6
-15.695703 8.4230471 7.5912209 4.71875
-15.538493 8.4305267 7.5579653 4.75
-15.808609 10.156832 7.618073 39
-15.816976 10.368379 7.6299872 41.746418
-15.81986 10.760675 7.5386953 37.415367
-15.81695 10.887646 7.5924282 36.013023
-15.820629 11.29298 7.5560927 30.866699
-15.830996 11.627197 7.5563087 30.09375
-15.830813 11.894379 7.5821171 32.5
-15.831169 12.233408 7.5522556 21.8125
-30.137791 15.522174 7.5628929 24.25
-29.720934 15.504491 7.684247 28
-29.58971 15.564864 7.5535345 23
-37.329498 -14.312476 7.9454947 14.5
-29.233589 -14.18299 7.9913969 15
-37.344742 -13.951542 8.0373306 25.333334
-37.420071 -13.548517 8.0494919 23
-29.710627 -13.517397 8.0327291 23
-29.457325 -13.541719 8.0921278 24
-29.338495 -13.569153 8.0320711 23.5
-37.533661 -13.453964 7.941308 14
-30.033726 -13.42337 7.8433542 11
-31.336567 -4.5252185 8.063879 10
-31.461424 -3.7787976 7.8333645 12
-37.36034 -14.122108 8.3932514 24
-29.242641 -14.285999 8.2596207 11.25
-29.253485 -13.935228 8.2083187 26.5
-37.414589 -13.648455 8.291708 22.5
-29.839304 -13.554291 8.1923323 24
-29.284084 -13.59976 8.1814995 26.125
-37.466431 -13.486135 8.1281681 17
-29.821526 -13.485765 8.2227736 16
-29.460838 -13.469561 8.1422243 18
-29.758068 15.565093 8.1512804 11
-29.236248 15.596857 8.1560268 10
-30.189638 15.605645 8.2800465 13
-29.320599 15.677364 8.1821861 12.375
-37.354515 -14.19069 8.5958595 23.9375
-29.242729 -14.169025 8.5652828 13.5
-37.385765 -13.879364 8.4959927 24.75
-29.235273 -14.050028 8.5276461 24
-37.508583 -13.545968 8.4923658 19.5
-37.418739 -13.574173 8.5529099 20.0625
-29.915371 -13.548896 8.4940643 32.125
-29.554607 -13.557224 8.5611277 24.5
-29.314121 -13.593224 8.5368652 22.125
-37.479034 -13.493073 8.4619999 15
-30.14006 -13.395519 8.4691544 6
-29.544571 -13.497782 8.6126566 18
-30.197502 15.50816 8.592432 26.875
-29.84041 15.517418 8.5986929 27.75
-29.472441 15.548654 8.6584396 26
-29.161339 15.554545 8.5260105 28
-29.184099 15.631851 8.5612679 17
-29.066845 15.647566 8.4978542 12
-23.95393 15.773333 8.5989037 8
-23.406782 15.756498 8.4692993 6
-23.00482 15.770714 8.6828547 9
-33.235634 -16.421774 8.9720058 35
-32.14933 -15.975227 8.9868164 25
-38.737423 -15.739851 8.9521551 18
-35.922539 -15.649187 8.9659767 20
-36.953625 -15.479405 8.8676157 14
-34.449818 -15.321028 8.9756632 14
-38.333607 -15.04936 8.9614363 16
-37.281067 -15.115427 8.9717493 22
-37.120914 -15.229727 8.8768196 14
-36.521851 -15.100395 8.9838238 27
-35.891617 -15.073662 8.9625683 22
-35.286236 -15.129187 8.9462824 36
-33.94323 -15.121048 8.9079838 40
-36.041897 -14.703314 8.9551325 22
-35.900867 -14.860117 8.9090214 15
-35.689629 -14.972914 8.948123 10
-33.665703 -14.812052 8.9500866 31
-33.556866 -14.898199 8.8747597 14
-33.251907 -14.803364 8.948431 24
-36.598698 -14.681452 8.9950876 18
-35.783947 -14.608398 8.9587984 19
-34.535671 -14.472772 8.8754234 19
-34.274559 -14.42584 8.997838 36
-34.157993 -14.487665 8.9760361 31
-33.112499 -14.572952 8.9693146 33
-32.808456 -14.526211 8.9556198 31.5
-37.35144 -14.233563 8.8901005 19.25
-36.712212 -14.107155 8.9129047 13
-36.410851 -14.305311 8.9946823 24
-35.705887 -14.109323 8.7932224 13
-35.584553 -14.320655 8.8994856 41
-35.181984 -14.304313 8.9753952 22
-34.505611 -14.390493 8.9325037 35
-34.154289 -14.168436 8.9533911 32
-32.220528 -14.274524 8.993227 28.5
-29.285233 -14.134152 8.9633646 26
-29.090666 -14.110035 8.9811001 26.5
-39.51416 -13.881266 8.8961143 17
-37.391624 -14.023599 8.827632 24
-36.914608 -14.099151 8.9824476 25
-36.452652 -13.995575 8.9770651 38
-34.918736 -13.811209 8.9497023 36
-34.648129 -13.849476 8.9917746 27
-33.603516 -13.866152 8.9774837 29
-33.452267 -13.942168 8.9369669 28.5
-33.195164 -13.861485 8.9683771 31.5
-32.695084 -13.899836 8.9417133 31
-32.010025 -13.885456 8.9915562 28
-31.563646 -13.925301 8.9887199 34
-29.210529 -13.896657 8.9053116 33.9375
-37.731842 -13.553366 8.9291153 16
-37.369034 -13.743371 8.7672405 22.6875
-29.811895 -13.533943 8.8141766 21.75
-29.255011 -13.771984 8.8390875 29
-29.967693 -13.414603 8.8297577 10
-29.364487 -13.479853 8.8535938 20
-30.33486 15.48568 8.7919731 23
-30.059994 15.541431 8.815773 21.992188
-29.932549 15.541197 8.8847599 26
-29.467148 15.552258 8.9006147 24
-29.173183 15.52706 8.9692774 25
-28.876545 15.550188 8.785037 28.5
-21.818827 15.531979 8.9405689 15
-30.177843 15.610366 8.8096342 19
-29.627182 15.609898 8.8582067 21.25
-29.264475 15.662026 8.8990879 22
-24.638092 15.763617 8.7598009 6
-21.878035 15.607672 8.8493614 25
-21.535467 15.612529 8.9770031 22
-38.449005 -16.609486 9.0466681 27
-33.52359 -16.64274 9.1462193 24
-39.268322 -16.292505 9.1791391 25
-33.110027 -16.318098 9.1280346 32.5
-38.877186 -15.906909 9.1350145 36
-36.855289 -16.021137 9.260128 21
-36.587509 -16.171875 9.1343327 24
-36.075089 -15.934511 9.1237259 28.5
-35.986866 -16.010536 9.1098442 25
-32.903854 -16.191582 9.1283894 26
-32.234539 -15.93544 9.0220928 25
-31.900427 -16.008078 9.1446276 26
-38.794586 -15.671873 9.1366138 29
-37.750893 -15.625395 9.1565971 25
-36.427505 -15.795449 9.1521435 33
-36.012497 -15.738621 9.1491976 21
-35.652653 -15.685354 9.0390825 11
-32.32634 -15.846988 9.0603409 31
-39.513569 -15.332365 9.1453218 22
-36.712273 -15.555115 9.1677675 31
-36.062283 -15.33074 9.0775309 31
-35.886852 -15.505911 9.112524 27.5
-35.506893 -15.55597 9.1484852 37
-35.144581 -15.584008 9.1834412 27
-34.538727 -15.43478 9.1291208 25
-31.522337 -15.491624 9.1452131 17
-37.19854 -15.151972 9.2460318 22
-36.839432 -15.227316 9.0955038 24.5
-36.466335 -15.110695 9.1342373 26.875
-36.049881 -15.132429 9.0708733 28
-35.727131 -15.120308 9.1583786 32
-35.262505 -15.172461 9.0774832 32
-34.969677 -15.17712 9.0958853 28.5
-34.523544 -15.170395 9.0384769 27
-34.423454 -15.204942 9.1374989 29
-33.958763 -15.02041 9.1441698 32
-30.990442 -15.273226 9.0572176 23.5
-30.849545 -15.199059 9.0802917 23.5
-30.460918 -15.097314 9.1346674 25
-37.187809 -14.793502 9.1591539 21
-36.842995 -14.999663 9.1594906 36
-36.43782 -14.835883 9.0840435 32.5
-36.064476 -14.818589 9.0866413 22.5
-35.478714 -14.857479 9.1521378 34
-34.864799 -14.906033 9.079093 27
-34.530163 -14.806818 9.1107216 35
-34.340824 -14.933226 9.1919928 27
-33.72401 -14.71649 9.1067114 34
-33.464092 -14.789273 9.0312815 29
-33.044426 -14.711561 9.0284834 28
-37.377594 -14.591042 9.0250816 6
-37.065033 -14.432618 9.1562901 28
-36.702583 -14.567041 9.087944 32.375
-36.145973 -14.534648 9.1121054 39
-35.743401 -14.410114 9.1010447 25
-35.281555 -14.579947 9.1475286 22
-35.026779 -14.447281 9.0398445 27
-34.681862 -14.509315 9.086977 27.25
-34.243332 -14.519928 9.0923615 36
-34.173241 -14.69318 9.1645679 21
-33.779305 -14.63221 9.0843925 36.75
-33.465057 -14.615324 9.097126 30.25
-33.138039 -14.442401 9.1189346 40.5
-32.928944 -14.530427 9.1087084 32
-29.102114 -14.539064 9.1271706 29
-29.080202 -14.534433 9.0630283 33
-37.25396 -14.223957 9.065218 22.5
-36.983509 -14.303822 9.0561466 34
-36.752346 -14.309019 9.1251926 32
-36.461983 -14.345466 9.1017036 23
-36.050709 -14.201597 9.1417513 41
-35.583271 -14.114708 9.0494757 31
-35.274597 -14.170214 9.0814972 26
-35.086521 -14.173296 9.0879202 34
-34.681808 -14.261757 9.1492462 30
-34.348881 -14.201618 9.0062122 31
-34.076393 -14.254824 9.1120453 31.75
-33.888062 -14.282213 9.0895824 28
-33.466766 -14.334421 9.0546246 37
-33.164993 -14.28514 9.0486126 27
-32.807419 -14.124946 9.0965862 28
-32.61232 -14.271015 9.1114483 33
-32.29549 -14.22654 9.0878429 36.75
-29.16984 -14.218626 9.0202007 19.25
-29.029755 -14.226072 9.0652704 26.5
-39.438454 -13.94908 9.1305466 21
-37.321587 -13.862669 9.1535883 32.125
-37.033188 -13.981604 9.179142 28
-36.612892 -13.912851 9.1975222 27
-36.505981 -14.022764 9.1000805 24.875
-36.039684 -14.098993 9.1818323 33
-35.761288 -13.851173 9.2813292 32
-35.559303 -13.900785 9.1893673 36.75
-34.939598 -13.939936 9.0799284 31
-34.671524 -13.866722 9.1869946 31.75
-34.362068 -13.910776 9.1454735 39.34375
-33.982376 -13.923441 9.1111202 35.5
-33.633114 -13.825756 9.0765572 34
-33.475334 -13.958689 9.1169796 36.625
-33.066933 -13.881192 9.1888561 33.5
-32.765675 -13.981891 9.0761604 27
-32.56015 -13.908739 9.1413193 31
-32.246445 -13.907204 9.0639439 31.25
-31.836237 -13.906796 9.1339455 35
-31.705292 -13.878664 9.1086445 37
-29.235733 -13.908579 9.0180407 28
-29.038616 -13.960466 9.0825176 27.5
-28.761934 -13.878323 9.0203209 33
-37.941513 -13.542609 9.1486473 10.5
-37.63715 -13.570101 9.1122208 18
-37.401802 -13.642438 9.1430569 25.125
-35.962914 -13.768531 9.2350378 25
-35.63324 -13.75398 9.2573175 34.5
-35.265823 -13.767761 9.1282606 34.25
-34.913513 -13.75896 9.261446 34
-34.0168 -13.719286 9.2432337 29
-33.667789 -13.78936 9.0951052 36
-33.500427 -13.732638 9.2740822 33.5
-33.150478 -13.786678 9.2209015 35
-32.916862 -13.780936 9.1191826 34
-32.543953 -13.739174 9.2291508 34.5
-32.208488 -13.758063 9.2083778 36.5
-32.054008 -13.730654 9.2318306 33.5
-31.755409 -13.712799 9.2300053 35
-31.353985 -13.785725 9.1691084 30
-31.090511 -13.774111 9.2417107 29.75
-30.672882 -13.768046 9.2743444 32
-29.816454 -13.52928 9.0736828 20
-29.535585 -13.541824 9.2266684 19.5
-29.346773 -13.5807 9.095787 27.3125
-29.098171 -13.763928 9.2305593 40
-28.366806 -13.72989 9.2942867 26
-37.557732 -13.311373 9.156085 12
-29.802641 -13.46588 9.1132011 16
-29.522297 -13.42174 9.2173023 21
-30.384724 15.476099 9.2215366 23
-30.215769 15.515553 9.1969748 15.875
-29.789076 15.529047 9.1376629 24.0625
-29.625948 15.564436 9.1938505 31
-29.12833 15.544049 9.1454868 26.25
-28.975262 15.562912 9.1718235 26.5
-28.725388 15.538508 9.172245 24.5
-21.776371 15.532731 9.169651 14
-29.766701 15.684879 9.1584129 22.5
-29.509031 15.616109 9.2285614 24.75
-28.956064 15.646552 9.0471935 17.75
-23.23341 15.809503 9.2382097 5
-22.987904 15.832604 9.056201 4
-22.794882 15.821593 9.1304092 8
-39.093811 -13.844371 9.3531685 34
-38.911411 -13.824958 9.4242868 39.5
-36.768265 -13.816651 9.5286388 31
-35.408466 -13.831804 9.3562555 47
-34.934315 -13.802814 9.581068 22
-34.554897 -13.817082 9.3249474 46
-34.251373 -13.822405 9.5045252 43
-33.816483 -13.801553 9.3880157 36
-33.474819 -13.802707 9.37677 44
-32.605762 -13.80151 9.4379578 41
-32.386127 -13.807848 9.4420681 35
-31.949442 -13.80144 9.3017254 31
-30.974924 -13.80455 9.3168564 55
-37.368683 -13.610706 9.5173578 29.5
-37.010895 -13.775574 9.4321232 36.5
-36.558868 -13.616125 9.5693607 35
-35.716614 -13.783384 9.5111752 32
-35.609074 -13.675406 9.4297886 26.5
-35.141716 -13.732402 9.3345928 41
-34.931965 -13.733386 9.3401871 32.875
-34.704815 -13.758092 9.3749228 32.5
-34.456039 -13.733894 9.4126396 33.5
-34.028046 -13.730396 9.3828239 36
-33.776299 -13.745769 9.3188457 32
-33.499077 -13.728848 9.4847717 35.75
-33.229504 -13.678603 9.448781 38
-32.844463 -13.747469 9.4298077 32.5
-32.489712 -13.696514 9.5606508 35
-32.302437 -13.749466 9.3813419 38.25
-31.893366 -13.699742 9.3406563 38.5625
-31.625687 -13.743999 9.3437805 40
-31.203865 -13.753744 9.4899874 41
-30.827213 -13.769377 9.3603325 46.5
-29.818108 -13.54159 9.5734968 20
-29.24025 -13.609293 9.4210615 27.5
-28.862036 -13.799241 9.371851 45
-37.551804 -13.446075 9.3424015 16.25
-33.474731 -13.372712 9.5529928 6
-30.012365 -13.379964 9.4432163 13
-29.990795 -13.392586 9.3696299 11.5
-29.54323 -13.489899 9.5449181 19.875
-32.495251 15.570023 9.5997601 14
-31.3127 15.589693 9.5627985 12
-30.363691 15.506082 9.3884697 17.875
-30.075775 15.575672 9.5732422 29
-29.795856 15.563411 9.429987 25.625
-29.596617 15.55414 9.5428858 31.5
-29.255808 15.5645 9.4334545 24.625
-29.057188 15.522024 9.4819765 28
-28.739006 15.538116 9.3969955 29
-21.3552 15.596723 9.4756355 34
-32.85725 15.665509 9.4012423 13
-31.81464 15.686673 9.5787582 15
-31.664656 15.741465 9.5070419 13
-31.418304 15.785896 9.5780964 12
-31.077219 15.655149 9.5437021 12
-30.745314 15.679777 9.5489836 21
-29.419056 15.647675 9.4837685 30
-29.218212 15.62451 9.3970785 21.75
-28.847443 15.666806 9.5692959 19
-24.136885 15.738796 9.395153 7.5
-23.859663 15.725559 9.5077038 13
-23.486778 15.810862 9.5010014 10.125
-23.292866 15.701326 9.5689888 13.5
-22.115076 15.609489 9.5676079 19
-21.849588 15.615 9.4542303 22
-21.476711 15.676295 9.4857206 16.5
-21.085978 15.845524 9.5842342 9
-23.129761 15.958275 9.4735622 9
-22.587797 15.970666 9.4148273 13
-37.048359 -13.89281 9.8357515 37
-36.445652 -13.810493 9.6147537 46
-35.625809 -13.818436 9.8685169 37.5
-34.892822 -13.80371 9.6236258 41
-34.691338 -13.808956 9.8981419 34
-34.046272 -13.814489 9.8081188 54
-33.686264 -13.818171 9.7068863 35.5
-33.157402 -13.835096 9.8425827 37
-32.349869 -13.802213 9.8616476 33
-32.03772 -13.81984 9.6730328 29
-30.733383 -13.800204 9.8376207 45
-37.347 -13.641262 9.8119879 31.09375
-37.151253 -13.716284 9.8139553 28
-36.895584 -13.740573 9.6860542 24
-36.393677 -13.797031 9.7834368 33
-35.532642 -13.671814 9.712944 38.875
-35.223648 -13.779392 9.703001 33.375
-35.003448 -13.662078 9.851881 35
-34.677727 -13.664816 9.8244133 31
-34.37281 -13.74074 9.7217121 33.46875
-33.842266 -13.756817 9.7805452 36
-33.408497 -13.721297 9.6585493 32
-33.148895 -13.723999 9.7649393 39.25
-32.796207 -13.766736 9.8130684 42.25
-32.637012 -13.785418 9.7369518 41
-32.275352 -13.743078 9.6957817 31.5625
-32.044144 -13.744881 9.7839088 36.5
-31.638454 -13.727775 9.69137 33.25
-31.486658 -13.771297 9.7554417 41.5
-31.152746 -13.793036 9.6919804 42.5
-30.826881 -13.746915 9.6446266 35
-29.339909 -13.53949 9.8117065 22.5
-28.949413 -13.739286 9.7277641 35.5
-28.661402 -13.728081 9.8562183 36
-37.378418 -13.484495 9.8860188 21
-29.984901 -13.366738 9.8360958 9.5
-28.974766 14.370354 9.8363256 4
-29.777466 14.426508 9.8912659 12.5
-29.73844 14.910675 9.8414059 10.5
-29.640997 14.915163 9.8838787 20.5
-29.836185 15.152872 9.8696547 26
-29.623825 15.074444 9.8823147 23.5
-33.301544 15.595381 9.6280384 15
-33.129402 15.477278 9.8385553 15
-32.29179 15.566181 9.8490915 24
-31.606758 15.526066 9.7339382 18
-31.277813 15.573448 9.7566671 17.5
-30.941275 15.579776 9.6333065 12
-30.759789 15.529242 9.790288 21.453125
-30.483879 15.548192 9.7541447 23.5
-30.221041 15.587619 9.8310719 21
-29.982264 15.588243 9.8125648 25
-29.444019 15.544429 9.7065735 26.75
-29.301647 15.563253 9.7842884 28
-29.02644 15.553265 9.6495056 23
-28.560272 15.549761 9.7346764 18.25
-23.085228 15.567898 9.8289909 27
-22.344034 15.597687 9.7515974 30
-21.899496 15.571962 9.6238546 36
-34.110481 15.641926 9.8669424 18
-32.285252 15.663008 9.6894884 16
-31.847624 15.678242 9.7651625 25.5
-31.746243 15.626962 9.6290646 17
-31.440151 15.700474 9.6656885 15.71875
-30.802425 15.637432 9.7226343 19
-30.064629 15.645793 9.7756567 30
-29.891891 15.622095 9.7185869 25
-29.209011 15.664262 9.7333164 23.5
-29.013487 15.698102 9.8950119 18
-28.784235 15.607009 9.8445177 20
-28.483532 15.749866 9.6838455 6
-24.322517 15.673028 9.6408195 21
-24.24494 15.614583 9.8418112 24.166666
-23.422594 15.617002 9.8048429 28
-22.994011 15.66498 9.7349043 20.5
-22.504269 15.69448 9.6193466 14
-22.334423 15.641211 9.8977175 28
-21.789549 15.645001 9.8059654 25.5
-36.614948 -13.844432 10.017929 41
-35.021381 -13.82004 9.9404354 40
-34.602695 -13.807126 10.01817 38
-32.257889 -13.802627 9.925395 34
-31.964243 -13.806778 10.019457 32
-31.172682 -13.810435 9.9756918 34
-37.347912 -13.644026 10.077219 29.5
-37.097355 -13.758012 10.100176 32
-35.851223 -13.645149 10.073629 23
-35.533432 -13.649925 10.01634 30.5
-34.980904 -13.790686 9.9066553 30
-34.702335 -13.686265 10.123275 29
-34.453106 -13.757536 9.9863672 33.5
-34.102341 -13.782688 10.056 30.5
-33.843533 -13.738843 9.9232187 30
-33.508389 -13.651783 10.124883 22
-32.794067 -13.744645 10.123926 20
-32.686314 -13.677869 10.163825 31
-32.14048 -13.78879 9.9222393 39
-31.954847 -13.717003 10.060119 28.75
-31.702412 -13.787143 10.096633 27
-31.383007 -13.779457 9.9996262 27.5
-31.079613 -13.747398 10.094623 29
-29.795208 -13.564443 9.9776325 17.5
-29.302536 -13.610222 10.011271 28
-37.410126 -13.47823 10.039661 20
-29.89917 -13.470829 10.118567 15.25
-31.478439 14.047385 10.1002 10
-29.874344 14.069717 10.131933 4.5
-29.32342 14.072062 10.061934 9
-28.261097 14.095326 10.173094 5
-28.19079 14.053243 9.9589128 7
-27.608669 14.095005 10.17105 8
-29.579113 14.370297 10.055631 9
-28.839205 14.150454 10.045104 9
-26.861385 14.147274 10.170358 7
-29.75515 14.402341 9.9670563 11
-29.606777 14.616667 9.981473 22.5
-29.592569 14.783017 10.076673 20.564453
-29.611389 15.212384 10.012415 29
-34.490002 15.524905 10.060919 24
-32.937286 15.536619 10.011013 31.625
-32.535805 15.536358 10.077262 26.125
-32.132412 15.524879 10.044594 27
-31.606525 15.529605 9.9612112 32
-31.345467 15.542597 9.9974174 21
-31.098564 15.526373 9.9720688 27.5
-30.708899 15.545656 10.023832 24.0625
-30.541407 15.569475 10.00469 24
-30.223925 15.515827 9.9287596 23
-29.49855 15.463332 10.016393 31.875
-29.27663 15.557813 10.145593 27
-28.893158 15.595293 10.105257 25
-28.56702 15.55821 10.10631 24
-24.2038 15.571264 10.078455 25
-23.382668 15.588511 10.04425 30
-22.903725 15.575797 9.9084282 26
-22.509335 15.595572 10.110684 31
-22.340918 15.579149 10.125713 25
-33.428185 15.656602 9.9056025 24
-32.907532 15.628948 9.9814224 29
-32.5509 15.663712 10.003967 27
-31.678001 15.638785 10.188691 26
-31.344269 15.623707 10.033448 21.5
-30.972616 15.629493 9.9580126 23
-30.852728 15.60498 10.159282 17
-29.465199 15.644871 10.086285 31
-29.282726 15.67059 9.9272499 26
-29.008038 15.613828 10.188672 21
-28.506796 15.605568 10.194905 23
-24.132298 15.62968 10.133372 25
-23.952795 15.623024 9.9297915 27
-23.603764 15.676197 9.9402676 23
-23.246056 15.633811 10.128977 26
-22.92897 15.642081 9.9574852 25.5
-22.714588 15.631123 9.9183502 30
-37.332561 -13.641045 10.235752 21
-37.132954 -13.717851 10.464273 19
-36.67873 -13.710224 10.376072 12.5
-36.580185 -13.636647 10.2358 18
-36.143776 -13.660322 10.308561 13.5
-35.827423 -13.699003 10.258352 19
-35.228714 -13.624665 10.274904 19
-34.98101 -13.624092 10.262281 17.5
-34.717842 -13.749707 10.222063 15
-34.369907 -13.732475 10.281355 14
-34.006962 -13.585282 10.273561 9
-31.976601 -13.67564 10.223244 17
-31.674097 -13.657049 10.203538 31
-31.293497 -13.626846 10.391715 15
-29.203281 -13.704442 10.407728 15.25
-30.7292 14.064545 10.466331 9
-30.159042 14.03422 10.468083 9
-28.212925 14.092216 10.274925 8
-26.964916 14.09725 10.246865 8
-29.473951 14.122191 10.286014 8
-28.413887 14.125833 10.446791 8
-26.994616 14.133162 10.319679 5
-25.686047 14.113231 10.415357 8
-29.621426 14.906665 10.306114 11.5
-29.586317 15.182753 10.250458 24.765625
-32.96368 15.470276 10.397894 17
-32.516464 15.536093 10.278332 20.75
-32.189018 15.486405 10.33099 22.25
-31.952423 15.527346 10.355518 23.5
-29.487785 15.497899 10.306791 26.958332
-29.108475 15.548709 10.323415 27
-29.089455 15.576143 10.334032 28
-28.531414 15.471971 10.472407 17
-24.473873 15.567279 10.354235 30
-24.064051 15.542819 10.313091 28.25
-23.941118 15.580827 10.456987 26
-23.607681 15.519831 10.434729 22.5
-23.297436 15.51712 10.412932 25
-22.845074 15.555254 10.341547 30
-32.584209 15.640234 10.213696 21
-31.861219 15.659645 10.345566 19
-31.795523 15.645524 10.25153 23
-29.437832 15.657347 10.361126 27
-28.914053 15.625186 10.248797 26
-28.718344 15.634849 10.229782 22.5
-28.333511 15.662689 10.205509 14
-23.875565 15.649798 10.292046 24
-23.436565 15.635514 10.255096 20
-22.838053 15.654228 10.201747 29
-37.59309 -13.581165 10.636457 15
-33.629601 -13.710071 10.57459 9
-32.004505 -13.537965 10.71669 9
-31.293621 -13.691217 10.543888 7
-29.286278 -13.536408 10.723227 16
-30.062309 -13.347843 10.647454 9
-31.138174 14.091521 10.556714 9
-26.47827 14.093223 10.726341 8
-26.394638 14.09533 10.62363 8
-29.217056 14.107543 10.631423 8
-28.51136 14.111678 10.617715 7
-28.142408 14.107242 10.655569 5
-27.129084 14.123454 10.751489 8
-33.880402 15.295121 10.549399 11
-28.991713 15.272491 10.573065 8
-23.568039 15.289373 10.558969 6
-32.706821 15.499094 10.623013 14
-32.251751 15.397454 10.509133 12
-31.988066 15.36175 10.522733 12
-29.545403 15.444649 10.5318 28
-29.327307 15.519941 10.553971 19.5
-28.467709 15.377266 10.571649 12.875
-30.560774 -13.24755 11.039138 4
-29.989452 14.085354 10.894315 9
-31.079216 -13.243388 11.359989 12
-29.68121 -13.268432 11.294771 9
-31.811377 14.158148 11.185181 12
-29.71382 14.107122 11.117274 14
-28.590305 14.117531 11.194925 8
-27.918901 14.108044 11.173461 9
-27.272005 14.115289 11.241458 0
-26.987707 14.15858 11.25261 0
