# .PCD v0.7 - Point Cloud Data file format
VERSION 0.7
FIELDS x y z intensity normal_x normal_y normal_z curvature
SIZE 4 4 4 4 4 4 4 4
TYPE F F F F F F F F
COUNT 1 1 1 1 1 1 1 1
WIDTH 3205
HEIGHT 1
VIEWPOINT 0 0 0 1 0 0 0
POINTS 3205
DATA ascii
11.728592 3.8893588 -1.2167494 1.5 0 0 0 0
11.833006 4.0820007 -1.260381 1.25 0 0 0 0
11.848577 4.2713776 -1.2133849 2.5 0 0 0 0
12.02809 4.4254746 -1.2419341 1 0 0 0 0
12.088515 4.5743551 -1.2422808 1 0 0 0 0
12.548805 5.314723 -1.2471344 2.5 0 0 0 0
11.511637 5.549592 -1.2470757 1 0 0 0 0
12.792884 5.6329675 -1.2864406 4.8125 0 0 0 0
12.756386 5.7589755 -1.2326226 5 0 0 0 0
12.945957 6.0633459 -1.2627096 4 0 0 0 0
9.5831127 3.5451398 -0.91345954 2 0 0 0 0
9.8227921 3.4083011 -0.92420077 18.200001 0 0 0 0
10.009035 3.3187234 -0.94762349 1 0 0 0 0
9.5330591 3.6958776 -0.97657096 9 0 0 0 0
11.691586 3.8618097 -1.0857717 11 0 0 0 0
11.713559 3.8471878 -1.025225 8 0 0 0 0
11.336781 4.1886506 -1.1402115 1 0 0 0 0
11.441393 4.1452532 -1.1896155 1 0 0 0 0
11.790557 4.152442 -1.1617143 4.75 0 0 0 0
11.922851 4.368413 -1.1567492 5.75 0 0 0 0
10.02516 4.5797496 -1.1154846 1 0 0 0 0
12.45318 5.2226095 -1.0451391 9.8151035 0 0 0 0
12.694553 5.3409891 -0.92050189 26.604168 0 0 0 0
11.466458 5.5309157 -0.9451139 16.364746 0 0 0 0
11.864784 5.6384335 -1.0047976 7.5 0 0 0 0
12.732525 5.6569633 -0.9521004 31.236979 0 0 0 0
11.975443 5.7121925 -1.023411 5 0 0 0 0
12.057228 5.7358408 -1.0589797 2.5 0 0 0 0
12.81406 5.7917023 -0.9754796 18.791668 0 0 0 0
13.10343 5.950222 -0.97580135 14 0 0 0 0
12.952537 6.040184 -1.0973394 12.75 0 0 0 0
13.312727 6.1096087 -0.91481018 7 0 0 0 0
-2.8372567 -10.317913 -0.62945235 2.75 0 0 0 0
-2.6115382 -8.13027 -0.62884343 21.75 0 0 0 0
-5.2928362 -2.0173678 -0.62331676 18.503906 0 0 0 0
-5.2723842 -1.6889395 -0.62178314 29.25 0 0 0 0
-5.0177598 -0.29314324 -0.60129076 15 0 0 0 0
3.9526415 1.098259 -0.60366356 20.375 0 0 0 0
4.0928364 1.2654343 -0.6184665 17.792988 0 0 0 0
9.5394344 3.5342746 -0.82699943 22.25 0 0 0 0
9.7889318 3.3921452 -0.81824958 24.866667 0 0 0 0
8.9004335 3.8305306 -0.71712214 5.5 0 0 0 0
9.2039204 3.6620436 -0.81381428 29.163242 0 0 0 0
11.381291 5.3434882 -0.72319508 5.8333335 0 0 0 0
11.403879 5.357367 -0.73138279 7 0 0 0 0
12.68111 5.3677397 -0.83817452 29.442707 0 0 0 0
11.361046 5.4593105 -0.71534717 15.15625 0 0 0 0
11.492241 5.4631867 -0.82138628 7.449882 0 0 0 0
12.595866 5.4419575 -0.62090278 20 0 0 0 0
12.664923 5.4159355 -0.82627457 28.25 0 0 0 0
13.101873 5.9427748 -0.70345592 14.75 0 0 0 0
13.17417 6.021029 -0.77176404 8 0 0 0 0
13.288976 6.0561295 -0.8680957 8 0 0 0 0
-2.7883453 -10.257745 -0.38614717 23.133242 0 0 0 0
-2.7859857 -10.199674 -0.3629393 28.666666 0 0 0 0
-2.3926854 -9.0126562 -0.44855291 1.75 0 0 0 0
-2.453433 -8.9286699 -0.48056826 2.10864 0 0 0 0
-2.374516 -8.8511086 -0.5065735 0.5 0 0 0 0
-2.6142113 -8.1297426 -0.59117955 21 0 0 0 0
-2.7665026 -8.0008621 -0.33754057 26.84375 0 0 0 0
-2.6618142 -8.069376 -0.32536379 20.723274 0 0 0 0
-2.1590354 -6.6409211 -0.44752085 15.373308 0 0 0 0
-2.2008057 -6.5764742 -0.52982032 21.171875 0 0 0 0
-2.0697162 -6.0979424 -0.45416227 16.888744 0 0 0 0
-0.6678611 -6.0671191 -0.31650895 17.904167 0 0 0 0
-0.45481843 -6.0875015 -0.38844112 19.284424 0 0 0 0
-2.1124063 -5.7158227 -0.46685404 9.6928244 0 0 0 0
-1.9970306 -5.7723751 -0.37884858 5.0815396 0 0 0 0
-1.6785426 -5.7007785 -0.3269296 12.285714 0 0 0 0
-2.1280403 -5.6943474 -0.4316676 6.7916665 0 0 0 0
-2.0557137 -5.6998568 -0.30132949 10 0 0 0 0
-1.6688735 -5.6730461 -0.33991653 15.328905 0 0 0 0
0.42681664 -5.2950053 -0.30579585 12.163922 0 0 0 0
2.0145683 -2.488657 -0.3247647 26.455357 0 0 0 0
-5.2990875 -2.0013881 -0.40441066 17.516821 0 0 0 0
-5.8756638 -1.5843558 -0.47227082 19.25 0 0 0 0
-5.2650332 -1.6954625 -0.52654332 29.657524 0 0 0 0
-5.0757332 -1.3424149 -0.34077314 2 0 0 0 0
-4.2794337 -1.4342828 -0.47241682 23.444681 0 0 0 0
-4.1586056 -1.3855031 -0.38065809 29.921875 0 0 0 0
-3.6608489 -1.2761841 -0.32044458 7.5250635 0 0 0 0
-3.4796443 -1.2716947 -0.41242725 17.002605 0 0 0 0
-5.7547951 -0.99585909 -0.45444369 1.0088501 0 0 0 0
-5.5070295 -1.0084602 -0.39777976 25.032299 0 0 0 0
-5.2773538 -1.1598279 -0.37387383 17.25 0 0 0 0
-5.1327944 -0.63875782 -0.37491894 20.520588 0 0 0 0
-4.9458308 -0.634835 -0.47375846 16.836769 0 0 0 0
-4.7409687 -0.71614361 -0.35501087 23.896721 0 0 0 0
-3.6328235 -0.68753886 -0.31683958 12.5 0 0 0 0
-3.5761166 -0.66969502 -0.3267979 0 0 0 0 0
-2.8136115 -0.80441666 -0.30320156 15.9 0 0 0 0
-5.113843 -0.59281671 -0.35191149 15.023809 0 0 0 0
-5.0513096 -0.41222164 -0.52044523 16.949942 0 0 0 0
-3.6355801 -0.32177013 -0.4374035 33.868408 0 0 0 0
-3.3211651 -0.38858029 -0.38439512 14.977585 0 0 0 0
-3.1844189 -0.53265244 -0.3634696 18.433868 0 0 0 0
2.3235948 -0.30533051 -0.33490512 7 0 0 0 0
-5.0238338 -0.28950217 -0.59691584 15 0 0 0 0
-3.6521816 -0.29651624 -0.43193319 7.0625 0 0 0 0
-3.3890364 -0.24140343 -0.38993615 23.864584 0 0 0 0
2.3216038 -0.29348749 -0.34112152 9.5604162 0 0 0 0
-2.4540992 0.70876575 -0.32047558 16.259151 0 0 0 0
-2.3660159 0.76215672 -0.3055743 16.75 0 0 0 0
3.7947612 0.7644583 -0.30706382 31.307522 0 0 0 0
-2.8874207 1.058075 -0.31552044 13.5 0 0 0 0
3.8762627 0.99350631 -0.58692157 20.5 0 0 0 0
3.9593194 1.105696 -0.48989463 23.40798 0 0 0 0
4.098176 1.2694838 -0.31672823 23.630375 0 0 0 0
1.4878736 1.7811098 -0.31351215 40.412323 0 0 0 0
1.7099833 1.7172122 -0.30571508 41.237972 0 0 0 0
2.2890654 1.5191772 -0.39806181 14.75 0 0 0 0
-3.6994431 1.8164756 -0.48447508 6 0 0 0 0
1.4804837 1.8022938 -0.30794597 24.28125 0 0 0 0
1.5055021 1.8721328 -0.34367797 150 0 0 0 0
2.6214523 2.0869122 -0.30740926 23.66391 0 0 0 0
3.0156157 1.9220945 -0.32446855 11.067708 0 0 0 0
1.4572794 2.1696711 -0.31882453 32.786194 0 0 0 0
2.6027708 2.1029561 -0.31057003 23.259525 0 0 0 0
-3.2537098 2.961072 -0.3340697 1.8734131 0 0 0 0
9.6951628 3.2814224 -0.48668873 22.708332 0 0 0 0
9.1701279 3.5873666 -0.47836626 21.359524 0 0 0 0
9.4279032 3.3919137 -0.41465151 15.85133 0 0 0 0
9.7006416 3.3082547 -0.52444988 31.389509 0 0 0 0
8.9844246 3.7049675 -0.45238531 10.322916 0 0 0 0
9.1800461 3.6373928 -0.40423369 18.210119 0 0 0 0
11.698921 3.8633895 -0.37643456 18.5 0 0 0 0
11.74232 3.8596997 -0.32432866 6.8333335 0 0 0 0
11.757977 3.9412107 -0.32064229 3 0 0 0 0
12.166508 4.3710613 -0.31977415 4.25 0 0 0 0
12.174606 4.6887422 -0.32618588 3.375 0 0 0 0
12.270867 4.8406925 -0.30681977 3.6666667 0 0 0 0
12.377846 5.0666094 -0.34257293 6.40625 0 0 0 0
11.315413 5.315753 -0.44549048 5.5014391 0 0 0 0
12.525249 5.3154411 -0.48332605 16.556749 0 0 0 0
12.610506 5.3832316 -0.51032871 15.8 0 0 0 0
11.30759 5.4687719 -0.45143065 5.5 0 0 0 0
12.199037 5.6073942 -0.3438201 8.3945312 0 0 0 0
12.570343 5.4299097 -0.47901529 21.203125 0 0 0 0
12.710628 5.5604043 -0.43909326 18.464844 0 0 0 0
12.779221 5.7456102 -0.48374778 20.511751 0 0 0 0
-2.8307343 -10.28093 -0.22407402 39.3125 0 0 0 0
-2.6930768 -9.9656935 -0.19085659 31 0 0 0 0
-2.6071506 -9.8058462 -0.19278997 16 0 0 0 0
-2.4299362 -9.1338711 -0.26096252 0.875 0 0 0 0
-2.3877683 -9.1162033 -0.23910117 1.7545574 0 0 0 0
-2.2645175 -8.8725967 -0.25381365 1.3808594 0 0 0 0
-1.5491476 -8.7677889 -0.218869 1.4375 0 0 0 0
-2.7840338 -7.9827366 -0.29594284 27 0 0 0 0
-2.6328967 -8.0787897 -0.29885626 16 0 0 0 0
-1.5483375 -7.9975815 -0.2001223 4.2647572 0 0 0 0
-1.371678 -7.913527 -0.18024249 0.66666669 0 0 0 0
-2.1920371 -6.6436043 -0.26897186 14.27133 0 0 0 0
-2.56633 -6.5427675 -0.21342856 0 0 0 0 0
-1.0041835 -6.3217211 -0.17596126 10.75 0 0 0 0
-1.0046014 -6.2956476 -0.24095064 0 0 0 0 0
-0.72353452 -6.1169138 -0.2834678 18.448795 0 0 0 0
-0.57851279 -6.0373325 -0.29787725 22.285715 0 0 0 0
-2.072531 -5.7287769 -0.27464947 5.3333335 0 0 0 0
-0.7979815 -5.9575601 -0.26131129 4.75 0 0 0 0
-2.0655756 -5.6916552 -0.2870861 9.2250004 0 0 0 0
-1.6487319 -5.6623516 -0.26978546 17.452759 0 0 0 0
-1.9247011 -5.2250481 -0.090554319 18.582006 0 0 0 0
-1.7979174 -5.2654114 -0.10340682 25.774399 0 0 0 0
0.43648869 -5.259654 -0.28326243 13.950079 0 0 0 0
0.53505099 -5.034749 -0.24785337 17.828125 0 0 0 0
0.84251964 -4.542706 -0.23245177 9.1854248 0 0 0 0
0.88070327 -4.4704971 -0.25303859 16.444445 0 0 0 0
0.91405952 -4.4148159 -0.23762885 17.390625 0 0 0 0
-1.2379494 -4.110424 -0.1929301 18.885777 0 0 0 0
-1.1547884 -3.9345379 -0.05974035 6.5 0 0 0 0
1.1105471 -4.0188828 -0.24079549 3.5426433 0 0 0 0
-1.0634552 -3.7622862 -0.043714583 5.867908 0 0 0 0
0.21340284 -3.8469324 -0.2245129 17.151508 0 0 0 0
1.3155694 -3.6719847 -0.27548385 14.151962 0 0 0 0
-0.95612442 -3.561975 -0.045766305 5.6106772 0 0 0 0
-0.79651093 -3.3369408 -0.032546386 10.990886 0 0 0 0
1.4592192 -3.4411056 -0.28989327 17.498905 0 0 0 0
1.5129395 -3.356123 -0.27008975 20.8125 0 0 0 0
-0.76208305 -3.1591086 -0.047843449 9.0049133 0 0 0 0
1.5607712 -3.269002 -0.27697831 22.874662 0 0 0 0
-0.61209846 -2.8347187 -0.064242952 11.631689 0 0 0 0
-0.59652299 -2.8277488 -0.060508303 9.6394434 0 0 0 0
0.47200248 -2.7434096 -0.18996659 21.212473 0 0 0 0
0.63852531 -2.8130696 -0.1879528 23.717909 0 0 0 0
-0.40689212 -2.6262207 -0.051662244 11.44334 0 0 0 0
0.26576212 -2.4857459 -0.17003876 4.5 0 0 0 0
0.39134705 -2.647047 -0.18474376 12.933695 0 0 0 0
0.60896593 -2.6769428 -0.18757227 23.130058 0 0 0 0
1.929727 -2.6246271 -0.27797055 17.184187 0 0 0 0
-0.1965885 -2.2336917 -0.10623508 15.493655 0 0 0 0
0.38893548 -2.2711744 -0.17915468 22.874769 0 0 0 0
0.64578658 -2.1940451 -0.18009453 21.23064 0 0 0 0
2.1887877 -2.1568232 -0.26736778 20.979963 0 0 0 0
-0.050705276 -1.9098146 -0.07945852 16.39069 0 0 0 0
1.1584799 -2.0203159 -0.18878464 10.316406 0 0 0 0
0.14417613 -1.6581657 -0.090363711 19.017433 0 0 0 0
0.78470349 -1.6000924 -0.17313832 6.3492346 0 0 0 0
1.1772611 -1.7337586 -0.20952994 5.6086283 0 0 0 0
2.424922 -1.6833842 -0.20060273 47.738289 0 0 0 0
-3.6276255 -1.2860527 -0.2956917 11.201823 0 0 0 0
0.38882592 -1.2587707 -0.071071252 7.4810638 0 0 0 0
0.68805265 -1.356436 -0.14167097 1.5919243 0 0 0 0
1.6566594 -1.2678124 -0.15658024 33.89595 0 0 0 0
2.500155 -1.4556017 -0.18144283 60.531517 0 0 0 0
2.7091026 -1.2188275 -0.20062301 40.590141 0 0 0 0
-0.92694914 -1.0399199 -0.017881844 2 0 0 0 0
1.0816549 -0.92326355 -0.06026268 0.97160637 0 0 0 0
1.3122857 -1.0523837 -0.072634712 6.7205367 0 0 0 0
1.5303304 -1.1777151 -0.02702659 3.75 0 0 0 0
-4.7331028 -0.74420005 -0.29318607 36.25 0 0 0 0
-3.6365077 -0.68707079 -0.27638596 12.041016 0 0 0 0
-2.8110662 -0.81237996 -0.27095729 25.964737 0 0 0 0
0.89028209 -0.80263925 -0.032443248 0 0 0 0 0
0.93171024 -0.84652644 -0.050465923 0.92479128 0 0 0 0
2.8283036 -0.75295842 -0.22719193 14.244579 0 0 0 0
-1.3036324 -0.35370257 -0.051251382 15.99968 0 0 0 0
1.3265643 -0.36048573 -0.21596585 0.9609375 0 0 0 0
-1.6249707 -0.085542828 -0.10177929 28.645168 0 0 0 0
2.8166585 -0.24320067 -0.21051361 36.691315 0 0 0 0
3.0994654 -0.013484837 -0.23053083 60.505558 0 0 0 0
-2.267909 0.21323828 -0.11691324 27.779694 0 0 0 0
-1.8330126 0.071700312 -0.10675484 20.495256 0 0 0 0
-1.7766013 0.072983757 -0.004084114 15.409786 0 0 0 0
3.1876917 0.089296609 -0.25664476 45.88237 0 0 0 0
-3.098402 0.37303406 -0.26124617 41.759209 0 0 0 0
-2.7126184 0.43284816 -0.084161177 30.5 0 0 0 0
-2.6613193 0.43177408 -0.069145679 19.530567 0 0 0 0
-1.2278825 0.47951007 -0.045525432 4.1018791 0 0 0 0
-1.1976299 0.47386998 -0.088388249 3.6807692 0 0 0 0
3.6092937 0.33837026 -0.27800906 30.326168 0 0 0 0
-3.0738008 0.73448551 -0.20934728 26.686974 0 0 0 0
-2.9253287 0.80540383 -0.15839981 28.056179 0 0 0 0
-2.4137788 0.73763645 -0.29033852 13.4 0 0 0 0
-2.3290281 0.76060164 -0.26922399 11.980729 0 0 0 0
-1.5027504 0.77136815 -0.05824627 1 0 0 0 0
-1.4921426 0.76730973 -0.058336347 1.4144459 0 0 0 0
-1.069748 0.74248916 -0.12171844 10.254199 0 0 0 0
3.7945337 0.7578187 -0.29016322 31.470787 0 0 0 0
-4.3171945 1.1261925 -0.075817645 6.8194447 0 0 0 0
-4.1418796 1.0394859 -0.081534639 11.015625 0 0 0 0
-3.7456348 1.0223174 -0.081243865 86.898232 0 0 0 0
-3.0676632 1.039326 -0.13603374 1.67185 0 0 0 0
-2.8937278 1.0572672 -0.25506327 2.8626304 0 0 0 0
-2.6788111 1.1714212 -0.2183727 11 0 0 0 0
-2.2399735 1.178609 -0.081641145 1.2552083 0 0 0 0
2.2076859 1.0889132 -0.057383969 0.91210938 0 0 0 0
3.9489653 1.0882201 -0.28921595 28.273273 0 0 0 0
-4.4201717 1.3464597 -0.10368265 7.2098694 0 0 0 0
-2.4720263 1.2711027 -0.063356481 2.3380754 0 0 0 0
-2.326582 1.2185779 -0.052319452 1.3927951 0 0 0 0
-0.49922746 1.2341862 -0.0076064691 0 0 0 0 0
0.63182855 1.2656145 -0.15394695 23.590134 0 0 0 0
2.3581886 1.3649769 -0.28350151 12.75 0 0 0 0
2.4152274 1.2060273 -0.15174326 5 0 0 0 0
2.7177033 1.4222839 -0.24314699 18.326141 0 0 0 0
4.105391 1.2744207 -0.29124749 24.348494 0 0 0 0
1.7172247 1.7195823 -0.28886175 36.111176 0 0 0 0
1.8400545 1.7880144 -0.061668605 19.024734 0 0 0 0
2.2513769 1.7807196 -0.28361136 25.30954 0 0 0 0
1.840729 1.8055799 -0.068993576 21.497395 0 0 0 0
2.2856166 1.8072362 -0.28247643 25.609726 0 0 0 0
2.532305 2.0302546 -0.1495509 26.341646 0 0 0 0
2.8163142 1.8212702 -0.24636132 19.975838 0 0 0 0
3.0126209 1.9233663 -0.2597639 10.857113 0 0 0 0
1.7808094 2.3922572 -0.23187889 49.258339 0 0 0 0
1.8037004 2.397073 -0.21824668 47.739536 0 0 0 0
2.2343102 2.2550793 -0.22217229 26.3034 0 0 0 0
1.6364954 2.6038661 -0.23776267 39.220055 0 0 0 0
1.8272231 2.4411352 -0.051811151 44.244194 0 0 0 0
1.4622805 2.7522297 -0.25006598 36.645325 0 0 0 0
11.764559 3.8564272 -0.2758885 4.875 0 0 0 0
11.818828 4.0543232 -0.28661948 4.625 0 0 0 0
12.188576 4.384439 -0.29220554 2.7578125 0 0 0 0
12.205331 4.6809649 -0.29128367 2.0546875 0 0 0 0
12.44051 5.1521006 -0.29939127 3.5 0 0 0 0
15.86782 5.2632494 -0.25257951 81 0 0 0 0
12.169233 5.6374168 -0.248547 15.478516 0 0 0 0
15.112453 5.4992237 -0.27405906 2.5 0 0 0 0
15.863713 5.441083 -0.27387941 63 0 0 0 0
15.995361 5.6080995 -0.27223998 4 0 0 0 0
12.114532 5.7252531 -0.032872695 26.1875 0 0 0 0
13.687411 5.9647818 -0.14673808 2.25 0 0 0 0
15.089529 5.7606449 -0.29035401 2 0 0 0 0
13.777488 6.0392809 -0.18133062 2 0 0 0 0
-3.0295269 -10.218716 0.078885488 5.75 0 0 0 0
-3.1639495 -10.133282 0.27190796 26.805555 0 0 0 0
-0.99863613 -6.3003244 0.29748327 0 0 0 0 0
-2.1386302 -6.0277367 0.19272573 21.154835 0 0 0 0
-2.0965877 -6.0573306 0.24323213 16.088888 0 0 0 0
-0.62968016 -6.0772629 0.26960081 24.791668 0 0 0 0
-0.57889271 -6.1277657 0.28838325 31.348959 0 0 0 0
-0.24070662 -6.18332 0.27634412 28.943081 0 0 0 0
0.017921725 -6.0095787 0.23412579 20 0 0 0 0
-2.7046046 -5.736558 0.27007791 11 0 0 0 0
-2.5513372 -5.7968063 0.2284022 8.3833618 0 0 0 0
-2.2763731 -5.9076381 0.1682661 7.40625 0 0 0 0
-1.9568436 -5.8652925 0.090437397 3 0 0 0 0
-0.66414642 -5.9592152 0.22460634 16.581482 0 0 0 0
0.173407 -5.7444067 0.23851272 17.223808 0 0 0 0
-2.633826 -5.6902494 0.15799274 1 0 0 0 0
-2.1346278 -5.4881144 0.09680219 8.25 0 0 0 0
0.22215419 -5.6648197 0.24514207 18.873077 0 0 0 0
-1.8135087 -5.2672038 0.048964486 19.416668 0 0 0 0
-1.7584813 -5.2239952 0.058320358 15.473958 0 0 0 0
0.43773147 -5.2762918 0.22026283 23.297245 0 0 0 0
0.56440789 -5.0181251 0.16958638 48.216602 0 0 0 0
0.60295105 -4.9513192 0.079779349 49 0 0 0 0
-0.62684476 -4.5185099 0.24243771 1.6875 0 0 0 0
-0.64510906 -4.4665408 0.22720969 6.8538408 0 0 0 0
-0.52925324 -4.3148499 0.15095656 10.875 0 0 0 0
-1.1327753 -4.0995455 0.097096041 2.8527908 0 0 0 0
-0.43765718 -4.0600591 0.10074199 2.9375 0 0 0 0
-1.0063732 -3.665947 0.017111532 0 0 0 0 0
-0.69006741 -3.6916251 0.080540396 38.843658 0 0 0 0
-0.44392693 -3.7378423 0.062062688 26.939299 0 0 0 0
1.2674963 -3.7844834 0.28230023 29.896875 0 0 0 0
-0.91293257 -3.4458599 0.017765582 4.75 0 0 0 0
-0.74963409 -3.4434164 0.062448297 29.173178 0 0 0 0
-0.59394342 -3.5224476 0.0035892001 21 0 0 0 0
-0.85014421 -3.2887409 0.019453334 0 0 0 0 0
-0.66036689 -2.8028162 0.010338919 5.447463 0 0 0 0
-0.55243558 -2.8607042 0.00013337824 5 0 0 0 0
0.17332745 -2.8349018 0.023015302 42.700466 0 0 0 0
2.0056579 -2.4899924 0.25486323 6.7571282 0 0 0 0
-0.17126942 -2.117075 0.0015349896 8.8000002 0 0 0 0
0.67637223 -2.150774 0.24728169 5.3164358 0 0 0 0
2.1783571 -2.1860967 0.27905452 55.421013 0 0 0 0
-4.4488678 -1.9849274 0.27062923 8.6875 0 0 0 0
-0.10080698 -1.9619398 0.0087046409 13.240494 0 0 0 0
0.40902352 -1.9784548 0.18036097 99.856041 0 0 0 0
0.6298492 -2.0092556 0.2131155 29.824493 0 0 0 0
0.26999778 -1.6910862 0.018568669 69.281723 0 0 0 0
0.31377435 -1.7161516 0.049083911 79.550026 0 0 0 0
0.6231733 -1.784003 0.21196628 70.231163 0 0 0 0
2.4803035 -1.6538301 0.21347566 80.119743 0 0 0 0
0.4517318 -1.3034009 0.013754631 6.1419659 0 0 0 0
1.1507092 -1.2225108 0.038056031 1.686645 0 0 0 0
1.2330093 -1.2071812 0.034193717 2.4444444 0 0 0 0
2.5089025 -1.4601479 0.002465118 31 0 0 0 0
2.7224288 -1.2281265 0.17931229 53.976372 0 0 0 0
-1.3236257 -0.90019703 0.21646777 5.8714542 0 0 0 0
-1.1122344 -1.0327477 0.17789237 5.0069857 0 0 0 0
0.65508127 -1.0910077 0.083570473 3.222209 0 0 0 0
1.186075 -1.1857834 0.037450634 2.1856952 0 0 0 0
1.2363989 -1.1729186 0.023569398 2.3819447 0 0 0 0
-1.7620745 -0.60136974 0.18657646 10.451336 0 0 0 0
-1.3181148 -0.89677131 0.20159456 5.9695935 0 0 0 0
0.88152647 -0.86906934 0.036920547 0.56093752 0 0 0 0
0.91140527 -0.85974008 0.0067154663 0.95684516 0 0 0 0
2.8313999 -0.72714984 0.16578978 22.58894 0 0 0 0
-2.1584997 -0.36587963 0.133387 10.837315 0 0 0 0
-2.0796771 -0.5235821 0.051915683 12.767913 0 0 0 0
-1.7651664 -0.58895326 0.18085217 10.609306 0 0 0 0
-1.35237 -0.4578397 0.00017284132 8.5 0 0 0 0
3.1213155 -0.53609931 0.13089934 20.572746 0 0 0 0
-3.0099916 -0.026746303 0.12425195 9.875 0 0 0 0
-2.7774336 -0.076484442 0.20607533 17.484749 0 0 0 0
-2.6865592 -0.094031304 0.23897266 8.4535189 0 0 0 0
-2.1941047 -0.2973904 0.1403306 7.9768171 0 0 0 0
-1.8045701 -0.28360265 0.095417 34.988022 0 0 0 0
-1.7348323 -0.2478563 0.055228367 41.103348 0 0 0 0
2.8349371 -0.24960612 0.090934694 48.795555 0 0 0 0
3.1970911 -0.12300907 0.21516499 53.682999 0 0 0 0
-3.0258856 0.139971 0.23994136 0 0 0 0 0
-2.769954 0.17192338 0.22745162 2.7169313 0 0 0 0
-2.4066429 0.18384589 0.075145543 22.900217 0 0 0 0
-2.393271 0.17743683 0.072768658 22.360569 0 0 0 0
-1.7932644 0.085683309 0.0050080465 11.571428 0 0 0 0
3.1549122 0.08682467 0.15108266 53.48967 0 0 0 0
-4.2785168 0.5215553 0.20823509 66.550781 0 0 0 0
3.6065273 0.33691099 0.1357646 39.20433 0 0 0 0
-4.6335621 0.74520338 0.24613219 11.516214 0 0 0 0
-4.299284 0.78503883 0.25539672 47.941566 0 0 0 0
-3.0578661 0.80884558 0.056766968 30.070419 0 0 0 0
-2.9637375 0.87595296 0.121079 32.05088 0 0 0 0
-1.0022596 0.77934813 0.15759428 8.4092522 0 0 0 0
3.7958579 0.76815218 0.13555956 38.370529 0 0 0 0
-3.7694697 1.0193768 0.28181005 28.875 0 0 0 0
-3.1525493 1.0406557 0.021253657 5.296875 0 0 0 0
-1.1098875 1.0987008 0.09957692 35.533642 0 0 0 0
-0.31770083 1.196522 0.15908952 5.5637121 0 0 0 0
2.0766935 0.96090567 0.21232909 0.96126306 0 0 0 0
2.1142335 1.0083828 0.097194612 0.95833337 0 0 0 0
3.9521971 1.0935875 0.13492119 37.166618 0 0 0 0
-4.1938052 1.367215 0.29229611 31.583334 0 0 0 0
-3.6103787 1.3785765 0.26630187 54.171989 0 0 0 0
-1.2131066 1.2154788 0.089342646 37 0 0 0 0
-0.61013329 1.4623237 0.083233207 0.5 0 0 0 0
-0.41518319 1.2434397 0.10929389 3.2985599 0 0 0 0
2.7131712 1.4116566 0.13909838 20.262569 0 0 0 0
4.100986 1.2686064 0.14850804 34.821812 0 0 0 0
-4.1068587 1.6842895 0.25636154 15.895472 0 0 0 0
-3.7856731 1.7907344 0.26565993 16.666666 0 0 0 0
-0.64506245 1.5379705 0.10368395 0.86132812 0 0 0 0
2.8837123 1.7958658 0.11830591 22.919117 0 0 0 0
-4.0088596 2.0666258 0.17009887 2.7750473 0 0 0 0
-3.7995856 1.866945 0.26810282 13.394924 0 0 0 0
2.8862 1.8171777 0.12410478 21.798508 0 0 0 0
3.0190747 1.9252779 0.096344307 20.65464 0 0 0 0
-2.1576395 2.1666331 0.28970402 6.5678711 0 0 0 0
1.7944403 2.3959928 0.02208866 46.799999 0 0 0 0
2.3247933 2.3814163 0.10313828 23.583637 0 0 0 0
2.751996 2.1963975 0.17221346 18.793327 0 0 0 0
0.95120704 2.6263471 0.054754056 19.063534 0 0 0 0
1.9711518 2.5090001 0.10069963 32.269966 0 0 0 0
2.1553445 2.5333123 0.15556987 25.694017 0 0 0 0
1.3795381 2.9566231 0.15433791 22.928951 0 0 0 0
1.7377979 2.7479529 0.14054552 25.691772 0 0 0 0
1.2160187 3.0777187 0.190671 22.975681 0 0 0 0
15.869261 5.26402 0.09136986 90.75 0 0 0 0
12.211943 5.6870642 0.098744407 23 0 0 0 0
15.994522 5.5727649 0.045596693 11 0 0 0 0
12.153503 5.7238212 0.070607439 22.073242 0 0 0 0
-2.7861412 -10.336235 0.5077498 48.944824 0 0 0 0
-2.6434398 -10.420406 0.48491105 49.381325 0 0 0 0
-2.3488913 -10.216479 0.57137036 5 0 0 0 0
-3.2060947 -10.121717 0.36393186 36.1511 0 0 0 0
-2.243716 -9.9933701 0.55243862 4.75 0 0 0 0
-2.2419136 -9.6718073 0.44695696 9.6171875 0 0 0 0
-2.2204251 -9.5350952 0.44974053 2 0 0 0 0
-1.9560195 -9.4811096 0.54050052 9.020834 0 0 0 0
-1.8345306 -9.2555628 0.51025444 9.1875 0 0 0 0
-1.7773951 -9.1457634 0.53120995 7.375 0 0 0 0
-1.6323495 -8.9132223 0.52768445 12.418131 0 0 0 0
-1.5191383 -8.6945038 0.48238236 12.5 0 0 0 0
-1.4095767 -8.5152493 0.49765408 9.8567705 0 0 0 0
-1.3176944 -8.3447008 0.49731791 13.070312 0 0 0 0
-1.0197544 -6.9093599 0.43754542 3.5416667 0 0 0 0
-1.0354506 -6.8848958 0.47652718 3.25 0 0 0 0
-0.71348691 -6.6253939 0.49853355 31.291666 0 0 0 0
-0.38703692 -6.6046133 0.50281829 33.597004 0 0 0 0
-0.6719256 -6.5811901 0.47665638 39.74847 0 0 0 0
-0.3662124 -6.5920954 0.48650235 28.029297 0 0 0 0
-2.1145668 -6.0703888 0.42013928 20.790085 0 0 0 0
-2.0770302 -6.0929227 0.52677333 26.122396 0 0 0 0
-0.68567955 -6.1293459 0.32421732 23.821484 0 0 0 0
-0.59453851 -6.1850028 0.30665118 31.666666 0 0 0 0
-0.17474286 -6.1911731 0.36739317 27.436611 0 0 0 0
0.032830473 -6.0544801 0.46308744 20.882812 0 0 0 0
-2.5587206 -5.7902288 0.31483245 5.6611114 0 0 0 0
-2.232435 -5.9554248 0.33869436 7 0 0 0 0
0.15925267 -5.8658686 0.40850285 15.684464 0 0 0 0
0.23996767 -5.6927428 0.37083295 15.182165 0 0 0 0
0.47798634 -5.2698469 0.40324298 18.28899 0 0 0 0
0.56948668 -5.081531 0.34420258 26.714285 0 0 0 0
-0.6194458 -4.4542265 0.31574345 8.5 0 0 0 0
-0.59980106 -4.4617114 0.31616047 7 0 0 0 0
1.2511793 -3.6786995 0.36962888 9.395834 0 0 0 0
-6.2449594 -3.3013535 0.57967043 1 0 0 0 0
1.1491227 -3.4984598 0.44968414 5.817708 0 0 0 0
1.2940643 -3.4781005 0.35034618 2.7962122 0 0 0 0
1.2892569 -3.253437 0.44299302 5.3253622 0 0 0 0
-5.8480101 -2.7207401 0.50050026 28.453125 0 0 0 0
-5.8721724 -2.6644266 0.49080747 28.367188 0 0 0 0
1.9657738 -2.5426064 0.40014943 8.8438072 0 0 0 0
-4.4387121 -2.1485646 0.37304011 1 0 0 0 0
2.1729896 -2.1930001 0.44631597 68.963127 0 0 0 0
-4.5120635 -1.9411819 0.30104104 0 0 0 0 0
-4.4403343 -1.99403 0.31397259 7.5 0 0 0 0
2.5582385 -1.5154195 0.31163901 101.7619 0 0 0 0
-0.97650248 -1.0558227 0.35441226 1 0 0 0 0
0.80098879 -1.0875044 0.55734479 0.86695266 0 0 0 0
3.0873969 -0.58917016 0.59914649 38.566666 0 0 0 0
-2.6576962 -0.025845649 0.48045355 0 0 0 0 0
-1.0536151 -0.20796426 0.48881716 0 0 0 0 0
3.2609637 -0.22941208 0.57098436 46.980392 0 0 0 0
-3.0278001 0.15570009 0.32127178 0 0 0 0 0
3.2436709 0.11490141 0.55105925 65.555557 0 0 0 0
-4.7406893 0.43733561 0.33837461 23.251215 0 0 0 0
-4.2848783 0.52289623 0.44307393 61.462891 0 0 0 0
3.6167355 0.35508901 0.59192842 39.357143 0 0 0 0
-4.6456766 0.72646928 0.3124375 9.6520977 0 0 0 0
1.9934173 0.87779623 0.471591 1.7324073 0 0 0 0
-4.4956951 1.0644839 0.43061236 0.875 0 0 0 0
-3.7723534 1.0202248 0.40819517 37.875648 0 0 0 0
2.0280573 0.91534674 0.34935832 1.6875 0 0 0 0
3.9629631 1.1151479 0.58480722 42.194443 0 0 0 0
-4.2360153 1.3561416 0.3423602 30.022331 0 0 0 0
-4.1893325 1.3230873 0.3503837 37.897865 0 0 0 0
-3.6915717 1.332355 0.30842778 40.22699 0 0 0 0
2.7150021 1.4164851 0.5957768 25.700001 0 0 0 0
4.107729 1.2780195 0.57747877 34.912849 0 0 0 0
-4.0939989 1.6925113 0.45060325 17.161112 0 0 0 0
-3.8032804 1.7836059 0.44439876 17.266666 0 0 0 0
2.9094415 1.7966483 0.59843963 26.81081 0 0 0 0
-3.9469457 2.0683165 0.40877518 4.9166665 0 0 0 0
-3.7965512 1.8893956 0.3503553 14.137644 0 0 0 0
2.917376 1.819286 0.54007506 26.5 0 0 0 0
3.0156965 1.921042 0.40464956 25.75 0 0 0 0
-3.9215684 2.1364083 0.44428492 1.375 0 0 0 0
-3.8685229 2.1364067 0.45109689 1 0 0 0 0
-2.1447639 2.1772809 0.30381149 1 0 0 0 0
2.7377815 2.1912694 0.58468032 13.229486 0 0 0 0
1.764187 2.6885452 0.5718829 15.574402 0 0 0 0
1.9351751 2.5302019 0.45449942 7.25 0 0 0 0
2.3176959 2.4261127 0.55262244 12.38553 0 0 0 0
-2.8225424 2.8802342 0.53887653 6.2854929 0 0 0 0
1.334501 2.897552 0.52623916 8.1715984 0 0 0 0
1.769381 2.7086768 0.58449507 16.842508 0 0 0 0
-3.338099 3.2510178 0.59923452 12 0 0 0 0
-3.2644932 3.2026358 0.58759511 17.583334 0 0 0 0
15.875257 5.3200669 0.57309222 89.25 0 0 0 0
12.345955 5.6978354 0.34562734 1.5 0 0 0 0
15.960979 5.5729284 0.50040293 21.5 0 0 0 0
11.99203 5.8533831 0.31871098 7 0 0 0 0
12.19734 5.7887778 0.34920168 7.28125 0 0 0 0
12.380295 5.7325072 0.40044364 1 0 0 0 0
-2.760956 -10.344471 0.85448372 44.4202 0 0 0 0
-2.5400767 -10.450614 0.8669467 37.421131 0 0 0 0
-2.3696504 -10.239638 0.83133459 7.677083 0 0 0 0
-3.4823768 -9.9476194 0.6853677 40.09375 0 0 0 0
-3.1909366 -10.1227 0.84194291 43.559521 0 0 0 0
-2.2451477 -9.9866142 0.78061485 7.583333 0 0 0 0
-3.6293623 -9.8557854 0.82072973 33.231022 0 0 0 0
-3.5904081 -9.8316765 0.87858391 22 0 0 0 0
-2.1315277 -9.7801609 0.78860188 8.4398069 0 0 0 0
-2.0607436 -9.6633415 0.82644653 5.6187501 0 0 0 0
-4.2756238 -9.4251928 0.81851792 9.354166 0 0 0 0
-4.1329718 -9.481739 0.83165365 4.041667 0 0 0 0
-1.9449993 -9.4560242 0.72046489 10.603516 0 0 0 0
-4.5093102 -9.2909775 0.87748885 1 0 0 0 0
-1.8300064 -9.2377882 0.76577044 10.8125 0 0 0 0
-1.7581551 -9.1160145 0.7968477 12.13644 0 0 0 0
-1.6129594 -8.8591404 0.81145012 12.037956 0 0 0 0
-1.5194175 -8.6871529 0.73514539 14.833334 0 0 0 0
-1.4326408 -8.5292854 0.72305977 13.73763 0 0 0 0
-1.3039558 -8.321003 0.79493928 14.082543 0 0 0 0
-1.1888874 -8.1342783 0.81626904 18.75 0 0 0 0
-1.1648811 -8.0976419 0.85630888 17.666666 0 0 0 0
-0.97654724 -7.0039577 0.74382627 6.041667 0 0 0 0
-0.78974193 -7.0555487 0.86622918 23.958332 0 0 0 0
-0.67874312 -6.6559181 0.67620158 31.453169 0 0 0 0
-0.36416975 -6.6277084 0.76316887 35.48526 0 0 0 0
-0.64910197 -6.5613046 0.78688133 24.402779 0 0 0 0
-0.36825207 -6.5964389 0.68983203 35.636364 0 0 0 0
-0.11444758 -6.337945 0.7938168 37.800812 0 0 0 0
-2.1200655 -6.108542 0.68113387 3.25 0 0 0 0
-2.0872951 -6.1226668 0.76589978 6 0 0 0 0
-0.094871104 -6.2887068 0.72624981 30.166666 0 0 0 0
0.067262955 -6.0672374 0.78211772 12.315656 0 0 0 0
0.24739078 -5.7455554 0.76536965 12.835911 0 0 0 0
0.27777961 -5.6895781 0.79892629 12.93221 0 0 0 0
0.4966217 -5.3080788 0.70505905 13.965878 0 0 0 0
0.61037791 -5.1070995 0.83417422 14 0 0 0 0
0.61318243 -5.0947323 0.87132001 13.75 0 0 0 0
0.78507459 -4.0898962 0.84909701 1.3176258 0 0 0 0
-6.9331608 -3.6106737 0.77385437 13.052084 0 0 0 0
0.93672657 -3.819726 0.8324393 4.1254687 0 0 0 0
-7.0112295 -3.5620437 0.81948972 22.104481 0 0 0 0
1.0840302 -3.5529747 0.79451233 5.4608226 0 0 0 0
-6.6328707 -3.1549144 0.80183113 8.145833 0 0 0 0
-6.5603228 -3.1796503 0.82437259 15.020798 0 0 0 0
-6.240221 -3.267148 0.73255122 6.8229165 0 0 0 0
1.2815032 -3.2261209 0.77324903 5.4844284 0 0 0 0
1.7131304 -3.141747 0.81738949 26.777599 0 0 0 0
-5.8522143 -2.7268758 0.78032172 41.200798 0 0 0 0
1.8865263 -2.7209687 0.73954928 55.827965 0 0 0 0
-5.8540258 -2.6812768 0.81690788 31.376089 0 0 0 0
1.9687464 -2.550633 0.79395187 64.078545 0 0 0 0
2.1635036 -2.2060695 0.72492373 77.212082 0 0 0 0
2.3943927 -1.7989079 0.75239366 93.676468 0 0 0 0
2.4827836 -1.6473136 0.70713115 99.322014 0 0 0 0
2.7318149 -1.2173355 0.70241439 55.170624 0 0 0 0
0.79641557 -1.0922747 0.67729783 0.55608726 0 0 0 0
2.7425537 -1.1987042 0.72784519 52.301662 0 0 0 0
-5.6397495 -0.73782355 0.87295353 0.625 0 0 0 0
-4.8131809 -0.6775161 0.82678229 25.514584 0 0 0 0
-4.7459927 -0.70209116 0.84937555 20.359297 0 0 0 0
-3.5526607 -0.87330484 0.79288948 2 0 0 0 0
2.9474409 -0.83573389 0.68297005 45.851387 0 0 0 0
3.0779622 -0.60622251 0.66841161 39.323528 0 0 0 0
-5.1818275 -0.43620381 0.79540873 6.5701008 0 0 0 0
-5.0860252 -0.52379704 0.8439008 11.574915 0 0 0 0
3.0867229 -0.59061944 0.69928765 39.531769 0 0 0 0
-5.1330938 -0.29673362 0.81286937 11.333334 0 0 0 0
-4.9579697 -0.23594105 0.70330977 46.708656 0 0 0 0
-4.71803 -0.17848343 0.7878722 16 0 0 0 0
-4.3384938 -0.035380486 0.87982756 40.132812 0 0 0 0
-1.0284917 -0.19450405 0.74169981 0 0 0 0 0
3.2739701 -0.22524059 0.66024852 48.086632 0 0 0 0
-4.2970653 0.23210163 0.82869774 36.832191 0 0 0 0
3.2610471 0.10435547 0.61430395 74.44751 0 0 0 0
3.3198071 0.10066821 0.65800261 67.792381 0 0 0 0
-4.8124704 0.36819267 0.75365782 10.818291 0 0 0 0
-4.7798138 0.34306926 0.78886092 13.076971 0 0 0 0
-4.3027725 0.37952936 0.72610772 38.739582 0 0 0 0
3.6139135 0.34724474 0.65851104 41.658936 0 0 0 0
-4.6955886 0.74409151 0.65396273 11.932743 0 0 0 0
-4.2802663 0.82324654 0.73615003 34.21624 0 0 0 0
1.945657 0.82024276 0.71641195 2.0816219 0 0 0 0
3.8026137 0.77692795 0.65159118 40.459167 0 0 0 0
-4.5050879 1.0517108 0.8683033 0.25 0 0 0 0
-4.4958477 1.0604401 0.67882824 0.96875 0 0 0 0
-3.7922719 1.0212395 0.73201251 34.311195 0 0 0 0
-1.9981294 1.1272974 0.8199774 2 0 0 0 0
3.9663744 1.1104898 0.6600126 38.164925 0 0 0 0
-4.2482848 1.3260256 0.70537305 43.240456 0 0 0 0
-3.6412618 1.336158 0.72329724 41.137135 0 0 0 0
2.7150176 1.4224191 0.63759178 28.362276 0 0 0 0
4.1102519 1.2805686 0.67680705 33.756889 0 0 0 0
-4.1211777 1.6846185 0.71144569 14.418021 0 0 0 0
-3.7608001 1.7697822 0.77917904 28.905144 0 0 0 0
2.9100032 1.7893538 0.67964685 26.521812 0 0 0 0
-4.0050244 2.0764194 0.8049351 7.8883581 0 0 0 0
-3.7318201 1.8256984 0.7610153 27.654129 0 0 0 0
2.9234304 1.819342 0.67298609 27.157339 0 0 0 0
3.0205059 1.9150738 0.70821285 28.924316 0 0 0 0
-3.9982867 2.1087885 0.7759155 8.8208332 0 0 0 0
-3.783433 2.1250601 0.73932225 9.1044264 0 0 0 0
2.7487602 2.2071471 0.70995748 20.417006 0 0 0 0
2.0027499 2.5493274 0.70053875 9.6785717 0 0 0 0
2.2331674 2.5144167 0.69748718 22.918962 0 0 0 0
-2.8388948 2.9236379 0.66553628 12.416667 0 0 0 0
1.3820235 2.9235401 0.68392408 7.3389001 0 0 0 0
1.7664453 2.7330418 0.69334662 17.357365 0 0 0 0
-3.2024632 3.1936569 0.64188999 15.348337 0 0 0 0
-2.842782 3.0422506 0.79354799 0.5 0 0 0 0
1.1837211 3.0967603 0.68253493 21.408688 0 0 0 0
1.2030659 3.1013801 0.72509623 24.028603 0 0 0 0
-3.1842346 3.3018546 0.72408241 5.75 0 0 0 0
-1.5851595 4.5472498 0.8704235 2.75 0 0 0 0
15.879302 5.2282352 0.65164304 95 0 0 0 0
15.872849 5.4371719 0.78258276 60.5 0 0 0 0
15.958799 5.5147457 0.76533544 27.25 0 0 0 0
-2.7732182 -10.335652 0.97921002 41.816589 0 0 0 0
-2.5176401 -10.436546 1.056281 21.590929 0 0 0 0
-3.4441743 -9.9698677 1.1002233 24.25 0 0 0 0
-3.1998415 -10.114769 0.99327779 38.269646 0 0 0 0
-2.3368819 -10.159859 0.99188095 8.1312504 0 0 0 0
-3.7169652 -9.7627373 1.0724289 15.036886 0 0 0 0
-3.5700386 -9.8770523 1.0184402 32.029762 0 0 0 0
-2.1196759 -9.7707758 0.97535753 11.552084 0 0 0 0
-2.0397305 -9.6266394 1.0238405 5.5 0 0 0 0
-4.2436657 -9.4004002 1.0005541 5.3522139 0 0 0 0
-4.161088 -9.4838657 0.98978961 2.2395833 0 0 0 0
-1.9596179 -9.4833641 0.98869401 7.0277777 0 0 0 0
-4.4883809 -9.2888222 1.0273129 1.5 0 0 0 0
-1.824127 -9.2466278 0.98584235 9.8773804 0 0 0 0
-1.7587622 -9.1225414 0.94335139 12.75 0 0 0 0
-1.5811967 -8.8077278 0.99635476 13.416666 0 0 0 0
-1.5060171 -8.6666241 1.1395912 7 0 0 0 0
-1.4420197 -8.5646811 0.98739052 16.072916 0 0 0 0
-1.2885609 -8.2914619 1.0218267 17.453125 0 0 0 0
-1.1929832 -8.1505089 0.9119435 19.333332 0 0 0 0
-1.0609721 -7.9118729 1.0396953 20.23698 0 0 0 0
-0.95827007 -7.6968527 1.0416911 21.258402 0 0 0 0
-0.8578223 -7.542902 1.1079748 30.1875 0 0 0 0
-0.70276153 -7.2610264 1.011431 26.083334 0 0 0 0
-0.92110753 -7.0751891 0.94337887 2 0 0 0 0
-0.67732936 -7.161881 1.0626322 28.449999 0 0 0 0
-0.55587417 -7.0041351 1.0697258 29.625 0 0 0 0
-0.37287641 -6.6777401 1.1372011 35.670734 0 0 0 0
-0.12155077 -6.3396096 1.0573617 39.589504 0 0 0 0
-2.113214 -6.1227474 0.94986254 2 0 0 0 0
-2.0765169 -6.1408782 0.93220812 1 0 0 0 0
-0.085676767 -6.2852621 1.1515532 40.958336 0 0 0 0
0.070125341 -6.0609636 1.1493272 12.185417 0 0 0 0
0.18589272 -5.856576 1.1439676 13.153847 0 0 0 0
0.28223932 -5.6773968 1.1713459 12.791666 0 0 0 0
0.50424075 -5.2853565 1.0205638 13.766319 0 0 0 0
0.60321486 -5.1060519 1.1673625 14.436247 0 0 0 0
0.70847863 -4.9291005 1.0115668 14.169393 0 0 0 0
0.83969289 -4.2170949 1.1894724 5.3333335 0 0 0 0
0.78556919 -4.0900254 1.0183824 0.85784549 0 0 0 0
-6.9289255 -3.6103592 1.0600851 7 0 0 0 0
0.89979142 -3.8535957 1.0275294 1.5 0 0 0 0
0.9373638 -3.8047402 1.0136756 2.8580134 0 0 0 0
-6.9838691 -3.5732601 0.95597482 17.90625 0 0 0 0
1.099393 -3.509413 1.0132177 5.3167868 0 0 0 0
-6.3782659 -3.2274373 0.97775614 15.839722 0 0 0 0
-6.2426481 -3.2857747 0.94541079 1.5 0 0 0 0
1.2707725 -3.2187524 1.083153 5.7865367 0 0 0 0
1.7111053 -3.1518002 1.1700556 26.194485 0 0 0 0
-5.8393364 -2.7374296 1.0097957 6.125 0 0 0 0
1.8821729 -2.7233768 1.173399 56.19355 0 0 0 0
-5.8959742 -2.6013126 1.0246916 12.583334 0 0 0 0
1.9892631 -2.5164638 1.1189692 66.221748 0 0 0 0
-6.0450258 -2.3225937 1.1652 20.875 0 0 0 0
-5.9538093 -2.3008194 1.0978975 20.111979 0 0 0 0
2.1649661 -2.2078781 1.0978349 65.310112 0 0 0 0
2.4890144 -1.6388394 1.0891298 76.306023 0 0 0 0
2.736867 -1.2115335 1.1297338 50.477566 0 0 0 0
-5.6348639 -0.7469998 0.98081076 0 0 0 0 0
-5.2097406 -0.64811444 1.1023611 17.270834 0 0 0 0
-4.9037266 -0.66342878 0.96392751 22.572916 0 0 0 0
-4.7290821 -0.69710946 0.96207875 16.325001 0 0 0 0
2.9472537 -0.83763987 1.1252055 48.387024 0 0 0 0
3.0783329 -0.60401434 1.0764666 34.392857 0 0 0 0
-5.2694874 -0.54501337 1.1807747 25.450001 0 0 0 0
-5.0430756 -0.50650853 1.0091593 6.0625 0 0 0 0
3.0833287 -0.59261328 1.1199951 34.401878 0 0 0 0
-5.1867185 -0.24727917 1.0608733 16.928572 0 0 0 0
-4.8389478 -0.2419813 1.0501997 34.234077 0 0 0 0
-4.5836554 -0.13152583 0.96995544 19.833332 0 0 0 0
-4.4069519 -0.046665616 0.91425592 30.473063 0 0 0 0
3.2966695 -0.22046211 1.1214437 40.682953 0 0 0 0
3.3044245 -0.20388269 1.1748532 37.914658 0 0 0 0
-4.6468272 0.28939405 1.0847236 15.833333 0 0 0 0
-4.3654957 0.078340337 0.96928334 22.5 0 0 0 0
3.4781966 0.10501607 1.1460564 44.539398 0 0 0 0
-4.695775 0.34678149 1.162727 25.356915 0 0 0 0
-4.3920336 0.4385801 0.95110804 27.457031 0 0 0 0
3.6208138 0.35060507 1.1468561 38.472145 0 0 0 0
-4.6053433 0.80970252 1.1612046 35.033604 0 0 0 0
-4.3543682 0.79692131 1.0581946 18.925241 0 0 0 0
1.8462952 0.72494924 1.0950278 18.937487 0 0 0 0
3.8670938 0.78016472 1.1649969 38.869331 0 0 0 0
-4.5180311 1.060962 0.96060479 9.875 0 0 0 0
-3.9720097 1.0304371 0.98906749 7 0 0 0 0
-3.7622511 1.0261115 0.93208635 33 0 0 0 0
4.0225201 1.033607 1.142804 38 0 0 0 0
-4.2310524 1.3386371 1.1479614 46.707767 0 0 0 0
-3.9396849 1.4488473 1.1579232 60.49202 0 0 0 0
-3.8934388 1.4653561 1.1344607 86.533333 0 0 0 0
2.6901302 1.3996886 0.93872619 11.625 0 0 0 0
2.735816 1.4389623 0.93664551 12.767578 0 0 0 0
3.8638563 1.4501051 0.98348022 40.364868 0 0 0 0
4.0921245 1.2526801 1.0970597 32.071095 0 0 0 0
-4.2094374 1.7173862 1.0003772 1.6458333 0 0 0 0
-4.0795593 1.7576566 1.1448524 55.615234 0 0 0 0
-3.7861986 1.7439418 1.1474874 55.761364 0 0 0 0
2.7615008 1.5129876 0.92780524 19.5 0 0 0 0
3.2861352 1.7904277 0.9894979 31.575001 0 0 0 0
3.5301461 1.6634586 0.97290272 28.152344 0 0 0 0
3.6506112 1.6139672 0.95997161 29.42823 0 0 0 0
3.9114382 1.5006495 0.92394483 6 0 0 0 0
-4.1176219 1.8074051 1.1251649 30 0 0 0 0
2.9606786 1.9613063 1.0928893 12.777958 0 0 0 0
3.1693158 1.8488692 0.98588055 32.073219 0 0 0 0
-3.9839089 2.113627 1.1382666 34 0 0 0 0
-3.8070192 2.2342043 1.1704673 22.779167 0 0 0 0
-3.4758396 2.1870813 0.91519028 3 0 0 0 0
2.3181558 2.3892844 0.95575696 3.8492062 0 0 0 0
2.669188 2.2385216 1.0694052 5.9336538 0 0 0 0
2.7299085 2.1869855 1.0142894 7.149745 0 0 0 0
-3.4033408 2.5743608 1.1198781 2.5 0 0 0 0
1.7728084 2.6950703 1.0189416 4.6125002 0 0 0 0
1.9878956 2.5641735 1.0520891 7.0462551 0 0 0 0
2.2647667 2.4534063 1.0181471 7.9203606 0 0 0 0
2.4082162 2.4128809 0.92757398 13.272727 0 0 0 0
1.3729645 2.9552557 0.99746466 8.2028828 0 0 0 0
1.7499998 2.7198262 0.99012059 7.0817008 0 0 0 0
1.815986 2.736002 1.0362432 17.826202 0 0 0 0
0.7156806 3.2608147 1.1834419 36.956646 0 0 0 0
1.1612123 3.0772028 0.98290473 8.9479399 0 0 0 0
1.2557425 3.0697184 1.0288583 12.573661 0 0 0 0
0.33755785 3.4752848 1.1726155 32.711765 0 0 0 0
0.6341688 3.3048511 1.1598142 30.625 0 0 0 0
-3.1681242 3.6203237 1.1475285 6.5 0 0 0 0
-0.27661461 3.8020058 1.1909677 29.523809 0 0 0 0
0.073976852 3.628283 1.1647252 20.166666 0 0 0 0
-0.80569994 4.1176176 1.1742182 34.150078 0 0 0 0
-0.57306635 3.9767361 1.1668046 33.229168 0 0 0 0
-1.3675127 4.4377432 1.1507561 20 0 0 0 0
-1.9783964 4.7835469 1.1146107 1 0 0 0 0
-1.6559912 4.5975642 1.1646913 14.712094 0 0 0 0
-2.1497276 4.8865862 1.1699436 8 0 0 0 0
-2.0317619 4.819211 1.148638 8.15625 0 0 0 0
15.90777 5.3505569 1.0265872 37.75 0 0 0 0
16.001587 5.523118 1.129914 16.125 0 0 0 0
-2.6200838 -10.535495 1.2632011 1 0 0 0 0
-2.901324 -10.358411 1.3622333 5 0 0 0 0
-2.5433104 -10.410511 1.342096 2.5719943 0 0 0 0
-2.385762 -10.24102 1.3055059 8 0 0 0 0
-2.3519244 -10.140567 1.3589802 5.1401043 0 0 0 0
-3.7545705 -9.6923027 1.3603642 4.3522134 0 0 0 0
-2.1319547 -9.763525 1.3330806 8.753581 0 0 0 0
-2.0687237 -9.6632481 1.4284532 13.434896 0 0 0 0
-1.9557281 -9.4642763 1.2935687 10.75 0 0 0 0
-1.8158597 -9.2099209 1.3759067 13.55 0 0 0 0
-1.7567894 -9.1038761 1.348603 14.337057 0 0 0 0
-1.5972626 -8.8347902 1.3403099 16.258659 0 0 0 0
-1.5292141 -8.6943445 1.4976538 14 0 0 0 0
-1.434777 -8.5560179 1.315001 16.432003 0 0 0 0
-1.2537639 -8.2265396 1.3007489 18.267677 0 0 0 0
-1.1939074 -8.1412659 1.3322803 19.805729 0 0 0 0
-1.0434682 -7.8706522 1.3140352 20.545313 0 0 0 0
-0.9190076 -7.6312914 1.3067679 24.018749 0 0 0 0
-0.86989999 -7.5443201 1.3580811 26.107096 0 0 0 0
-0.68901634 -7.2254267 1.3423706 27.793709 0 0 0 0
-0.66571707 -7.1787639 1.3041819 26.685448 0 0 0 0
-0.51271963 -6.9138384 1.3418219 27.622396 0 0 0 0
-0.3600947 -6.6543865 1.2646837 31.301517 0 0 0 0
-0.11920188 -6.3440523 1.3657887 45.09671 0 0 0 0
-0.080130339 -6.2799869 1.4029748 43.281818 0 0 0 0
0.069154814 -6.0753422 1.4330106 11.227857 0 0 0 0
0.18578775 -5.8522511 1.35972 12.72149 0 0 0 0
0.28714791 -5.6712918 1.3604716 12.766126 0 0 0 0
0.30475634 -5.6421223 1.3349857 12.772728 0 0 0 0
0.47890699 -5.3341928 1.3480126 13.363495 0 0 0 0
0.6062237 -5.1069813 1.3449712 14.276699 0 0 0 0
0.69254988 -4.961494 1.2977928 13.718498 0 0 0 0
0.8228147 -4.7242899 1.3517381 13.747934 0 0 0 0
0.87333167 -4.2272944 1.2339431 7.7142859 0 0 0 0
1.0225862 -4.3717599 1.4237686 15.73869 0 0 0 0
0.85103881 -4.1772337 1.2086029 6.0461311 0 0 0 0
1.1475427 -4.1487808 1.4262782 17.297279 0 0 0 0
1.2059021 -4.0417442 1.4602188 18.25 0 0 0 0
-7.2409401 -3.6391265 1.4275122 29.083332 0 0 0 0
-7.1098466 -3.6261883 1.345474 29.043751 0 0 0 0
-6.8768349 -3.6800733 1.3606713 11.416666 0 0 0 0
1.3040156 -3.667037 1.3126404 13.686132 0 0 0 0
-7.0573254 -3.4392674 1.3036256 28.069649 0 0 0 0
1.5367885 -3.4677949 1.4530141 20.805988 0 0 0 0
-7.032424 -3.2366209 1.4246001 21.811275 0 0 0 0
1.7136818 -3.1530905 1.2812945 24.701382 0 0 0 0
-0.16559198 -2.7225015 1.4848449 13.816406 0 0 0 0
-6.6328907 -2.5551281 1.43308 31.939617 0 0 0 0
-6.5730419 -2.4862998 1.3988209 17 0 0 0 0
-6.2954578 -2.6549151 1.28257 2 0 0 0 0
1.9639715 -2.5685081 1.3424077 58.306194 0 0 0 0
-6.2267323 -2.3672493 1.2460988 35 0 0 0 0
2.1710849 -2.1948524 1.2654424 61.360401 0 0 0 0
-6.1228962 -1.6459451 1.445708 32.750031 0 0 0 0
2.4836066 -1.6472445 1.2306594 67.734306 0 0 0 0
-6.0190897 -1.4380829 1.4652386 36.6875 0 0 0 0
-5.9988585 -1.4147782 1.4272716 35.25 0 0 0 0
2.7369442 -1.2078435 1.2377465 45.184303 0 0 0 0
-5.8401561 -1.1251662 1.3637633 42.747318 0 0 0 0
0.77196586 -1.0881819 1.4256971 1.519134 0 0 0 0
-5.6025295 -0.7153253 1.3577847 43.59185 0 0 0 0
-5.3368015 -0.60977954 1.2150687 27.75 0 0 0 0
2.948637 -0.83214426 1.2502487 43.196579 0 0 0 0
-5.4637289 -0.50526041 1.2895665 46.75 0 0 0 0
-5.2505894 -0.48779646 1.2331282 34.666668 0 0 0 0
3.0932097 -0.57952732 1.2422458 33.602112 0 0 0 0
-5.2872515 -0.20499361 1.3521709 60.823895 0 0 0 0
-0.99106652 -0.17096232 1.296231 0.46875 0 0 0 0
3.2873704 -0.23400353 1.2643294 37.16201 0 0 0 0
3.3028042 -0.20563756 1.2203689 37.54565 0 0 0 0
-5.108253 0.15285692 1.3836867 53 0 0 0 0
-5.0836606 0.18785077 1.4011037 60.794968 0 0 0 0
3.4807835 0.11047152 1.2266685 43.520832 0 0 0 0
-4.7383118 0.39035976 1.2314218 28.651384 0 0 0 0
3.6202221 0.34876066 1.2169915 37.164055 0 0 0 0
-4.6719246 0.79605675 1.2856429 37.42836 0 0 0 0
3.8574042 0.76110244 1.2517376 37.774452 0 0 0 0
-4.5526543 1.1325105 1.3205492 60.771164 0 0 0 0
4.0372105 1.0578272 1.4369975 37.8186 0 0 0 0
-4.2416487 1.3593459 1.2135401 66.995026 0 0 0 0
-3.9451113 1.4697872 1.2170579 75.824997 0 0 0 0
-3.8913937 1.4698849 1.2200941 101.125 0 0 0 0
4.108953 1.2186242 1.2303259 32.216423 0 0 0 0
-3.969188 1.5542569 1.2940254 127.25 0 0 0 0
-3.8452196 1.6650432 1.2423382 73.466385 0 0 0 0
-4.0201979 2.0725977 1.2948098 46.465626 0 0 0 0
2.960937 1.9815139 1.2110119 7.3156567 0 0 0 0
-4.0071001 2.107235 1.3299472 46.30801 0 0 0 0
-3.8476295 2.3080554 1.2780621 39.294945 0 0 0 0
-3.6908686 2.6642003 1.3328449 42.910599 0 0 0 0
1.9504442 2.5415156 1.3027784 2.89922 0 0 0 0
-3.6664462 2.7226152 1.2783679 39.976044 0 0 0 0
0.78692919 3.2167506 1.280645 40.14183 0 0 0 0
1.0811107 3.1476703 1.4292878 10.333333 0 0 0 0
1.3922012 3.1328864 1.481755 1.75 0 0 0 0
1.5338939 3.0837853 1.4848621 0 0 0 0 0
-3.1784153 3.596442 1.3499129 22 0 0 0 0
0.13584039 3.591177 1.3265946 46.705997 0 0 0 0
0.37808046 3.4510863 1.2884707 46.046303 0 0 0 0
-3.1487756 3.6340613 1.2980258 16.646187 0 0 0 0
-0.20811273 3.7742102 1.3764138 29.666651 0 0 0 0
0.10735069 3.6092105 1.3874452 45.909752 0 0 0 0
-0.77493304 4.0895452 1.3093631 45.019539 0 0 0 0
-0.57957572 3.973978 1.2654423 43.572617 0 0 0 0
-1.2702951 4.3836226 1.3528943 42.046013 0 0 0 0
-1.1817099 4.3324804 1.3149353 42.16106 0 0 0 0
-1.8144541 4.6912546 1.2305255 10.023809 0 0 0 0
-1.5682187 4.546885 1.3273932 24.780218 0 0 0 0
-2.1249638 4.8651285 1.3332711 12.046505 0 0 0 0
-2.0717926 4.8440189 1.3985798 12.116667 0 0 0 0
15.896024 5.2691445 1.3457438 36 0 0 0 0
15.904398 5.2292399 1.3681098 41 0 0 0 0
16.035187 5.5702848 1.3207175 3.75 0 0 0 0
-4.6408958 -12.628298 1.695416 1 0 0 0 0
-4.3626585 -12.739608 1.6321132 2 0 0 0 0
-4.1959958 -12.821755 1.7231984 2 0 0 0 0
-2.5686407 -10.500474 1.5364639 1 0 0 0 0
-2.8171592 -10.338425 1.7147912 1.0833333 0 0 0 0
-2.602103 -10.407219 1.6953914 1.8880209 0 0 0 0
-2.3991039 -10.212756 1.7924975 4.5 0 0 0 0
-3.4591594 -10.007459 1.6997659 1 0 0 0 0
-3.2190466 -10.136716 1.704716 1 0 0 0 0
-2.3164477 -10.090544 1.7658894 10.3125 0 0 0 0
-3.6966736 -9.7462654 1.72051 2.921875 0 0 0 0
-2.1526492 -9.800519 1.7334422 11.145834 0 0 0 0
-2.0777922 -9.6879358 1.6491795 12 0 0 0 0
-1.959139 -9.4672318 1.6162484 13.204861 0 0 0 0
-1.8248363 -9.2196121 1.7567606 14.416667 0 0 0 0
-1.7280767 -9.0714245 1.6665303 15.645833 0 0 0 0
-1.619841 -8.8573856 1.697763 17.705729 0 0 0 0
-1.4140813 -8.5004902 1.6184881 13.658854 0 0 0 0
-1.253114 -8.2282476 1.7311423 18.255207 0 0 0 0
-1.0782552 -7.9232597 1.676013 20.613281 0 0 0 0
-0.92028999 -7.6347866 1.6399651 24.11697 0 0 0 0
-0.87260062 -7.5545082 1.6446846 25.25 0 0 0 0
-0.67931587 -7.2136636 1.6787658 25.357441 0 0 0 0
-0.65926361 -7.1624012 1.6551614 29.367559 0 0 0 0
-0.51533246 -6.9153366 1.6806388 30.976562 0 0 0 0
-0.38718367 -6.7035322 1.7420454 30.479469 0 0 0 0
-0.14131999 -6.3444309 1.5861239 35.520836 0 0 0 0
-0.10225146 -6.2735348 1.6961703 33.515373 0 0 0 0
0.060575496 -6.0470037 1.6598589 21.221252 0 0 0 0
0.18399651 -5.8390775 1.624097 17.741041 0 0 0 0
0.22391587 -5.6961651 1.7123491 30.633694 0 0 0 0
0.42598376 -5.4277945 1.5400252 13 0 0 0 0
0.49351236 -5.244535 1.6802635 28.127481 0 0 0 0
0.60808188 -5.1023812 1.5804527 14.5 0 0 0 0
0.58738708 -5.0611396 1.6949286 35.158482 0 0 0 0
0.6107502 -5.0681639 1.6209605 23.555357 0 0 0 0
0.79521155 -4.7038069 1.6867912 34.665409 0 0 0 0
1.0174865 -4.3349514 1.6147556 29.455986 0 0 0 0
-7.4860525 -4.1159334 1.7368364 2.5 0 0 0 0
-6.8625207 -3.9547803 1.6450368 3 0 0 0 0
1.117847 -4.1049237 1.7290576 44.388901 0 0 0 0
-7.2676363 -3.6822824 1.7297785 24.212749 0 0 0 0
-6.9478159 -3.8607471 1.5208733 1.5 0 0 0 0
-6.7753325 -3.8261423 1.5690758 9.8125 0 0 0 0
1.339614 -3.7078347 1.7135415 45.947701 0 0 0 0
-7.1421156 -3.4399383 1.6012149 32.023438 0 0 0 0
1.4829599 -3.3911905 1.7716308 51.486389 0 0 0 0
1.5351396 -3.4765301 1.6037474 27.390299 0 0 0 0
-6.9829111 -3.1588268 1.7653689 13.236553 0 0 0 0
1.6687752 -3.1972771 1.6184664 31.269268 0 0 0 0
-6.881124 -2.9878106 1.5068412 8 0 0 0 0
-0.16848946 -2.7062528 1.6075902 19.183594 0 0 0 0
1.8784466 -2.7107553 1.6954061 50.238976 0 0 0 0
-6.6405029 -2.5552886 1.7627749 22.225452 0 0 0 0
-0.17402896 -2.6962306 1.6276748 25.336309 0 0 0 0
1.9281812 -2.6258335 1.7718166 49.233433 0 0 0 0
-6.4449296 -2.2139983 1.7757919 32.977833 0 0 0 0
2.1665599 -2.1931815 1.6723428 55.620857 0 0 0 0
-6.3442521 -2.0318286 1.6393665 34.553646 0 0 0 0
-6.1653166 -1.7160425 1.7654872 35.861683 0 0 0 0
2.4841843 -1.6430153 1.6427902 59.4664 0 0 0 0
-6.0032854 -1.4244868 1.660352 39.974392 0 0 0 0
-5.9968858 -1.415844 1.6837717 31.778645 0 0 0 0
2.5621195 -1.4994956 1.634766 58.294117 0 0 0 0
2.7335615 -1.2071224 1.658813 36.497303 0 0 0 0
-5.8404789 -1.133991 1.711217 55.125916 0 0 0 0
2.7384455 -1.1979986 1.6640742 36.46809 0 0 0 0
-5.6014118 -0.7186901 1.7263868 54.500519 0 0 0 0
2.9482179 -0.82300496 1.7327714 34.035469 0 0 0 0
-5.4631872 -0.47535598 1.6538739 67.688461 0 0 0 0
3.0930352 -0.57353389 1.6995022 35.081207 0 0 0 0
-5.2947807 -0.17503585 1.7268931 65.925125 0 0 0 0
3.2949753 -0.21588111 1.6950155 35.851555 0 0 0 0
3.3018913 -0.20548524 1.6763039 35.827469 0 0 0 0
-5.0696869 0.21810061 1.7215441 66.577576 0 0 0 0
3.4819503 0.10415734 1.6996055 35.669754 0 0 0 0
-4.924696 0.46760961 1.7308195 63.08371 0 0 0 0
3.6323187 0.3591463 1.6788088 35.924263 0 0 0 0
-4.7349281 0.80734432 1.7363014 52.254623 0 0 0 0
3.8764 0.78595269 1.6853397 37.242348 0 0 0 0
-4.5396638 1.1572244 1.731686 59.074856 0 0 0 0
4.0227747 1.0446582 1.7437468 36.5 0 0 0 0
-4.4001184 1.4059098 1.7021213 55.258415 0 0 0 0
3.8834753 1.4954237 1.6019691 0 0 0 0 0
4.0944977 1.2871449 1.6001415 19.469479 0 0 0 0
-4.207777 1.7507173 1.7311015 44.207062 0 0 0 0
-4.1967182 1.7500949 1.6742879 48.662445 0 0 0 0
3.5346708 1.6972191 1.5831971 0.5 0 0 0 0
3.6273899 1.6441926 1.5835475 0.2635248 0 0 0 0
3.9095953 1.5046409 1.5745791 0 0 0 0 0
-4.0145607 2.0912793 1.5662327 35.895836 0 0 0 0
2.971405 1.9688185 1.6652195 4.9095759 0 0 0 0
3.1333287 1.9179704 1.5947669 0.51839972 0 0 0 0
3.3263073 1.8229806 1.5838969 0.14335318 0 0 0 0
-4.0091724 2.1126304 1.6080257 29.785835 0 0 0 0
-3.8591919 2.3678436 1.5501633 41.197296 0 0 0 0
2.3498845 2.3920255 1.5594687 0.68273807 0 0 0 0
2.6305332 2.2499516 1.5780125 0.34744856 0 0 0 0
2.7171667 2.1653266 1.5896709 0.16195521 0 0 0 0
-3.7523894 2.562829 1.5876729 34.952942 0 0 0 0
1.7771161 2.6844296 1.5919427 3.5257354 0 0 0 0
1.9554467 2.6118586 1.578812 1.6870464 0 0 0 0
2.2639754 2.4346495 1.5721303 0.8211872 0 0 0 0
-3.6408682 2.7602143 1.6808269 41.546211 0 0 0 0
1.3480408 2.9671154 1.5581301 1.5790813 0 0 0 0
1.7734416 2.7160847 1.5672946 4.411458 0 0 0 0
-3.4872968 3.0493801 1.7876405 2 0 0 0 0
0.75756645 3.2333646 1.6704838 39.896431 0 0 0 0
1.1106856 3.1493576 1.559243 0.29025805 0 0 0 0
1.2319558 3.1014645 1.5571082 0.057291668 0 0 0 0
1.5017341 3.0905108 1.5109874 3.5 0 0 0 0
-3.3119807 3.3555436 1.774219 40.333332 0 0 0 0
-3.2988091 3.404048 1.7588532 29.5 0 0 0 0
0.13119805 3.5943298 1.713544 45.083332 0 0 0 0
0.37400407 3.458365 1.699543 46.71833 0 0 0 0
-3.1161127 3.6970468 1.5094476 5 0 0 0 0
-0.20874956 3.7776752 1.7378693 31.694336 0 0 0 0
0.12714863 3.602129 1.6841239 46.47467 0 0 0 0
-0.82643676 4.1304922 1.6997601 47.546764 0 0 0 0
-0.57757717 3.9792747 1.5967617 44.872444 0 0 0 0
-1.2364295 4.3676634 1.6142026 43.822762 0 0 0 0
-1.1934924 4.3425298 1.7711251 42.347404 0 0 0 0
-1.578907 4.5512738 1.5605172 16.385185 0 0 0 0
-1.4942715 4.5085988 1.797478 28.75 0 0 0 0
-2.1492615 4.8853354 1.5139585 11.888021 0 0 0 0
-2.054492 4.8274803 1.5200074 6.25 0 0 0 0
15.915347 5.3223686 1.5396034 39.083336 0 0 0 0
15.996342 5.498436 1.6366806 23.6875 0 0 0 0
-4.2426996 -13.112541 2.0446143 1.875 0 0 0 0
-4.0391455 -13.013946 1.913282 2 0 0 0 0
-4.5260935 -12.811091 1.8876281 2 0 0 0 0
-2.7071481 -10.340868 1.8366224 2 0 0 0 0
-2.4563158 -10.298433 1.9048357 3.4770832 0 0 0 0
-2.3243308 -10.101004 1.8965163 7.3925781 0 0 0 0
-3.7559259 -9.684947 1.9819249 3.28125 0 0 0 0
-2.1167762 -9.7437229 1.9814107 11.55 0 0 0 0
-2.072825 -9.6673088 1.8854623 10.942709 0 0 0 0
-1.9912194 -9.5147543 1.9308558 15.8125 0 0 0 0
-1.8283736 -9.2465363 1.8463683 11.433333 0 0 0 0
-1.7620038 -9.1082602 1.9018064 13.984635 0 0 0 0
-1.5849299 -8.8051033 1.8736873 14.162963 0 0 0 0
-1.4468625 -8.5589886 1.872582 17.523111 0 0 0 0
-1.2234794 -8.1809425 1.954042 18.210367 0 0 0 0
-1.189482 -8.1246843 1.8902159 19.559525 0 0 0 0
-1.0546236 -7.8931117 1.9381962 20.545834 0 0 0 0
-0.95876044 -7.7148094 1.9792676 22.901764 0 0 0 0
-0.87769544 -7.5800676 1.9608698 24.875 0 0 0 0
-0.67779541 -7.2066169 1.8605868 29.35 0 0 0 0
-0.6482017 -7.1595774 1.8961679 26.751171 0 0 0 0
-0.50793791 -6.9135828 2.026475 28.625 0 0 0 0
-0.43048069 -6.7788115 1.9148294 30.855495 0 0 0 0
-0.10766134 -6.2077599 1.9361842 34.289429 0 0 0 0
0.1012038 -5.8462467 1.993832 37.527779 0 0 0 0
0.21311504 -5.6518745 1.8959706 36.853775 0 0 0 0
0.43582532 -5.2450056 1.8977542 46.226856 0 0 0 0
-6.1659641 -4.8452616 2.0506036 59.835938 0 0 0 0
-5.882834 -5.0087528 2.0605969 70.125 0 0 0 0
0.57040966 -5.0258951 1.8778257 51.914352 0 0 0 0
0.6039905 -4.9440317 2.0793533 57 0 0 0 0
-6.7350559 -4.5225344 2.0572181 69 0 0 0 0
-6.4609241 -4.6739073 2.0521817 61.625 0 0 0 0
-6.2965245 -4.7547102 2.0602899 68 0 0 0 0
0.75206095 -4.6873746 1.9753956 56.96703 0 0 0 0
-7.3081436 -4.2107115 1.9740801 25.25 0 0 0 0
-7.1889405 -4.2727304 1.9934522 61.5 0 0 0 0
-6.8732834 -4.4442277 2.0523643 63.25 0 0 0 0
0.89632326 -4.4394217 2.0422378 59 0 0 0 0
0.95229739 -4.34589 1.8721205 53.991558 0 0 0 0
-7.5300555 -4.0986495 1.9157876 0 0 0 0 0
-7.3877983 -4.1621246 1.8803225 11.939014 0 0 0 0
1.1007948 -4.0728998 1.8504591 55.975861 0 0 0 0
-7.250639 -3.6468158 1.8481259 26.392738 0 0 0 0
-7.2244706 -3.5890198 2.013514 34 0 0 0 0
-7.0735836 -3.3270972 1.9106414 32.025002 0 0 0 0
1.4592108 -3.4351747 1.9237475 55.440685 0 0 0 0
-6.9651122 -3.1208351 1.9238234 22.075483 0 0 0 0
1.6434993 -3.1139374 1.8521967 52.284592 0 0 0 0
-6.6444817 -2.5719237 1.8429533 25.515625 0 0 0 0
-6.5796366 -2.4538774 1.8807379 41.5 0 0 0 0
2.0180836 -2.4423978 1.9286758 56.67741 0 0 0 0
-6.4691682 -2.2596018 1.8557953 42.845997 0 0 0 0
2.1716385 -2.1725993 1.8471904 55.00386 0 0 0 0
-6.3761792 -2.0883455 1.8653705 42.981926 0 0 0 0
-6.159049 -1.7085216 1.8206457 37.544243 0 0 0 0
2.4708574 -1.6614841 1.8276991 57.993366 0 0 0 0
-6.0016494 -1.4063094 1.9885484 49 0 0 0 0
-5.997262 -1.4011761 1.8632061 31.244791 0 0 0 0
2.5603251 -1.4993622 1.8061901 58.5 0 0 0 0
2.7343974 -1.2038591 1.8092241 36.37455 0 0 0 0
-5.8326564 -1.118873 1.831004 56.602943 0 0 0 0
2.7318149 -1.1959739 1.820829 35.632652 0 0 0 0
-5.5932422 -0.69940555 1.8605988 58.062103 0 0 0 0
2.9541616 -0.80370784 1.8001262 32.869564 0 0 0 0
-5.4661551 -0.48557299 1.8677254 73.410591 0 0 0 0
-5.2962303 -0.17342876 1.839587 66.860413 0 0 0 0
-5.0753994 0.22073083 1.9690653 67.991226 0 0 0 0
-4.7542381 0.77495676 1.8271732 60.599998 0 0 0 0
-4.5224185 1.1913877 1.9070643 55.833332 0 0 0 0
4.0269108 1.0446618 1.908704 33.5 0 0 0 0
-4.3969049 1.41311 1.8611085 57.619049 0 0 0 0
-4.2098718 1.7485216 1.9709791 46.838348 0 0 0 0
2.977735 1.9959216 2.0899658 2.9535713 0 0 0 0
-3.9453213 2.2333035 2.008245 0.33333334 0 0 0 0
-3.8839235 2.3167424 2.057699 6 0 0 0 0
-3.8051133 2.4793639 1.8800107 6 0 0 0 0
1.9319226 2.5337179 1.9805781 8.641654 0 0 0 0
-3.6099832 2.8158727 1.9560878 39.676266 0 0 0 0
-3.5920253 2.8634052 2.0567126 45.888889 0 0 0 0
-3.3792953 3.2215295 1.9096252 49.828819 0 0 0 0
0.73271793 3.2597828 2.02422 39.865776 0 0 0 0
-3.3354516 3.306844 1.8298376 42.369232 0 0 0 0
0.12618227 3.596458 1.8026273 45.1875 0 0 0 0
0.37006921 3.4692712 2.0967605 44.122459 0 0 0 0
-0.21897748 3.7901285 2.0507607 33.411041 0 0 0 0
0.12036392 3.6107521 2.0538666 43.56311 0 0 0 0
-0.80497557 4.128696 2.0490718 47.34375 0 0 0 0
-0.56937081 3.9800291 1.9452696 44.478504 0 0 0 0
-1.3227003 4.4204612 1.978514 44.206299 0 0 0 0
-1.1486614 4.3219552 1.8220543 43.98473 0 0 0 0
-1.5306934 4.5335541 1.8855919 20.677849 0 0 0 0
-1.4932095 4.5149894 1.8386514 34.25 0 0 0 0
15.91893 5.3019118 2.0094407 41.197914 0 0 0 0
15.96179 5.4480143 1.9808546 31.25 0 0 0 0
-4.8009286 -13.178097 2.1216054 1 0 0 0 0
-4.4371457 -13.197755 2.1654327 2 0 0 0 0
-2.7224746 -10.24144 2.259495 30.590748 0 0 0 0
-2.4816377 -10.24035 2.2261424 12.4 0 0 0 0
-2.384603 -10.20184 2.3591537 6.75 0 0 0 0
-3.1409934 -10.042669 2.2643018 26.173889 0 0 0 0
-2.3402643 -10.138624 2.2931256 9.583333 0 0 0 0
-3.6592557 -9.7314615 2.2701297 16.098959 0 0 0 0
-3.3745852 -9.8771181 2.3605251 40.271812 0 0 0 0
-2.1370366 -9.7900887 2.3334014 11.45 0 0 0 0
-2.0710168 -9.66224 2.3042231 11.53125 0 0 0 0
-1.9527597 -9.4624853 2.1763263 12.229166 0 0 0 0
-1.8156848 -9.2158203 2.2569685 12.916666 0 0 0 0
-1.7758037 -9.1362381 2.3443046 14.952084 0 0 0 0
-1.5905688 -8.8135767 2.2782097 12.723959 0 0 0 0
-1.5207736 -8.69345 2.2495518 15.541666 0 0 0 0
-1.4168065 -8.5272007 2.296948 16.202148 0 0 0 0
-1.2269037 -8.1803951 2.2573376 18.316927 0 0 0 0
-1.1868451 -8.1314716 2.2757244 17.875 0 0 0 0
-1.0803835 -7.9205089 2.2421951 19.796322 0 0 0 0
-0.98695868 -7.7511959 2.2424474 22.9625 0 0 0 0
-0.87360382 -7.5624828 2.2288973 23.346874 0 0 0 0
-0.72685373 -7.3001041 2.1925139 25.748915 0 0 0 0
-0.64909303 -7.154995 2.3458309 24.529266 0 0 0 0
-0.51002681 -6.9110384 2.1718478 28.25 0 0 0 0
-0.41202474 -6.7412968 2.264859 27.112997 0 0 0 0
-0.32228339 -6.5751204 2.2996061 27.333334 0 0 0 0
-0.20766109 -6.3849998 2.1136141 28 0 0 0 0
-6.3232641 -6.021399 2.3497155 7 0 0 0 0
-0.10924613 -6.2067242 2.2088413 31.291996 0 0 0 0
-6.3130608 -5.951489 2.3688562 26 0 0 0 0
-6.1663427 -5.7067151 2.3763936 28.466667 0 0 0 0
0.085107684 -5.8768625 2.2792292 29.702663 0 0 0 0
-6.0314302 -5.4590182 2.279912 29.506945 0 0 0 0
-5.9962091 -5.4040408 2.3231826 29 0 0 0 0
0.20699094 -5.6564217 2.3515353 28.011272 0 0 0 0
-5.9563437 -5.2704668 2.3428593 46.807293 0 0 0 0
0.42689973 -5.2671127 2.2531884 37.385063 0 0 0 0
-6.1980133 -4.8193645 2.306376 95.018112 0 0 0 0
-5.8760977 -5.0664873 2.2492208 76.177536 0 0 0 0
0.56415462 -5.0236635 2.2181761 44.827152 0 0 0 0
-6.6623421 -4.5606909 2.30303 92.050522 0 0 0 0
-6.2498436 -4.7911854 2.2522383 93.540924 0 0 0 0
0.75649226 -4.678391 2.2594573 41.336403 0 0 0 0
-7.2466211 -4.2239532 2.3203764 58.439934 0 0 0 0
-7.0224781 -4.3570457 2.2888918 80.891434 0 0 0 0
-6.8838954 -4.4380856 2.2120714 83.78125 0 0 0 0
0.97056961 -4.3003259 2.2741935 42.182541 0 0 0 0
-7.5688138 -4.1240182 2.2300718 0 0 0 0 0
-7.4880319 -4.0979385 2.319767 21 0 0 0 0
1.1071379 -4.0569782 2.2240088 47.159142 0 0 0 0
-7.2425184 -3.6278629 2.3077605 31.351402 0 0 0 0
1.3109182 -3.6944132 2.2279363 45.29071 0 0 0 0
-7.2114491 -3.563098 2.2625208 36.636978 0 0 0 0
-7.0995908 -3.3639984 2.3144321 31.720312 0 0 0 0
1.4927762 -3.3784952 2.2716277 40.053726 0 0 0 0
-7.0383921 -3.2668142 2.243751 25.011654 0 0 0 0
1.6407287 -3.1151197 2.2315466 43.15337 0 0 0 0
-6.7207174 -2.7070444 2.3147247 14.333333 0 0 0 0
1.8697674 -2.7137494 2.1397729 42.586769 0 0 0 0
-6.6383924 -2.5527697 2.2103958 25.824085 0 0 0 0
-6.5653114 -2.4370089 2.2769403 42.174999 0 0 0 0
1.985498 -2.5086689 2.2057817 42.886147 0 0 0 0
-6.4308076 -2.1894486 2.2335472 42.673733 0 0 0 0
2.1691113 -2.1863306 2.2081728 43.985409 0 0 0 0
-6.3725128 -2.084125 2.3494787 45.062965 0 0 0 0
-6.1445284 -1.6860478 2.2869537 40.385906 0 0 0 0
2.4839513 -1.6349173 2.2307661 44.531128 0 0 0 0
-6.0012336 -1.4158036 2.2261093 42 0 0 0 0
-5.9961386 -1.4259505 2.3244138 42.418831 0 0 0 0
2.5618706 -1.4967408 2.2174592 46.18951 0 0 0 0
2.7314501 -1.2083882 2.2069128 35.557831 0 0 0 0
-5.8254042 -1.1131449 2.2526059 47.798454 0 0 0 0
2.7397382 -1.1935153 2.2040968 35.351368 0 0 0 0
-5.5928812 -0.70641249 2.278687 47.284351 0 0 0 0
2.9531243 -0.8197068 2.1879313 34.165092 0 0 0 0
-5.4576445 -0.46142352 2.249521 58.578125 0 0 0 0
3.0956364 -0.57184958 2.1772816 35.166462 0 0 0 0
-5.3148088 -0.20831151 2.2252507 58.812317 0 0 0 0
3.295033 -0.22517778 2.2188878 35.776333 0 0 0 0
3.3051839 -0.20978358 2.1865439 35.598923 0 0 0 0
-5.0669394 0.23475794 2.2093403 66.442284 0 0 0 0
3.4925792 0.11683139 2.1807089 36.222336 0 0 0 0
-4.9296212 0.47473764 2.1895404 63.148712 0 0 0 0
3.6328006 0.36093411 2.177937 36.340988 0 0 0 0
-4.7457895 0.79698396 2.2340193 57.166 0 0 0 0
3.8784776 0.79062212 2.1880879 31.766117 0 0 0 0
3.9008274 0.83679795 2.1201003 32.214287 0 0 0 0
-4.5357332 1.1673183 2.235631 58.123817 0 0 0 0
4.029789 1.051888 2.1888487 29 0 0 0 0
-4.390377 1.4232516 2.200902 58.574142 0 0 0 0
4.1140718 1.2774541 2.1771173 16.016108 0 0 0 0
-4.2144136 1.7368405 2.2313309 48.854744 0 0 0 0
3.7494326 1.7628429 2.3711429 13.900581 0 0 0 0
4.074687 1.7196605 2.3803425 2 0 0 0 0
4.7275686 1.6812493 2.3988259 1 0 0 0 0
4.933444 1.7727726 2.3873994 2 0 0 0 0
5.3020835 1.7850472 2.3892198 0 0 0 0 0
2.9783573 1.9984031 2.1631165 2.98001 0 0 0 0
3.2563343 1.9449089 2.3003283 14.678909 0 0 0 0
3.3367152 1.9099808 2.2856975 10.538074 0 0 0 0
3.7155175 1.8028629 2.3462102 9.9750004 0 0 0 0
4.0997891 1.9582982 2.3918209 1 0 0 0 0
4.2412338 1.8785028 2.3981299 6.6875 0 0 0 0
4.7095852 1.8640442 2.3933504 2.75 0 0 0 0
4.8212214 1.8881015 2.3906274 3.125 0 0 0 0
5.2794123 1.9358311 2.3909054 3.4228516 0 0 0 0
5.4156914 1.9769168 2.3874807 0 0 0 0 0
-3.9791064 2.1702194 2.1782475 13.482959 0 0 0 0
-3.8876104 2.3185534 2.2231321 15.110864 0 0 0 0
2.5804405 2.3110867 2.2096243 6.090909 0 0 0 0
2.7461419 2.2769346 2.3087201 11.310743 0 0 0 0
3.2229567 2.2593255 2.3890595 10.694901 0 0 0 0
3.3961754 2.2997532 2.3976264 5.5 0 0 0 0
3.7985406 2.2633762 2.3959179 11.203125 0 0 0 0
4.1322165 2.2807977 2.3937554 10.174479 0 0 0 0
4.2367072 2.2407784 2.3973985 11.041666 0 0 0 0
4.7410493 2.1081769 2.3824668 1 0 0 0 0
5.0387392 2.3288703 2.3893118 4.5 0 0 0 0
5.2666206 2.2769289 2.3885305 2.625 0 0 0 0
5.4999161 2.1709623 2.3798447 0.5 0 0 0 0
-3.8313086 2.4271426 2.2733252 3.9985118 0 0 0 0
1.7951748 2.6881974 2.1220596 4.3000002 0 0 0 0
1.9426444 2.54388 2.1729302 7.7962866 0 0 0 0
2.2143304 2.5598619 2.3307564 19.641256 0 0 0 0
2.4645371 2.6368723 2.3913703 9.291667 0 0 0 0
2.8204298 2.6400876 2.3892319 5 0 0 0 0
3.1925702 2.5946021 2.3845239 8.875 0 0 0 0
3.5270712 2.5881085 2.385057 7 0 0 0 0
3.621592 2.4752388 2.3950572 12.125 0 0 0 0
4.0317593 2.4918699 2.385031 9.25 0 0 0 0
4.3427854 2.5190425 2.3868022 7.40625 0 0 0 0
4.6029654 2.6673768 2.3877029 6.75 0 0 0 0
4.9537563 2.5820556 2.3879995 1 0 0 0 0
5.6880479 2.528255 2.3737621 2.5 0 0 0 0
5.7453928 2.6336606 2.3767524 2.125 0 0 0 0
-3.6071572 2.8230286 2.1670094 45.368587 0 0 0 0
-3.5905645 2.8460808 2.2489643 51.201538 0 0 0 0
1.3793733 2.9629035 2.1997004 7.7709136 0 0 0 0
1.7874037 2.7623436 2.2658134 11.659859 0 0 0 0
1.8193355 2.7466669 2.220252 9.6091318 0 0 0 0
2.1573415 2.7214284 2.3876519 22.347221 0 0 0 0
2.6560693 2.8370256 2.3874054 2.9166665 0 0 0 0
2.9364181 2.8622985 2.3836422 4.6405554 0 0 0 0
3.1984739 2.7840247 2.3808689 7.8811197 0 0 0 0
3.3506484 2.7977486 2.3862944 9.5286465 0 0 0 0
3.7255712 2.8035498 2.3774436 8.0869141 0 0 0 0
3.9441862 2.8916686 2.3921826 8.4921875 0 0 0 0
4.3440971 2.7238965 2.3880682 5.6875 0 0 0 0
4.5310125 2.7850809 2.3916678 8 0 0 0 0
4.8057423 2.841929 2.3739381 4.5 0 0 0 0
5.2079377 2.8558085 2.3852711 3.6666667 0 0 0 0
5.5757551 2.8440151 2.3800924 3.125 0 0 0 0
5.8205638 2.7701104 2.3775458 2.8125 0 0 0 0
-3.3780804 3.2219739 2.2641182 51.652649 0 0 0 0
0.75839192 3.2470312 2.1893706 37.835129 0 0 0 0
1.1525666 3.1669083 2.2516251 6.8027849 0 0 0 0
1.2376201 3.1914897 2.3525138 11.37218 0 0 0 0
1.6091411 3.1037216 2.364861 6.75 0 0 0 0
1.8843274 3.2158279 2.3846827 1.5 0 0 0 0
2.2806501 3.2017872 2.3909597 5.9664059 0 0 0 0
2.4232833 3.1554909 2.3833199 3 0 0 0 0
2.8074117 3.2479525 2.3831882 8.864584 0 0 0 0
3.215703 3.1972203 2.3705554 5.5749998 0 0 0 0
3.4580624 3.1968908 2.379236 8.3632812 0 0 0 0
3.7085786 3.1400065 2.3849592 9.75 0 0 0 0
3.998436 3.0784929 2.3878958 7.375 0 0 0 0
4.4249067 3.2394891 2.3666844 1 0 0 0 0
4.6185017 3.1931143 2.3845081 1 0 0 0 0
4.9908352 3.1669698 2.3768489 6 0 0 0 0
5.322608 3.2370734 2.3910666 7.4166665 0 0 0 0
5.4548016 3.0997939 2.3908601 2.8333335 0 0 0 0
5.9268436 3.1813061 2.3787267 2.5 0 0 0 0
6.0899544 3.2475266 2.3468819 3.0625 0 0 0 0
0.36621553 3.4700019 2.1983805 43.163498 0 0 0 0
1.2914 3.5697963 2.392735 8 0 0 0 0
1.712172 3.4205837 2.385859 6.5 0 0 0 0
1.8986118 3.4689813 2.3852086 6.6510415 0 0 0 0
2.3162179 3.3914895 2.3899848 5.0166664 0 0 0 0
2.467473 3.4780936 2.3870196 1.9101562 0 0 0 0
2.9355617 3.3539426 2.3896923 7.7333336 0 0 0 0
3.1957269 3.3857512 2.3829422 6.6782408 0 0 0 0
3.4751823 3.3751137 2.3754132 0 0 0 0 0
4.0922327 3.4368107 2.3872657 7.3125 0 0 0 0
4.3392773 3.4609318 2.3709083 4 0 0 0 0
4.6860447 3.4164462 2.3717246 6.6875 0 0 0 0
4.9216194 3.3840089 2.379914 0 0 0 0 0
5.5504708 3.4491906 2.3691406 3.4375 0 0 0 0
5.8965149 3.4863949 2.3274503 5.2936201 0 0 0 0
6.1739445 3.4077978 2.2944055 3.3219838 0 0 0 0
-3.1488671 3.639596 2.3175476 14.451104 0 0 0 0
-0.19006337 3.7775662 2.2005601 33.39193 0 0 0 0
0.12079526 3.6068456 2.1642466 43.026997 0 0 0 0
1.1982138 3.6173186 2.3794308 10 0 0 0 0
1.3993137 3.7749839 2.3917506 9.609375 0 0 0 0
1.7303905 3.7856729 2.381803 6.479167 0 0 0 0
1.9361525 3.8046818 2.3879666 1.4375 0 0 0 0
2.2139852 3.8033047 2.3864393 4.8346357 0 0 0 0
2.6355402 3.8236201 2.379859 5.6401367 0 0 0 0
2.8521926 3.6972928 2.3868065 2.9270833 0 0 0 0
3.0726957 3.6698089 2.3896232 2 0 0 0 0
3.4043827 3.8523092 2.3842304 2.625 0 0 0 0
3.8310037 3.6962295 2.377105 5.0214844 0 0 0 0
4.0008998 3.7949367 2.3748875 4.4484377 0 0 0 0
4.3337049 3.8265972 2.3691034 7.2597413 0 0 0 0
4.6363993 3.8120337 2.3605928 2.9716797 0 0 0 0
4.9299254 3.8261116 2.362062 3.46875 0 0 0 0
5.1939721 3.7704268 2.3666847 7.375 0 0 0 0
5.5650921 3.8374605 2.3870115 7.5 0 0 0 0
5.9134355 3.8047161 2.2499404 10.07382 0 0 0 0
6.1791573 3.7088082 2.300293 6.509676 0 0 0 0
6.3316627 3.6701236 2.3781238 2 0 0 0 0
-0.7642591 4.1060715 2.2617946 44.275761 0 0 0 0
-0.5615952 3.9842863 2.2417288 45.216358 0 0 0 0
1.4720016 3.9362826 2.3883367 7.5 0 0 0 0
1.6498902 4.1185656 2.375855 7 0 0 0 0
1.9082241 4.0298014 2.3835073 8.78125 0 0 0 0
2.2706466 4.0755939 2.3847871 4.3567705 0 0 0 0
2.4318321 3.9612393 2.3919849 1 0 0 0 0
2.8881617 4.1838102 2.3825994 3 0 0 0 0
3.2372227 4.0912266 2.3888445 1.375 0 0 0 0
3.3752506 3.9785633 2.3722134 10.202344 0 0 0 0
3.8267705 4.0730443 2.3589468 5.9375 0 0 0 0
4.0974545 4.0434361 2.3657486 2.875 0 0 0 0
4.3065825 4.1411905 2.3645151 2 0 0 0 0
4.6783905 4.1253357 2.3730471 3.5 0 0 0 0
4.9688687 3.9720452 2.3722739 5.125 0 0 0 0
5.1747122 4.0660639 2.3567019 2.6875 0 0 0 0
5.4685278 3.9800601 2.376215 9.375 0 0 0 0
5.8711443 4.0726995 2.3159447 8.84375 0 0 0 0
-1.2166494 4.3600464 2.1846609 38.613136 0 0 0 0
-1.1671274 4.335434 2.2374291 39.883728 0 0 0 0
1.4766276 4.3131752 2.3695197 3.25 0 0 0 0
1.6333807 4.2715731 2.3835962 6.2472734 0 0 0 0
1.8065888 4.3355489 2.3806217 8 0 0 0 0
2.2641253 4.2664986 2.395395 2 0 0 0 0
2.5236654 4.4214621 2.3886991 6.953125 0 0 0 0
2.7889385 4.2880955 2.3886178 2.9810276 0 0 0 0
3.2051799 4.4413123 2.3824048 4.609375 0 0 0 0
3.4950981 4.2658644 2.3793027 8.802083 0 0 0 0
3.7511744 4.3457117 2.3697672 9.8440208 0 0 0 0
4.1462173 4.2542439 2.3492143 5.5 0 0 0 0
4.4111986 4.346467 2.3682508 8.6585941 0 0 0 0
4.7701077 4.2514429 2.369381 6 0 0 0 0
4.9708071 4.3432102 2.3766646 7.375 0 0 0 0
5.3140697 4.4053335 2.3632207 4.208333 0 0 0 0
5.5132818 4.3408756 2.3499861 2 0 0 0 0
5.9092016 4.2901917 2.3662026 8.1099539 0 0 0 0
-1.8990915 4.7632408 2.3327641 11.625 0 0 0 0
-1.5563265 4.5454297 2.2684467 13.525986 0 0 0 0
-1.4824159 4.5110011 2.3398781 28.5 0 0 0 0
1.3675143 4.5581784 2.3989534 1 0 0 0 0
2.0154371 4.68717 2.3729844 3.0125 0 0 0 0
2.2668629 4.7217894 2.3848803 2.8203125 0 0 0 0
2.5426369 4.6115594 2.3810556 2.75 0 0 0 0
2.9216108 4.7197685 2.3736353 6.3000002 0 0 0 0
3.1481757 4.7667255 2.3857336 2.4620535 0 0 0 0
3.3509707 4.6508374 2.3774869 9.25 0 0 0 0
3.7530179 4.6921711 2.3871727 2.4625001 0 0 0 0
4.0341082 4.6706042 2.3609149 1.84375 0 0 0 0
4.3631773 4.6303473 2.3612339 3.8333335 0 0 0 0
4.6632681 4.5746117 2.3554645 4 0 0 0 0
4.9112644 4.5941191 2.3558998 4.1875 0 0 0 0
5.2998195 4.6546164 2.366405 1.608073 0 0 0 0
5.5048275 4.5833945 2.3559647 1.25 0 0 0 0
-2.1134229 4.8806353 2.2617574 13 0 0 0 0
-2.0549462 4.8411007 2.2238002 13.859592 0 0 0 0
1.732962 4.9301662 2.3759091 2.46875 0 0 0 0
1.872988 4.8896852 2.3923149 4.3988218 0 0 0 0
2.1858239 5.0149336 2.375077 2.8499999 0 0 0 0
2.5079918 5.0421243 2.3904734 0 0 0 0 0
2.8171792 4.9344177 2.378612 2.6626115 0 0 0 0
3.1177266 4.9154797 2.3731704 6.6892362 0 0 0 0
3.4478636 4.9160447 2.3813801 2.3928571 0 0 0 0
3.8446918 4.8291531 2.3593822 7 0 0 0 0
4.1043458 4.9998722 2.3662539 3.84375 0 0 0 0
4.2786074 4.8348322 2.377758 4.0625 0 0 0 0
4.6925149 4.829226 2.3575926 3 0 0 0 0
4.8428168 4.9047084 2.350286 1.5 0 0 0 0
1.7415067 5.1552544 2.3686218 1 0 0 0 0
2.0294285 5.249753 2.3884039 2.796875 0 0 0 0
2.2130976 5.2563801 2.3773236 1.2874687 0 0 0 0
2.5966401 5.1971569 2.3847914 2.0833333 0 0 0 0
2.8447447 5.2556324 2.3685675 2.3541667 0 0 0 0
3.1595783 5.2715707 2.386919 0.64999998 0 0 0 0
3.3886733 5.1843352 2.3652253 3.25 0 0 0 0
3.6688254 5.2307043 2.3764262 2.125 0 0 0 0
4.0167899 5.1475372 2.3481982 5 0 0 0 0
4.2846279 5.2125692 2.3650994 1.4583334 0 0 0 0
15.927345 5.2334228 2.2005816 35.375 0 0 0 0
1.9246035 5.4494019 2.3854413 1.7 0 0 0 0
2.2504578 5.6631131 2.3734989 1.5 0 0 0 0
2.495245 5.5598011 2.3614297 1 0 0 0 0
2.8598161 5.5706148 2.3760798 0.91071427 0 0 0 0
3.1593816 5.4518185 2.3605437 1 0 0 0 0
3.4014225 5.4722252 2.37113 1.875 0 0 0 0
3.6561248 5.4935808 2.3683767 1.625 0 0 0 0
15.984659 5.5325727 2.2837725 20.5 0 0 0 0
2.0058954 5.8684092 2.3812919 1.703125 0 0 0 0
2.2622738 5.8843932 2.3627112 0.99107146 0 0 0 0
2.4766712 5.7773805 2.3815336 1 0 0 0 0
2.964314 5.8480277 2.374233 1.5159039 0 0 0 0
3.4007978 5.7617459 2.3762026 0.75 0 0 0 0
2.0663853 6.0954413 2.3710101 1 0 0 0 0
2.2622137 6.1706505 2.3746176 0.62053573 0 0 0 0
2.6059248 6.2439547 2.3699784 0.5 0 0 0 0
2.2402401 6.3645487 2.3848193 1 0 0 0 0
2.4307613 6.3271475 2.3858721 0.66666669 0 0 0 0
-3.9633207 -13.846391 2.5143437 3 0 0 0 0
-4.6517415 -13.529949 2.5973549 2.3333333 0 0 0 0
-4.1463981 -13.648108 2.5253904 1.6666666 0 0 0 0
-4.8282566 -13.313149 2.468992 2 0 0 0 0
-4.5458493 -13.499362 2.4856932 1 0 0 0 0
-2.7409341 -10.225664 2.4680264 37.415184 0 0 0 0
-2.4510086 -10.26951 2.5878258 11.4375 0 0 0 0
-3.3052619 -9.9052658 2.5682635 43.666668 0 0 0 0
-3.1254849 -10.007803 2.4645348 43.867466 0 0 0 0
-2.8013775 -10.194612 2.5119143 50.5 0 0 0 0
-2.313118 -10.097546 2.5229797 10.4375 0 0 0 0
-3.6459911 -9.7150726 2.5604186 32.25 0 0 0 0
-3.402163 -9.8571796 2.4794865 38.865616 0 0 0 0
-2.1419501 -9.7966728 2.4993906 11.75 0 0 0 0
-2.089505 -9.691576 2.6242971 10 0 0 0 0
-4.3096657 -9.3534489 2.5877385 7.8263888 0 0 0 0
-4.1293926 -9.470664 2.6377082 2.6979165 0 0 0 0
-1.9547005 -9.4741344 2.4718204 12.291666 0 0 0 0
-1.8442762 -9.2636471 2.5566411 16.125 0 0 0 0
-1.7369215 -9.0785618 2.4542408 12.85625 0 0 0 0
-1.5806496 -8.7923183 2.5140886 15.25 0 0 0 0
-1.5180407 -8.6800785 2.4363477 15.260417 0 0 0 0
-1.4011266 -8.482296 2.5994682 16.984375 0 0 0 0
-1.2833056 -8.2701778 2.4746857 19.559607 0 0 0 0
-1.0412067 -7.8706484 2.5116205 22.270834 0 0 0 0
-0.95830792 -7.7326393 2.6149054 21.670139 0 0 0 0
-0.85767329 -7.548203 2.5609999 21.0625 0 0 0 0
-0.78507793 -7.4035292 2.4709842 21.125 0 0 0 0
-0.65237576 -7.1709585 2.5402296 21.791668 0 0 0 0
-0.53421581 -6.9622469 2.5520196 23.104168 0 0 0 0
-6.6579337 -6.6599741 2.6536331 2.5 0 0 0 0
-0.43204737 -6.7765136 2.4358568 23.141726 0 0 0 0
-6.6129475 -6.5224366 2.5688045 6 0 0 0 0
-6.5384507 -6.4046779 2.5461385 14.541667 0 0 0 0
-0.32722491 -6.5932693 2.4218824 23.200001 0 0 0 0
-0.19716328 -6.3518085 2.5797789 24.75 0 0 0 0
-6.4086642 -6.1460023 2.567086 24.27199 0 0 0 0
-0.07222487 -6.1471863 2.4868164 23.129166 0 0 0 0
-6.331295 -5.9854927 2.5463324 29.25 0 0 0 0
-6.2462392 -5.8285689 2.5675058 28 0 0 0 0
0.097617678 -5.8458672 2.5811255 23.373367 0 0 0 0
-6.110465 -5.5849638 2.4778938 29.140625 0 0 0 0
-5.9999514 -5.4150281 2.4266548 27.5 0 0 0 0
0.20740989 -5.6501446 2.4952466 24.10486 0 0 0 0
-5.923892 -5.1953168 2.5156574 56.065277 0 0 0 0
0.40303904 -5.2451406 2.651854 28.097271 0 0 0 0
-6.2065144 -4.8110905 2.523705 91.942307 0 0 0 0
-5.8454399 -5.0363293 2.5042405 91.622391 0 0 0 0
0.5527401 -5.0380955 2.5851631 26.85677 0 0 0 0
0.60105616 -4.9574394 2.5489776 26 0 0 0 0
-6.6792169 -4.5458307 2.5788105 86.947578 0 0 0 0
-6.2394762 -4.784173 2.6234021 85.923615 0 0 0 0
0.78708732 -4.6221428 2.4913146 27.460827 0 0 0 0
-7.2442627 -4.2282157 2.5615673 65.395828 0 0 0 0
-6.9208083 -4.412941 2.5171902 85.5 0 0 0 0
-6.8933296 -4.4223242 2.5361867 89.75 0 0 0 0
0.89355248 -4.2351427 2.6543646 23.75 0 0 0 0
0.96491683 -4.304225 2.4588952 27.833332 0 0 0 0
-7.5285277 -4.0573969 2.5794737 7.0625 0 0 0 0
-7.3761492 -4.1283989 2.6650856 43.28125 0 0 0 0
1.101782 -4.0604239 2.61533 24.5182 0 0 0 0
-7.2403984 -3.6319222 2.6593432 29.412498 0 0 0 0
1.2831886 -3.7321129 2.6550207 28.285786 0 0 0 0
-7.2148566 -3.5803759 2.6960821 34.708332 0 0 0 0
-7.0941086 -3.3545823 2.595448 33.5 0 0 0 0
1.3732997 -3.5910287 2.412739 34.101105 0 0 0 0
-6.9559069 -3.1172361 2.5549078 34.797852 0 0 0 0
1.6330639 -3.1188507 2.6526711 28.64706 0 0 0 0
-6.6255159 -2.529614 2.5501909 29.052517 0 0 0 0
-6.5970025 -2.4915509 2.4147892 36.5 0 0 0 0
2.0248585 -2.462368 2.586962 30.246841 0 0 0 0
-6.4586682 -2.2266188 2.6432941 41.239811 0 0 0 0
2.1688747 -2.1628428 2.694427 26.899139 0 0 0 0
-6.3635969 -2.06915 2.6533031 44.642857 0 0 0 0
-6.183805 -1.7480998 2.6750865 39.132149 0 0 0 0
2.5648336 -1.5096912 2.689373 25.812162 0 0 0 0
-6.0050035 -1.4353899 2.5314307 50.729164 0 0 0 0
-5.9904413 -1.4004664 2.6397882 40.439453 0 0 0 0
2.5683966 -1.495204 2.6907129 27.925053 0 0 0 0
-5.8227654 -1.1103321 2.4437382 53.625 0 0 0 0
2.7147083 -1.1720265 2.6937277 23.453489 0 0 0 0
-5.6004972 -0.70450598 2.6842084 51.254532 0 0 0 0
-5.4547491 -0.45439154 2.4117067 30 0 0 0 0
3.0907545 -0.57646072 2.6624389 28.827099 0 0 0 0
-5.3274813 -0.20986001 2.6404371 63.033653 0 0 0 0
3.2635317 -0.17749274 2.6999593 29.278688 0 0 0 0
-5.1091528 0.17931539 2.5714271 65.666672 0 0 0 0
-5.0775065 0.22259189 2.6500134 61.598656 0 0 0 0
3.6348343 0.37499663 2.6656651 29.593422 0 0 0 0
-4.7273998 0.80780625 2.6894128 51.761414 0 0 0 0
3.8148198 0.81318206 2.696732 24.117035 0 0 0 0
-4.5409884 1.1706631 2.6776886 55.73011 0 0 0 0
4.0307384 1.0529765 2.5639167 24.25 0 0 0 0
-4.3096571 1.3965626 2.6821125 45.267105 0 0 0 0
4.1345749 1.3143272 2.6473072 19.013689 0 0 0 0
-4.2435465 1.6909516 2.631752 39.011528 0 0 0 0
3.7190742 1.7083225 2.6388407 23.910408 0 0 0 0
4.1190281 1.7271979 2.4486685 10 0 0 0 0
4.4088621 1.7925676 2.4067433 9 0 0 0 0
4.6643505 1.6485825 2.4594922 4.3571429 0 0 0 0
4.8413439 1.7769394 2.449029 6.8000002 0 0 0 0
3.2911329 1.8584151 2.6871159 29.832705 0 0 0 0
3.3181152 1.8696724 2.6737843 31.318329 0 0 0 0
4.0716348 1.9675027 2.4221365 9.567708 0 0 0 0
4.3856478 1.9126809 2.4345472 11.151703 0 0 0 0
4.7136683 1.832046 2.4359512 6.5819969 0 0 0 0
4.8572559 1.8402963 2.4433422 5.8933964 0 0 0 0
5.2061486 1.889861 2.4344282 5.8362422 0 0 0 0
-3.7636149 2.3317161 2.6186047 20.510418 0 0 0 0
2.2936611 2.3778014 2.6820917 45.385422 0 0 0 0
2.6885862 2.1824279 2.6634071 42.551357 0 0 0 0
2.7226171 2.1894345 2.618171 41.913216 0 0 0 0
3.228529 2.299376 2.4388762 5.96875 0 0 0 0
3.3889594 2.3306715 2.4343772 6.125 0 0 0 0
3.7636211 2.3447795 2.4402423 7.7538481 0 0 0 0
4.1125326 2.2144427 2.4586115 8.0625 0 0 0 0
4.3279128 2.3621593 2.4413323 9.651968 0 0 0 0
4.7092662 2.3260159 2.436861 11.214615 0 0 0 0
4.8229332 2.3035688 2.4294863 9.3522472 0 0 0 0
5.1745434 2.2820365 2.440964 4.5579834 0 0 0 0
5.552702 2.3152146 2.4289153 2.1875 0 0 0 0
-3.8021474 2.4375129 2.5553012 29.170284 0 0 0 0
2.0569797 2.5881891 2.4898939 31.416668 0 0 0 0
2.1129005 2.6064265 2.5229607 33.397312 0 0 0 0
2.6221719 2.6236477 2.4320145 2.75 0 0 0 0
2.8094199 2.6731892 2.4088523 8 0 0 0 0
3.2484434 2.555203 2.4423943 6.1041665 0 0 0 0
3.3436208 2.5218546 2.4683857 6.604167 0 0 0 0
3.7139192 2.584796 2.431848 10.6 0 0 0 0
4.3308182 2.6521549 2.4333248 8.2479172 0 0 0 0
4.6886868 2.6699803 2.4472551 6.0684524 0 0 0 0
4.8667793 2.6466298 2.4260831 9.25 0 0 0 0
5.7144523 2.6558557 2.4605567 3 0 0 0 0
-3.5757403 2.8758068 2.5588665 52.482136 0 0 0 0
1.7476205 2.7434196 2.6653998 31.7299 0 0 0 0
2.2139103 2.7441261 2.5092597 25.5 0 0 0 0
2.691633 2.9486902 2.4385746 2.6666667 0 0 0 0
2.8080068 2.7913082 2.4370925 3.1223958 0 0 0 0
3.2229609 2.7905755 2.4515481 5.3539529 0 0 0 0
3.4070406 2.8432555 2.4402647 8.3120174 0 0 0 0
3.8243709 2.8597293 2.4304452 6.900516 0 0 0 0
3.9610789 2.9728155 2.440079 8.5 0 0 0 0
4.3195696 2.7734137 2.4360039 8.8821068 0 0 0 0
4.6998792 2.796114 2.4376898 8.4625654 0 0 0 0
4.8189559 2.728797 2.428916 6.4107141 0 0 0 0
5.2196193 2.9287391 2.413537 6.6235456 0 0 0 0
5.6713285 2.8351722 2.4332654 3.748611 0 0 0 0
5.7646732 2.8921132 2.4162755 5.5254149 0 0 0 0
-3.3701427 3.2290423 2.5711861 46.170738 0 0 0 0
0.77143353 3.2372801 2.6322265 37.687393 0 0 0 0
1.1664572 3.1367056 2.5601158 28.239159 0 0 0 0
1.2799829 3.0820034 2.40415 25 0 0 0 0
2.2529807 3.1547303 2.4296126 0.96875 0 0 0 0
2.6171572 3.1163511 2.4122989 0.33333334 0 0 0 0
2.8880484 3.0861692 2.4141531 6.208333 0 0 0 0
3.1042984 3.1585398 2.4146204 7.3084822 0 0 0 0
3.3842361 3.1696787 2.4673183 7.6999998 0 0 0 0
3.7444434 3.2252181 2.4243214 7.1133165 0 0 0 0
4.1715751 3.0933714 2.4269891 3.5 0 0 0 0
4.6718373 3.2412295 2.4160185 8.083333 0 0 0 0
5.046351 3.1448414 2.4146886 4 0 0 0 0
5.293797 3.2315929 2.4138293 7.6697502 0 0 0 0
5.609015 3.2289526 2.415287 3.75 0 0 0 0
5.7724981 3.253108 2.4193072 3.7139387 0 0 0 0
6.0892777 3.2599697 2.4145281 2.3125 0 0 0 0
0.34651858 3.3977115 2.6490231 46.007416 0 0 0 0
1.2950872 3.5901673 2.4096146 8 0 0 0 0
1.7678301 3.3373241 2.4026973 1 0 0 0 0
1.9789662 3.3339581 2.4048142 1 0 0 0 0
2.2206759 3.4577889 2.4056656 4.125 0 0 0 0
2.4475808 3.4472163 2.4090333 1.75 0 0 0 0
2.8505478 3.3658071 2.410295 4.966146 0 0 0 0
3.2535353 3.349607 2.5196433 2.3947511 0 0 0 0
3.3381474 3.4059396 2.4680853 3.3732328 0 0 0 0
3.7106266 3.315145 2.4399445 7 0 0 0 0
4.0928068 3.4842172 2.4366841 4.75 0 0 0 0
4.3325348 3.3798885 2.4116576 7.4930992 0 0 0 0
4.7204504 3.3855405 2.4230413 8.518527 0 0 0 0
4.8787422 3.3678565 2.413763 7.735342 0 0 0 0
5.3503408 3.3844428 2.4093626 7 0 0 0 0
5.4648223 3.4310396 2.4069922 4 0 0 0 0
5.8534708 3.3148422 2.4069812 2.6666667 0 0 0 0
6.1568985 3.3924036 2.4228954 1 0 0 0 0
-3.1332798 3.7066851 2.4663405 5.7333984 0 0 0 0
-0.62155217 3.867691 2.654763 40.873161 0 0 0 0
-0.59039867 3.8685875 2.6755588 39.3125 0 0 0 0
-0.21674713 3.7722549 2.6672065 34.363949 0 0 0 0
0.11567222 3.612062 2.5962837 44.619686 0 0 0 0
1.3643161 3.7815256 2.5053253 2.967448 0 0 0 0
1.649688 3.7328272 2.446017 3.0434895 0 0 0 0
2.0816219 3.8271084 2.4161291 0 0 0 0 0
2.2616813 3.802361 2.4065714 0.875 0 0 0 0
2.6115215 3.6560588 2.4049563 0 0 0 0 0
2.7366638 3.7438707 2.4020994 1.8 0 0 0 0
3.1755586 3.6754332 2.4243488 0.75 0 0 0 0
3.3770561 3.8425627 2.5035169 1 0 0 0 0
3.8275561 3.807373 2.4171534 6.1513767 0 0 0 0
4.0284376 3.798748 2.495656 2.75 0 0 0 0
4.2916875 3.7515259 2.4188428 4.8279901 0 0 0 0
4.734911 3.7100151 2.443491 3.8756821 0 0 0 0
4.8292813 3.7945652 2.4412863 5.0565104 0 0 0 0
5.1937828 3.7497473 2.4182477 10.681396 0 0 0 0
5.5821409 3.7321777 2.4254739 3.5 0 0 0 0
-0.81590891 4.113102 2.6184599 40.742874 0 0 0 0
-0.58005059 3.9944453 2.5200326 45.717949 0 0 0 0
1.4058254 4.0511732 2.4521773 0.9375 0 0 0 0
1.6881075 4.083663 2.5215819 2.2916665 0 0 0 0
1.862537 4.00212 2.402153 1.5 0 0 0 0
2.3217497 3.9987526 2.4538798 0.70833337 0 0 0 0
2.5462673 3.99701 2.4063749 0 0 0 0 0
3.4184213 4.0926461 2.4119463 1.5 0 0 0 0
3.6946781 4.0600281 2.459964 2.5 0 0 0 0
4.022831 4.0538282 2.4244127 4.5 0 0 0 0
4.326612 3.9948206 2.4077168 5.5 0 0 0 0
4.7228351 4.1119075 2.4164782 5.25 0 0 0 0
5.0010796 4.0580921 2.4438028 5.25 0 0 0 0
5.2745461 3.932303 2.4237518 8.4375 0 0 0 0
5.6500378 3.9934826 2.4231112 12.296875 0 0 0 0
5.7323666 3.9528942 2.4138296 5.3333335 0 0 0 0
-1.5388541 4.4926796 2.6720061 7.5 0 0 0 0
-1.2273521 4.3424249 2.6113424 33.299011 0 0 0 0
-1.1927609 4.3288708 2.6652477 32.801338 0 0 0 0
1.4729843 4.225481 2.4340601 0.375 0 0 0 0
1.7450312 4.3021207 2.489634 3.5314865 0 0 0 0
2.0957899 4.2561502 2.4043489 0 0 0 0 0
2.8229795 4.397603 2.4615865 0.62857145 0 0 0 0
3.1085043 4.2594252 2.4118686 1 0 0 0 0
3.7637575 4.2891569 2.4121752 1.2020202 0 0 0 0
4.088438 4.2716327 2.4187536 2.34375 0 0 0 0
4.2706084 4.3086057 2.4121256 2.885282 0 0 0 0
4.7410431 4.300458 2.4144588 4.7403526 0 0 0 0
4.9844189 4.3705707 2.4285898 4.0875001 0 0 0 0
5.3032789 4.2741814 2.4199443 5.5011859 0 0 0 0
5.6830645 4.3053532 2.4263682 8.3125 0 0 0 0
5.7349091 4.3168669 2.4419632 6.0418153 0 0 0 0
-1.9567008 4.7805686 2.4440942 4 0 0 0 0
-1.5442742 4.5420513 2.5213084 11.589915 0 0 0 0
1.473323 4.6342096 2.4421065 0.5 0 0 0 0
1.7453321 4.5412478 2.5694141 0 0 0 0 0
1.8233004 4.7431126 2.41365 0.66666669 0 0 0 0
2.156291 4.7162547 2.4087334 1 0 0 0 0
2.6707067 4.5263886 2.4072506 1 0 0 0 0
2.7984037 4.7517996 2.4162896 0 0 0 0 0
3.746489 4.6432219 2.4201612 1.0535715 0 0 0 0
4.1220942 4.7187204 2.4262266 0.75 0 0 0 0
4.3130574 4.6946664 2.4167957 1.6666666 0 0 0 0
4.7201509 4.7025886 2.4720223 1.8888888 0 0 0 0
4.8547554 4.5952549 2.4010277 6 0 0 0 0
5.1891918 4.6648607 2.4350328 5.0135417 0 0 0 0
5.5325384 4.5491095 2.6829624 1 0 0 0 0
-2.1268375 4.8777447 2.4860048 10.083659 0 0 0 0
-2.0532494 4.8422298 2.5160689 6.1067705 0 0 0 0
1.7880782 4.93924 2.4093175 4.5 0 0 0 0
1.9966755 4.9049726 2.4137688 1.75 0 0 0 0
2.2282519 4.9128141 2.4106159 1 0 0 0 0
2.5664463 4.8956947 2.4091926 0.3125 0 0 0 0
3.2646823 4.8375406 2.4072516 0 0 0 0 0
3.8433547 4.8325276 2.4053719 1 0 0 0 0
4.1151071 4.8882098 2.4232349 1.1666667 0 0 0 0
4.3812866 4.8677802 2.4266021 1.9244791 0 0 0 0
4.6240549 5.0332909 2.564805 1.3733149 0 0 0 0
4.8521309 4.8400669 2.4702134 3.0138888 0 0 0 0
1.7817261 5.2510939 2.4092851 1 0 0 0 0
1.8718227 5.112196 2.4279644 1.5 0 0 0 0
2.256278 5.2275276 2.4043796 0.77777779 0 0 0 0
2.652848 5.288538 2.4131296 0.33333334 0 0 0 0
2.8162277 5.1894131 2.4030027 0.32142857 0 0 0 0
3.2966027 5.240881 2.4049108 0 0 0 0 0
3.5005984 5.2489491 2.4051595 0.5 0 0 0 0
3.8011427 5.3688502 2.5830505 0.40476191 0 0 0 0
4.3408208 5.2020493 2.5830014 1.4991047 0 0 0 0
15.88986 5.3000641 2.4803391 40 0 0 0 0
15.915085 5.2398043 2.5132816 42.5 0 0 0 0
1.9618846 5.5794282 2.4194055 0.36011904 0 0 0 0
2.2816627 5.5303774 2.4065619 0.63333333 0 0 0 0
2.9202657 5.6814094 2.4199564 0 0 0 0 0
3.1358624 5.5324593 2.4119353 0.25 0 0 0 0
3.4675164 5.64361 2.5823817 1.375 0 0 0 0
3.7104502 5.5233212 2.5506544 1.125 0 0 0 0
15.964912 5.4760251 2.5799246 25.125 0 0 0 0
2.0053246 5.8581257 2.417938 1.0833333 0 0 0 0
2.2866669 5.8610373 2.4081888 0.99553573 0 0 0 0
2.648083 5.9005089 2.4140282 1.75 0 0 0 0
2.8025384 5.8832717 2.4539237 0.83333337 0 0 0 0
3.0531681 5.8313646 2.5719461 0.75 0 0 0 0
2.3100448 6.2669725 2.4979947 1.2 0 0 0 0
2.5611572 6.2015858 2.5593729 0.58333337 0 0 0 0
2.7615414 6.0774422 2.494489 1 0 0 0 0
2.2519011 6.3595285 2.5548275 1.0833333 0 0 0 0
-4.3558784 -13.643764 2.7928061 2 0 0 0 0
-2.7282958 -10.210823 2.8074856 44.197933 0 0 0 0
-2.6216233 -10.252974 2.7807865 31.5625 0 0 0 0
-2.3778629 -10.211631 2.8122392 14.25 0 0 0 0
-3.117455 -10.005533 2.8106079 46.795708 0 0 0 0
-2.7661018 -9.9726677 2.9526687 57.291668 0 0 0 0
-2.6766133 -10.150894 2.9222102 51.004837 0 0 0 0
-2.3413396 -10.11306 2.8430514 23.172852 0 0 0 0
-3.6325853 -9.7429228 2.735146 34 0 0 0 0
-3.4546149 -9.800128 2.8141098 41.144672 0 0 0 0
-3.255857 -9.77668 2.93239 47.696877 0 0 0 0
-2.7624223 -9.7687283 2.9600782 58.1875 0 0 0 0
-2.1739643 -9.7617435 2.8442321 26.663673 0 0 0 0
-4.2441874 -9.3535614 2.8095241 27.069958 0 0 0 0
-4.0448647 -9.4818716 2.8313103 14.479654 0 0 0 0
-3.1264017 -9.4356585 2.9406176 43 0 0 0 0
-2.7359269 -9.4064808 2.9420066 57.333332 0 0 0 0
-2.6680021 -9.4638567 2.9512129 54 0 0 0 0
-2.2996635 -9.4274559 2.9368134 57.15625 0 0 0 0
-1.9885043 -9.5216961 2.7872086 15.75 0 0 0 0
-4.5185313 -9.2945156 2.777899 1 0 0 0 0
-4.2998848 -9.221139 2.8560317 24.791668 0 0 0 0
-4.0863729 -9.2113457 2.9324269 31.53125 0 0 0 0
-3.8200831 -9.1596041 2.9665806 10.03125 0 0 0 0
-3.1474237 -9.1587086 2.9455481 51.731804 0 0 0 0
-2.7221489 -9.2026882 2.9389985 58.25 0 0 0 0
-2.6780176 -9.1399174 2.9413874 57.163319 0 0 0 0
-2.2392421 -9.1875496 2.9400766 51.746681 0 0 0 0
-1.8768911 -9.201602 2.8564701 34.594929 0 0 0 0
-1.6904109 -9.0008278 2.7633896 16 0 0 0 0
-4.2461958 -8.8864536 2.9745004 11 0 0 0 0
-4.0377245 -8.8730659 2.9634783 36.125 0 0 0 0
-3.8432996 -8.8304882 2.9473364 11.844271 0 0 0 0
-3.1180477 -8.9437437 2.940599 54.666664 0 0 0 0
-2.8162603 -8.823307 2.9379137 50.684525 0 0 0 0
-2.6834571 -8.8876686 2.9244268 56 0 0 0 0
-2.2133908 -8.7882156 2.9305034 41.197918 0 0 0 0
-1.8266699 -8.8457432 2.9398155 43 0 0 0 0
-1.6449493 -8.770071 2.8089857 29.629168 0 0 0 0
-3.9944789 -8.4515829 2.9709859 4 0 0 0 0
-3.7734494 -8.5310917 2.9625096 7.09375 0 0 0 0
-3.1059031 -8.5831127 2.9355509 35.201561 0 0 0 0
-2.718133 -8.5844631 2.9227419 48.5 0 0 0 0
-2.619874 -8.5342751 2.9248486 38.755207 0 0 0 0
-2.225971 -8.5214424 2.9253445 42.49284 0 0 0 0
-2.0966129 -8.4780178 2.9224849 35 0 0 0 0
-1.7004253 -8.6588154 2.8852658 36.881081 0 0 0 0
-1.4368025 -8.5387087 2.8325329 19.773438 0 0 0 0
-3.9091775 -8.2754478 2.9921575 1 0 0 0 0
-3.7773547 -8.303997 2.9521384 3.5 0 0 0 0
-3.0795846 -8.2649002 2.935292 18.32552 0 0 0 0
-2.7573643 -8.3283749 2.9257188 38.942711 0 0 0 0
-2.6770153 -8.1947031 2.9222255 33.973213 0 0 0 0
-2.2132211 -8.1555014 2.9192891 37.373871 0 0 0 0
-1.7220924 -8.1802444 2.927515 39.807293 0 0 0 0
-1.2661047 -8.1751604 2.8244352 27.342323 0 0 0 0
-3.0535212 -7.9673233 2.9495602 5.5 0 0 0 0
-2.7378602 -7.92167 2.9230652 32.604168 0 0 0 0
-2.6396835 -8.020052 2.9183223 39.21875 0 0 0 0
-2.2242346 -7.9306803 2.9121037 41.583336 0 0 0 0
-2.0203567 -7.9550514 2.9034677 36 0 0 0 0
-1.705148 -8.0413437 2.9202781 41.5625 0 0 0 0
-1.3008955 -8.0098295 2.9116063 34.770832 0 0 0 0
-1.1290896 -7.9997549 2.7804875 27 0 0 0 0
-6.6733341 -7.6061258 2.9303298 19.666668 0 0 0 0
-6.4850726 -7.555397 2.9406791 2.5 0 0 0 0
-2.7428288 -7.7186918 2.9189353 25.191666 0 0 0 0
-2.6491449 -7.7009077 2.9169374 30.611979 0 0 0 0
-2.2376745 -7.7072821 2.9068007 37.650955 0 0 0 0
-1.8040643 -7.6794705 2.8984749 32.333332 0 0 0 0
-1.6792581 -7.6427374 2.9161439 40.580231 0 0 0 0
-1.2257488 -7.7266917 2.9249549 36.983334 0 0 0 0
-1.1048238 -7.7135105 2.8482099 33.029602 0 0 0 0
-0.86957943 -7.5612912 2.7719846 22.086458 0 0 0 0
-6.673739 -7.4046249 2.919385 33 0 0 0 0
-6.4844694 -7.3612804 2.9254041 16 0 0 0 0
-6.2790985 -7.2708964 2.9192438 3 0 0 0 0
-2.5487742 -7.300456 2.9169579 32.325523 0 0 0 0
-2.254849 -7.3439932 2.9078732 33.727798 0 0 0 0
-1.8519013 -7.3834877 2.8498189 22 0 0 0 0
-1.7267994 -7.2760487 2.8974595 33.620193 0 0 0 0
-1.2647417 -7.2409601 2.9120445 43.463455 0 0 0 0
-1.162612 -7.2406411 2.9226575 37.599998 0 0 0 0
-0.76679093 -7.3021145 2.8241007 23.885714 0 0 0 0
-6.506422 -7.1627903 2.9332213 24.5 0 0 0 0
-6.2007203 -7.1245842 2.9288645 15.5625 0 0 0 0
-2.5615003 -7.023932 2.9200544 24.729168 0 0 0 0
-2.2154727 -7.0624804 2.910871 30.136541 0 0 0 0
-1.8140991 -7.1168008 2.9435585 22 0 0 0 0
-1.6667413 -7.0448089 2.8952255 30.709637 0 0 0 0
-1.2538605 -7.1482592 2.918395 38.3125 0 0 0 0
-1.167393 -7.0923357 2.9174032 26.616667 0 0 0 0
-0.74999809 -7.1118784 2.8965864 33.502205 0 0 0 0
-0.53310245 -6.9156346 2.7650237 24.75 0 0 0 0
-6.6585808 -6.624507 2.7918839 3.96875 0 0 0 0
-6.0526071 -6.8630657 2.9114308 12.617188 0 0 0 0
-5.9350014 -6.6963348 2.9241977 10.9375 0 0 0 0
-2.5217881 -6.7596512 2.9220273 9.583334 0 0 0 0
-2.2078242 -6.6975842 2.9066596 25.497093 0 0 0 0
-1.8045746 -6.8386922 2.8916817 37.666668 0 0 0 0
-1.7137039 -6.6811547 2.9015317 34.656433 0 0 0 0
-1.2338686 -6.7134767 2.9058888 31.240208 0 0 0 0
-1.1748487 -6.7304587 2.9085088 39.519344 0 0 0 0
-0.72291607 -6.7190986 2.9113998 38.361111 0 0 0 0
-0.36742097 -6.6187916 2.8124602 27.183853 0 0 0 0
-6.6142068 -6.5321541 2.7951336 4.8499999 0 0 0 0
-6.5165844 -6.4018393 2.8388405 11.914062 0 0 0 0
-5.8925285 -6.5491753 2.9544795 1.4375 0 0 0 0
-2.4705586 -6.5260048 2.9290979 3 0 0 0 0
-2.1896188 -6.4487119 2.9140003 21.328993 0 0 0 0
-1.9761771 -6.46175 2.8928871 38.25 0 0 0 0
-1.6796112 -6.5102596 2.9144282 31.465279 0 0 0 0
-1.217751 -6.4078007 2.8996108 36.472221 0 0 0 0
-1.1521919 -6.5056314 2.9141059 22.5 0 0 0 0
-0.73165965 -6.4661236 2.9056654 30.717262 0 0 0 0
-0.35453659 -6.5823083 2.8406863 30.506275 0 0 0 0
-6.3715034 -6.1709023 2.8822131 25.623657 0 0 0 0
-6.2549257 -6.0651951 2.8640192 27.0625 0 0 0 0
-2.5959601 -6.0485377 2.9236372 1 0 0 0 0
-2.1645002 -6.2068567 2.9113724 23.861635 0 0 0 0
-2.0816693 -6.148488 2.9197958 22.3125 0 0 0 0
-1.6957132 -6.1931381 2.9029269 26.453625 0 0 0 0
-1.2283252 -6.2068052 2.9051492 36.886238 0 0 0 0
-1.1747785 -6.1664009 2.9006858 42.267857 0 0 0 0
-0.71841657 -6.212079 2.9028273 26.438866 0 0 0 0
-0.1372027 -6.1762161 2.7580714 27.992069 0 0 0 0
-6.315999 -5.9691749 2.7383127 28 0 0 0 0
-6.1139421 -5.7440958 2.866354 33.016495 0 0 0 0
-5.9406996 -5.8110218 2.904119 20.046875 0 0 0 0
-2.6101694 -5.8423042 2.8930435 7.625 0 0 0 0
-2.1781483 -5.7860241 2.9097853 21.383049 0 0 0 0
-1.9864705 -5.8802176 2.8999057 40.25 0 0 0 0
-1.7029972 -5.7342629 2.8935161 31.272068 0 0 0 0
-1.2355466 -5.7680025 2.898653 34.472221 0 0 0 0
-1.1761159 -5.7086501 2.9039822 34.57143 0 0 0 0
-0.73893785 -5.7400122 2.9019032 34.067299 0 0 0 0
-0.30869967 -5.9268661 2.8930421 25 0 0 0 0
-0.2261003 -5.7540359 2.9093924 31.80534 0 0 0 0
0.11934069 -5.8015146 2.7731345 22.250584 0 0 0 0
-6.0660696 -5.5462313 2.7455666 29.845556 0 0 0 0
-5.7693329 -5.6077185 2.8985815 23.521778 0 0 0 0
-5.5444808 -5.4855094 2.8846698 4.5 0 0 0 0
-2.5781555 -5.5898433 2.8871908 14.775717 0 0 0 0
-2.247541 -5.5971608 2.9030266 17.805803 0 0 0 0
-1.6969566 -5.6178575 2.9026284 25.918457 0 0 0 0
-1.3710513 -5.5375214 2.891655 47.403591 0 0 0 0
-1.1542215 -5.5621204 2.8991902 30.556486 0 0 0 0
-0.7251581 -5.5848703 2.8981655 29.507896 0 0 0 0
-0.58445948 -5.5153885 2.9223428 31.5 0 0 0 0
-0.22199811 -5.644383 2.9041309 32.024982 0 0 0 0
0.18491107 -5.5802574 2.8726096 32.607304 0 0 0 0
-5.7982426 -5.2219787 2.8386774 39.756554 0 0 0 0
-5.6630454 -5.1290426 2.8514998 38.5 0 0 0 0
-5.3496475 -5.1354437 2.8964925 22.793489 0 0 0 0
-2.4739494 -5.372632 2.893044 11.430556 0 0 0 0
-2.3062689 -5.2504749 2.8834004 11.118204 0 0 0 0
-1.8947663 -5.3186226 2.8967292 5.8333335 0 0 0 0
-1.6809173 -5.2044206 2.8915462 20.148449 0 0 0 0
-1.2395146 -5.2514954 2.9014945 32.572701 0 0 0 0
-0.73076797 -5.2497044 2.8958592 34.787945 0 0 0 0
-0.20816034 -5.2227206 2.8915091 25.118416 0 0 0 0
0.29248291 -5.1747684 2.8794887 31.02619 0 0 0 0
0.35394317 -5.1926656 2.8329616 29.306305 0 0 0 0
-6.181211 -4.8299017 2.7260566 85.25 0 0 0 0
-5.8398423 -5.043704 2.8011057 60.859375 0 0 0 0
-5.6710978 -5.0858641 2.8551667 42.214287 0 0 0 0
-5.1895337 -5.0190754 2.8995681 14.104167 0 0 0 0
-4.9323177 -4.880362 2.8719156 12 0 0 0 0
-2.2829378 -5.0626106 2.8942983 0 0 0 0 0
-1.6257368 -4.9969563 2.9018619 17.029631 0 0 0 0
-1.275813 -4.8309941 2.8942213 33.838234 0 0 0 0
-1.1621276 -5.0857534 2.8971081 31.494118 0 0 0 0
-0.75068587 -4.9673681 2.9281092 17.465712 0 0 0 0
-0.22435728 -4.9297686 2.8923705 17.823437 0 0 0 0
0.2679736 -4.9038467 2.8792448 43.669643 0 0 0 0
0.55894876 -4.9895144 2.7672718 22.988888 0 0 0 0
0.60839772 -5.0015965 2.7890646 14 0 0 0 0
-6.6264715 -4.5674267 2.7964644 71.137886 0 0 0 0
-6.5104351 -4.6212788 2.7553177 71.645836 0 0 0 0
-6.217041 -4.7037454 2.8536186 48.025703 0 0 0 0
-5.7633586 -4.7060871 2.8952763 33.403847 0 0 0 0
-5.5993681 -4.6244469 2.8907332 30.058407 0 0 0 0
-5.1854777 -4.6673274 2.8902402 31.231327 0 0 0 0
-4.8406324 -4.6036797 2.8921938 18.537437 0 0 0 0
-4.7437868 -4.6045151 2.885808 6.6312499 0 0 0 0
-1.6113291 -4.7017746 2.8869128 16.631063 0 0 0 0
-1.221391 -4.6746426 2.9038401 22.225428 0 0 0 0
-1.1299934 -4.5113268 2.9042952 40.284225 0 0 0 0
-0.70287383 -4.67208 2.8870308 34.1903 0 0 0 0
-0.20383894 -4.695158 2.8820796 34.867317 0 0 0 0
0.25960907 -4.6780643 2.879384 28.254974 0 0 0 0
0.30715197 -4.7205486 2.882525 34.832417 0 0 0 0
0.73081446 -4.6061172 2.83286 24.760534 0 0 0 0
-7.2558928 -4.2225237 2.7659454 53.149124 0 0 0 0
-7.1408329 -4.2397995 2.7882898 55.421066 0 0 0 0
-6.7833142 -4.2882833 2.8123341 51.642036 0 0 0 0
-6.3626523 -4.2449403 2.8808086 33.400002 0 0 0 0
-6.2206054 -4.2303648 2.88767 31.25 0 0 0 0
-5.7623954 -4.2285185 2.8922698 32.964584 0 0 0 0
-5.5336018 -4.3468723 2.8937135 29.416666 0 0 0 0
-5.3575373 -4.3337049 2.8851497 28.833334 0 0 0 0
-4.9313335 -4.3873267 2.8854113 28.166668 0 0 0 0
-4.751462 -4.2298422 2.8853064 23.705229 0 0 0 0
-4.0418835 -4.4817119 2.8776588 5.765625 0 0 0 0
-3.8502965 -4.2394428 2.8728504 7.447917 0 0 0 0
-1.5309594 -4.2705812 2.8884621 12.653646 0 0 0 0
-1.2518342 -4.3130398 2.8734713 24.645634 0 0 0 0
-1.1950004 -4.2235355 2.8992116 21 0 0 0 0
-0.73537952 -4.333931 2.8830035 28.516235 0 0 0 0
-0.21177313 -4.2964106 2.8537631 33.473583 0 0 0 0
0.26938307 -4.2354422 2.8597193 29.169571 0 0 0 0
0.30092928 -4.2949939 2.8717649 27.76 0 0 0 0
0.84384024 -4.2386341 2.8077641 27.572475 0 0 0 0
-7.5216694 -4.0461082 2.7924812 1.5 0 0 0 0
-7.3555765 -4.1335611 2.7823243 42.364586 0 0 0 0
-7.1095686 -4.1582546 2.7927802 50.5 0 0 0 0
-6.6727247 -4.14676 2.8541601 36.691841 0 0 0 0
-6.5349159 -4.1382322 2.8520479 34.333332 0 0 0 0
-6.1146479 -4.0807605 2.8782339 34.013359 0 0 0 0
-5.7833662 -4.1328611 2.8856673 30.301405 0 0 0 0
-5.5967312 -4.1242666 2.8863225 32.078125 0 0 0 0
-5.192698 -4.1742425 2.8903141 26.821882 0 0 0 0
-4.6938343 -4.1579018 2.8836474 24.299656 0 0 0 0
-4.3330603 -4.082974 2.8791401 18.772659 0 0 0 0
-4.1263194 -3.9651985 2.9096045 11.25 0 0 0 0
-3.7108641 -4.1175942 2.8675132 7.4595256 0 0 0 0
-3.5437043 -4.0311484 2.8461881 1.5 0 0 0 0
-1.5223815 -4.175374 2.8937507 10.5 0 0 0 0
-1.2633328 -4.0864878 2.9036665 17.709986 0 0 0 0
-1.0658659 -3.9947016 2.8695567 23.010044 0 0 0 0
-0.7332176 -4.0937748 2.8722031 30.115051 0 0 0 0
-0.44947776 -3.9383416 2.8854401 9 0 0 0 0
-0.19876641 -4.1120648 2.8563981 29.786381 0 0 0 0
0.26909292 -4.1325016 2.8564067 30.419178 0 0 0 0
0.32488808 -4.0385208 2.8592162 29.61198 0 0 0 0
0.85046375 -4.0414433 2.8194902 39.767761 0 0 0 0
1.0971067 -4.0712404 2.7485039 25.775112 0 0 0 0
-7.2330656 -3.6218271 2.7539015 33.875 0 0 0 0
-7.1438012 -3.6121712 2.812892 25.375 0 0 0 0
-6.7036734 -3.815937 2.878474 19.716146 0 0 0 0
-6.4066114 -3.7726951 2.8450546 18.354168 0 0 0 0
-6.1775842 -3.796802 2.864301 22.072151 0 0 0 0
-5.8433161 -3.7737741 2.8825111 28.91608 0 0 0 0
-5.656806 -3.7133045 2.8847179 23.946648 0 0 0 0
-5.2170944 -3.6995511 2.8843231 22.99929 0 0 0 0
-4.9160714 -3.7923405 2.8632483 21 0 0 0 0
-4.7000947 -3.6891828 2.8770754 23.667255 0 0 0 0
-4.2719426 -3.6972528 2.8754554 22.219986 0 0 0 0
-4.1709261 -3.6624312 2.8744781 19.939974 0 0 0 0
-3.8543768 -3.6255255 2.8766065 20.4 0 0 0 0
-1.2178226 -3.7675323 2.900383 17.116072 0 0 0 0
-1.1520667 -3.7189693 2.8731098 16.517353 0 0 0 0
-0.72540724 -3.6688061 2.8663254 32.277428 0 0 0 0
-0.22904925 -3.6421824 2.8532228 25.239601 0 0 0 0
0.23819733 -3.6607175 2.832571 32.193367 0 0 0 0
0.77951676 -3.7244477 2.8611469 24.939861 0 0 0 0
0.98258227 -3.8969636 2.881062 45.5 0 0 0 0
1.2720671 -3.6650319 2.7998271 27.21435 0 0 0 0
-7.2150335 -3.583792 2.7443964 34.416668 0 0 0 0
-7.0607204 -3.4343057 2.8424435 30.644386 0 0 0 0
-5.5541811 -3.5974863 2.8862276 4 0 0 0 0
-5.2683187 -3.3637438 2.8822107 19.5 0 0 0 0
-5.0985098 -3.4270694 2.8898284 3 0 0 0 0
-4.5371208 -3.4879649 2.8719869 23.25 0 0 0 0
-4.4099197 -3.3885064 2.8874433 20 0 0 0 0
-4.1498861 -3.5923753 2.8813367 16.142857 0 0 0 0
-3.8123906 -3.5197968 2.8590798 14.515919 0 0 0 0
-1.0875745 -3.3529601 2.8923383 25.650253 0 0 0 0
-0.77014697 -3.4985147 2.9314356 30.419956 0 0 0 0
-0.18006116 -3.5227127 2.8599362 27.324183 0 0 0 0
0.25611413 -3.52756 2.8469458 29.069319 0 0 0 0
0.38405329 -3.4589448 2.8664389 25 0 0 0 0
0.74491966 -3.5036271 2.8533657 20.014881 0 0 0 0
1.3371903 -3.4253283 2.8035176 24.903133 0 0 0 0
1.5398703 -3.4546418 2.9818106 1 0 0 0 0
-7.0355339 -3.2576091 2.7782893 29.319304 0 0 0 0
-6.7345872 -3.1266026 2.8738174 11.200798 0 0 0 0
-6.4101501 -3.053103 2.8689966 18.5 0 0 0 0
-5.2213163 -3.2327967 2.8851199 7.9416666 0 0 0 0
-5.0261197 -3.257863 2.8674471 3 0 0 0 0
-4.6730561 -3.2111096 2.8777938 17.774521 0 0 0 0
-4.2159166 -3.1923852 2.872663 19.729027 0 0 0 0
-4.1773157 -3.1759853 2.8744755 20.78315 0 0 0 0
-3.7270494 -3.1887302 2.8609977 17.624428 0 0 0 0
-3.3874397 -3.0613086 2.8539629 15.420883 0 0 0 0
-3.272378 -3.0621834 2.8597741 9.7416668 0 0 0 0
-1.060756 -3.2215772 2.8927236 36.407471 0 0 0 0
-0.69957268 -3.1596677 2.8482456 24.00111 0 0 0 0
-0.22331631 -3.1560154 2.8470449 24.139118 0 0 0 0
0.28494298 -3.1941125 2.8484752 25.970598 0 0 0 0
0.30786777 -3.1625361 2.8533103 23.942768 0 0 0 0
0.74971771 -3.1751637 2.8493586 23.188976 0 0 0 0
1.3073952 -3.1951103 2.8201795 27.157307 0 0 0 0
1.6524755 -3.08709 2.779644 23.493828 0 0 0 0
-6.6432424 -2.7229328 2.8235416 2.25 0 0 0 0
-6.361094 -2.9331861 2.8608799 22.109375 0 0 0 0
-6.2206931 -2.8133192 2.8571475 7.3125 0 0 0 0
-5.9404836 -2.7941952 2.8533695 1 0 0 0 0
-5.340435 -2.7783971 2.8672018 13.566406 0 0 0 0
-5.0007334 -2.7320881 2.890923 3.4166665 0 0 0 0
-4.6784019 -2.7569582 2.8743343 8.411459 0 0 0 0
-4.2328424 -2.8489857 2.865149 14.595053 0 0 0 0
-4.1640663 -2.7504761 2.8597658 13.121297 0 0 0 0
-3.7456064 -2.7364154 2.8499103 19.443483 0 0 0 0
-3.3688307 -2.9928467 2.8806047 22.666666 0 0 0 0
-3.2394435 -2.7065089 2.8340428 16.9 0 0 0 0
-0.99866366 -2.8024654 2.8785458 15.484375 0 0 0 0
-0.68138611 -2.7077906 2.8468237 24.176281 0 0 0 0
-0.20263657 -2.9824004 2.8504057 20.219185 0 0 0 0
0.26318377 -2.9968488 2.8547397 23.777779 0 0 0 0
0.72955817 -2.8977683 2.8441794 24.337198 0 0 0 0
1.2618511 -2.7074077 2.8460283 21.488144 0 0 0 0
1.8206084 -2.7067344 2.7948055 22.553572 0 0 0 0
-6.6482272 -2.5970693 2.7624292 9.8205729 0 0 0 0
-6.410264 -2.6074989 2.8636234 19.260418 0 0 0 0
-6.2540054 -2.5875087 2.8680701 5 0 0 0 0
-5.8209848 -2.6475422 2.8654723 6.7027998 0 0 0 0
-5.5180111 -2.5456848 2.8596563 5.3368053 0 0 0 0
-5.1705599 -2.6217074 2.8950844 10.95 0 0 0 0
-4.9342775 -2.6420903 2.8871169 23.625 0 0 0 0
-4.7088909 -2.5276961 2.8740823 14.578485 0 0 0 0
-4.4427848 -2.4233544 2.8517282 2 0 0 0 0
-4.0155306 -2.6090579 2.8765693 8.375 0 0 0 0
-3.68712 -2.6705422 2.8447285 16.093731 0 0 0 0
-3.1885746 -2.6551113 2.832376 17.749044 0 0 0 0
-2.8113718 -2.5607255 2.8487859 13.439251 0 0 0 0
-2.6869264 -2.4717648 2.8531795 16.5 0 0 0 0
-0.65516651 -2.6174057 2.8511796 30.218708 0 0 0 0
-0.3757523 -2.406621 2.8272352 28.96875 0 0 0 0
-0.21046375 -2.6509163 2.8527822 20.662689 0 0 0 0
0.28262794 -2.6350794 2.845202 21.167492 0 0 0 0
0.46680403 -2.4342504 2.8335233 20.3125 0 0 0 0
0.76471317 -2.6301837 2.8528748 23.134869 0 0 0 0
1.279489 -2.6196396 2.8423152 21.092041 0 0 0 0
1.7998446 -2.6495357 2.7833445 21.952381 0 0 0 0
1.8409185 -2.6567023 2.7591894 24.46524 0 0 0 0
-6.4620156 -2.25688 2.7571023 41.763439 0 0 0 0
-5.705308 -2.2214561 2.8757279 6.8000002 0 0 0 0
-5.6146817 -2.1898165 2.8620038 12.451389 0 0 0 0
-5.2552547 -2.1789968 2.8615043 11.095052 0 0 0 0
-4.5467548 -2.3904026 2.8727658 4.375 0 0 0 0
-4.2663045 -2.301342 2.8597383 5.6479168 0 0 0 0
-4.1152439 -2.2381492 2.8522429 13.452759 0 0 0 0
-3.655551 -2.234282 2.8482423 9.439374 0 0 0 0
-3.5687466 -2.2133598 2.8785729 13.057263 0 0 0 0
-3.1793687 -2.1726027 2.8299034 24.303198 0 0 0 0
-2.7433388 -2.1856108 2.8492136 16.104273 0 0 0 0
-2.6633067 -2.1841245 2.8611269 15.869281 0 0 0 0
-2.3846097 -2.1073422 2.8489161 18.330357 0 0 0 0
-0.70525551 -2.3556969 2.8260326 15.877296 0 0 0 0
-0.39631131 -2.3937716 2.8248544 31.943359 0 0 0 0
0.84813917 -2.3532922 2.844264 28.429985 0 0 0 0
1.2908587 -2.2651641 2.8379064 18.618011 0 0 0 0
1.7759792 -2.1848834 2.8477542 19.699417 0 0 0 0
1.8050754 -2.1472619 2.8474476 20.941177 0 0 0 0
2.1741288 -2.1549404 2.7201614 25.695215 0 0 0 0
-6.3614097 -2.0698218 2.7703209 33.333332 0 0 0 0
-5.7158623 -2.0942469 2.8681862 15.3 0 0 0 0
-5.516366 -2.0162256 2.8792219 11.797092 0 0 0 0
-5.2371578 -1.9876997 2.8762178 14.5 0 0 0 0
-3.5611587 -2.0747123 2.9992392 2 0 0 0 0
-3.1798995 -1.8156178 2.858777 18.385714 0 0 0 0
-2.3302507 -2.0812531 2.845624 13.888693 0 0 0 0
1.4298515 -1.8907585 2.8193076 17.768835 0 0 0 0
1.5122488 -1.8788869 2.8355663 9.5 0 0 0 0
1.8116562 -1.8106019 2.8309116 16.865963 0 0 0 0
-6.1316786 -1.6909313 2.737978 32.493465 0 0 0 0
-5.752625 -1.6930296 2.8628659 23.986942 0 0 0 0
-5.5731354 -1.5788705 2.8601093 35.227173 0 0 0 0
-5.2321453 -1.7000784 2.8390684 28.11348 0 0 0 0
-5.02318 -1.6436073 2.8319049 29.616667 0 0 0 0
-4.6498718 -1.5576594 2.8483396 17.364433 0 0 0 0
-4.331522 -1.5507942 2.8478305 7.0286379 0 0 0 0
-3.724736 -1.6446811 2.8251228 6.4114585 0 0 0 0
-3.1701465 -1.7561027 2.8771431 20.660053 0 0 0 0
-2.7541051 -1.7503774 2.8074071 19.089001 0 0 0 0
-2.6763 -1.7391906 2.8128309 16.541418 0 0 0 0
-2.2074947 -1.5796847 2.8332882 15.535332 0 0 0 0
-1.8202746 -1.5847447 2.8197985 11.792286 0 0 0 0
-1.7845421 -1.6066053 2.834106 14.346807 0 0 0 0
1.8300302 -1.7551225 2.836432 17.479822 0 0 0 0
2.3418612 -1.7239733 2.7588873 23.688831 0 0 0 0
2.5711074 -1.5037928 2.7225304 24.47398 0 0 0 0
-6.0066309 -1.4317694 2.8025544 59 0 0 0 0
-5.9882832 -1.3821864 2.7263532 35.3125 0 0 0 0
-5.5176024 -1.3000344 2.8212955 23.299999 0 0 0 0
-5.2247295 -1.2320857 2.8369803 20.21771 0 0 0 0
-4.803997 -1.2513705 2.8285716 22.75 0 0 0 0
-4.6884351 -1.3058287 2.8374062 21.556143 0 0 0 0
-4.283535 -1.2855239 2.8460293 13.457979 0 0 0 0
-4.1527033 -1.2269537 2.8390555 17.308334 0 0 0 0
-3.7550292 -1.2673559 2.8366258 9.2532473 0 0 0 0
-2.2164879 -1.2237482 2.8135316 14.878441 0 0 0 0
-1.8391013 -1.2422435 2.8153265 14.331818 0 0 0 0
1.9606506 -1.2830495 2.8584049 5.9211197 0 0 0 0
2.3199704 -1.2302811 2.8604283 8.8738785 0 0 0 0
2.6175392 -1.4723594 2.9290524 4.6169453 0 0 0 0
2.7413044 -1.2669442 2.9962935 0.020833334 0 0 0 0
-5.7942963 -1.1431581 2.7389326 36.141098 0 0 0 0
-5.6729221 -1.18029 2.7683458 33.321426 0 0 0 0
-5.2289433 -1.1340772 2.8517377 18.353376 0 0 0 0
-4.6637688 -1.1680806 2.8446035 18.078388 0 0 0 0
-4.2332163 -1.1641893 2.8442864 17.329937 0 0 0 0
-4.191134 -1.1681895 2.843986 15.350695 0 0 0 0
-3.6840549 -1.1608633 2.8278029 11.732258 0 0 0 0
-3.3737135 -1.1108162 2.8161018 11.467628 0 0 0 0
-3.2435198 -1.035305 2.8159826 12.149227 0 0 0 0
-2.7177558 -1.1590374 2.8190541 10.794218 0 0 0 0
-2.6713181 -1.1523073 2.8185554 12.218485 0 0 0 0
-2.2474675 -1.1950328 2.8139741 12.669415 0 0 0 0
2.286212 -1.195138 2.8420806 9.7038097 0 0 0 0
2.7718573 -1.1329603 2.7910256 16.054853 0 0 0 0
-5.4945145 -0.6710459 2.7912564 36.601593 0 0 0 0
-5.2345505 -0.66999924 2.8551579 23.333988 0 0 0 0
-4.803318 -0.70728558 2.829685 26.90909 0 0 0 0
-4.6529856 -0.64467156 2.83148 29.477293 0 0 0 0
-4.2247839 -0.66226387 2.8368464 18.161449 0 0 0 0
-4.1420803 -0.6684283 2.8362565 15.453732 0 0 0 0
-3.7299099 -0.69549513 2.8315806 14.148307 0 0 0 0
-3.2373238 -0.69621718 2.8268771 11.225279 0 0 0 0
-2.714983 -0.6884827 2.8152938 11.353477 0 0 0 0
-2.69594 -0.69461572 2.816288 10.934219 0 0 0 0
-2.2779794 -0.67758417 2.8148434 11.106687 0 0 0 0
2.3431063 -0.64841998 2.8110127 8.7811279 0 0 0 0
2.8372433 -0.72084856 2.7755771 16.457037 0 0 0 0
3.0838165 -0.74256152 2.991111 0.0069444445 0 0 0 0
-3.444129 -0.35046259 2.8545339 0 0 0 0 0
-3.1325715 -0.32917005 2.8192506 8.149394 0 0 0 0
2.328279 -0.59539688 2.8086522 11.75 0 0 0 0
3.0974271 -0.56458372 2.7143445 26.386602 0 0 0 0
-5.2796497 -0.20193863 2.7310114 54.231522 0 0 0 0
-4.7113943 -0.1879818 2.8492618 23.102478 0 0 0 0
-4.2238297 -0.19758046 2.8345351 19.998049 0 0 0 0
-4.1245117 -0.19349664 2.8359246 17.334812 0 0 0 0
-3.7336214 -0.20361902 2.822093 16.266148 0 0 0 0
-3.089541 -0.25893044 2.8221831 10.164299 0 0 0 0
-2.7271614 -0.19047055 2.8138609 10.601554 0 0 0 0
-2.3013034 -0.19959569 2.8068116 8.7203197 0 0 0 0
2.3674593 -0.20397985 2.7998004 20.260441 0 0 0 0
2.8003159 -0.19252136 2.8281484 16.788204 0 0 0 0
3.2519956 -0.18683986 2.7251115 27.968378 0 0 0 0
-5.064394 0.2252281 2.715874 56.812889 0 0 0 0
-4.2273607 0.287763 2.835068 18.545216 0 0 0 0
-4.145061 0.27693105 2.8415341 17.631281 0 0 0 0
-3.7613397 0.29586679 2.830893 14.551471 0 0 0 0
-2.7517118 0.28989395 2.8181291 10.745397 0 0 0 0
-2.3027377 0.29145199 2.8161955 8.6819668 0 0 0 0
2.3538139 0.29818526 2.8204818 18.450001 0 0 0 0
2.6541328 0.21233213 2.9610519 0 0 0 0 0
2.7678008 0.28715801 2.8248296 16.418669 0 0 0 0
3.2849472 0.28039509 2.7918601 23.148491 0 0 0 0
3.3662808 0.26117101 2.8912096 19.077749 0 0 0 0
-4.8690505 0.39266944 2.8448098 25.411951 0 0 0 0
-4.7661848 0.34922069 2.8118682 30.783228 0 0 0 0
-4.2368793 0.30685109 2.8323722 18.696877 0 0 0 0
-4.1532993 0.3239392 2.8324385 18.998917 0 0 0 0
-3.7639341 0.32214752 2.8254693 13.151727 0 0 0 0
-3.3962073 0.52103961 2.8124051 14.3125 0 0 0 0
-3.2178447 0.45848918 2.820369 8.1063652 0 0 0 0
-2.7429104 0.31190553 2.8164568 10.541149 0 0 0 0
-2.3063183 0.31065193 2.8128455 9.2850933 0 0 0 0
2.3592975 0.31674671 2.8151855 18.647686 0 0 0 0
2.4095435 0.32673839 2.8141599 18.964825 0 0 0 0
2.8440137 0.32072648 2.8424647 14.76281 0 0 0 0
3.1574297 0.42072701 2.9731169 3.7380319 0 0 0 0
3.3333716 0.33476704 2.9624896 8.416666 0 0 0 0
3.6965802 0.32153568 2.9648714 1 0 0 0 0
-4.7018194 0.79558492 2.7505679 44.38908 0 0 0 0
-4.2133265 0.80145234 2.8410287 18.684891 0 0 0 0
-4.1202121 0.79795885 2.8401775 17.345709 0 0 0 0
-3.7004595 0.8224926 2.8249819 16.103868 0 0 0 0
-3.3316865 0.82668352 2.8269663 10.51861 0 0 0 0
-3.2334499 0.80003446 2.8224196 12.302748 0 0 0 0
-2.7129583 0.80533081 2.8167784 12.933541 0 0 0 0
-2.5877461 0.79821515 2.9373462 5.208333 0 0 0 0
-2.2525988 0.8108263 2.805758 10.687895 0 0 0 0
2.3384902 0.82802391 2.8044429 15.814765 0 0 0 0
2.7709188 0.80838287 2.8231928 17.894611 0 0 0 0
3.2308123 0.82742381 2.8831255 10.004555 0 0 0 0
3.3242104 0.83965456 2.957804 0 0 0 0 0
3.8114572 0.76240027 2.8897278 12.944215 0 0 0 0
3.9350064 0.86993724 2.9399347 1.5 0 0 0 0
-4.5305891 1.1787281 2.750011 62.626266 0 0 0 0
3.1614759 1.0766493 2.9502347 0.66666669 0 0 0 0
3.5250154 1.1077964 2.9451256 0.5 0 0 0 0
3.7104306 0.98878348 2.9467008 2.25 0 0 0 0
4.0915022 1.0455329 2.9632316 7.1598511 0 0 0 0
-4.2603884 1.3563895 2.7452805 38.551846 0 0 0 0
-3.7129335 1.2997845 2.8255994 16.429119 0 0 0 0
-3.316231 1.2752999 2.8204508 14.360889 0 0 0 0
-3.2481081 1.2568796 2.8162365 15.303787 0 0 0 0
-2.7266765 1.2849028 2.8117328 11.848503 0 0 0 0
-2.6845534 1.2736003 2.8291936 8.8283138 0 0 0 0
-2.2675929 1.3236482 2.7968242 7.9626269 0 0 0 0
-1.9308527 1.4089346 2.8257775 11.624629 0 0 0 0
1.9594495 1.4120789 2.8038275 15.043069 0 0 0 0
2.2886939 1.3116395 2.8067713 15.522032 0 0 0 0
2.7739329 1.2822899 2.8166924 21.191879 0 0 0 0
3.2480359 1.2834173 2.8555779 14.434689 0 0 0 0
3.3868716 1.2603542 2.9389606 1.1416667 0 0 0 0
3.7490592 1.3024737 2.8287416 21.855124 0 0 0 0
4.1528268 1.2582637 2.843749 21.206882 0 0 0 0
-4.2332287 1.6860676 2.7449632 31.847328 0 0 0 0
-4.0739088 1.6572914 2.7932882 19.5375 0 0 0 0
-3.7284071 1.6350508 2.8302002 9.5493746 0 0 0 0
-3.4716148 1.6228499 2.8082728 14.770833 0 0 0 0
-3.1992214 1.7761347 2.7856541 19.371429 0 0 0 0
-2.7560403 1.7968584 2.8300977 15.666667 0 0 0 0
-2.6443815 1.7836261 2.8243055 13.894203 0 0 0 0
-2.1872044 1.7699885 2.7960453 14.265394 0 0 0 0
-1.916507 1.6427898 2.9036901 25.087254 0 0 0 0
-1.7920544 1.7465796 2.7872066 11.328352 0 0 0 0
1.7771422 1.7937673 2.8033595 23.73913 0 0 0 0
1.823477 1.7843769 2.8000085 19.04454 0 0 0 0
2.2415977 1.7141964 2.8097649 24.616737 0 0 0 0
2.8114798 1.7902101 2.7907054 27.742857 0 0 0 0
3.5771043 1.5684074 2.9324362 1 0 0 0 0
3.683445 1.6511822 2.7641013 17.388157 0 0 0 0
-3.1156816 1.8808104 2.7834663 23.646177 0 0 0 0
-2.7224064 1.8747182 2.8183408 12.062937 0 0 0 0
-2.6528652 1.8559718 2.8048716 14.535822 0 0 0 0
-2.1637344 1.8025439 2.7944443 10.933333 0 0 0 0
-1.8816082 1.8251005 2.7793317 5.833333 0 0 0 0
1.4820728 2.0248475 2.8034496 14.315582 0 0 0 0
1.7823308 1.8134888 2.8037822 19.788284 0 0 0 0
1.8264782 1.8192916 2.8037333 21.9762 0 0 0 0
2.5026612 1.8782507 2.9958508 25.5 0 0 0 0
2.8283489 1.8419379 2.7791476 32.579849 0 0 0 0
3.2834463 1.8490288 2.7194359 27.910606 0 0 0 0
3.3108895 1.8538933 2.7125907 26.4 0 0 0 0
-3.7008724 2.2810442 2.8052757 6.583333 0 0 0 0
-3.5845418 2.2990053 2.8367736 7.5 0 0 0 0
-3.1679463 2.3298876 2.7983048 27.870029 0 0 0 0
-2.7513819 2.301394 2.7923284 33.830376 0 0 0 0
-2.6778107 2.2760892 2.8047132 27.809999 0 0 0 0
-2.3297639 2.2195287 2.8084221 12.785355 0 0 0 0
-1.6032634 2.3046398 2.8047767 10.45918 0 0 0 0
-1.4577475 2.3194444 2.8074243 3.5404198 0 0 0 0
1.2750064 2.3066239 2.795846 47.220104 0 0 0 0
1.7913042 2.3690417 2.8279896 72.166664 0 0 0 0
1.8307295 2.3847988 2.7927859 58.537479 0 0 0 0
2.2804241 2.3610225 2.7097492 48.584816 0 0 0 0
-3.7785707 2.4198027 2.7033103 12 0 0 0 0
-3.1958203 2.4551616 2.8205657 16.676451 0 0 0 0
-2.787235 2.6802616 2.792572 16.708208 0 0 0 0
-0.66229546 2.5051475 2.7999239 19.154491 0 0 0 0
0.8299126 2.4831789 2.7928891 23.746748 0 0 0 0
1.7864618 2.4021168 2.8163652 70.794235 0 0 0 0
1.8895159 2.4423223 2.7976465 36.393284 0 0 0 0
4.1775789 2.5496292 2.9732845 0 0 0 0 0
-3.5689273 2.8410296 2.7504144 44.873505 0 0 0 0
-3.2011108 2.7897573 2.8325737 24.933861 0 0 0 0
-2.8289523 2.7606091 2.8015809 30.581066 0 0 0 0
-0.98332894 2.9943497 2.8115063 0.75 0 0 0 0
-0.68044102 2.7500956 2.8083651 21.48744 0 0 0 0
-0.45588094 2.7632337 2.9261167 11 0 0 0 0
-0.21214573 2.7883706 2.8046658 23.496639 0 0 0 0
0.2748028 2.7776186 2.8066149 25.510376 0 0 0 0
0.30285773 2.7230685 2.8025746 21.916666 0 0 0 0
0.75628722 2.7716379 2.8130016 53.541077 0 0 0 0
1.3228219 2.8938763 2.7333069 39.530121 0 0 0 0
1.7453182 2.7249041 2.7103181 30.722366 0 0 0 0
7.9357271 2.9553673 2.960783 8.75 0 0 0 0
8.290926 2.8533664 2.9731612 6.9395833 0 0 0 0
8.6154699 2.8819966 2.9418731 4.875 0 0 0 0
8.8530006 2.9373088 2.941401 4.5234375 0 0 0 0
9.0656223 2.9350152 2.9447455 2.5 0 0 0 0
-3.3683004 3.1685266 2.7857611 39.21228 0 0 0 0
-1.0208216 3.2095404 2.8215866 13.392857 0 0 0 0
-0.69286162 3.1673419 2.8118372 24.223574 0 0 0 0
-0.22981501 3.2079406 2.8126955 32.984619 0 0 0 0
0.79932618 3.2062206 2.7183156 40.039978 0 0 0 0
1.0507007 3.0763152 2.9964769 39 0 0 0 0
3.7634664 3.2012982 2.968066 0 0 0 0 0
7.3560619 3.283145 2.9688456 8.5 0 0 0 0
7.7313242 3.2009215 2.9855208 8.2410717 0 0 0 0
7.9581418 3.2802844 2.9370971 9 0 0 0 0
8.3392029 3.2317319 2.934092 9.536459 0 0 0 0
8.5369301 3.1830051 2.9409413 7.390625 0 0 0 0
8.7713079 3.227427 2.9406056 7.6151037 0 0 0 0
9.1002054 3.1930156 2.9432991 5.28125 0 0 0 0
9.514616 3.2003326 2.9518247 5.5 0 0 0 0
9.7381649 3.2889898 2.9435432 5.5 0 0 0 0
-1.0394537 3.3515265 2.8255138 19.471268 0 0 0 0
-0.74159157 3.3521957 2.8112936 27.42498 0 0 0 0
-0.2351345 3.3868518 2.8174846 44.911484 0 0 0 0
0.12972556 3.5919869 2.8874304 47.055557 0 0 0 0
0.35379657 3.4342704 2.7518835 47.602707 0 0 0 0
1.6821574 3.5367899 2.7237015 0.5 0 0 0 0
3.4438581 3.5855334 2.8203185 1 0 0 0 0
7.3964438 3.3746114 2.9718685 9.1449652 0 0 0 0
7.6368713 3.3857412 2.9598055 8.666666 0 0 0 0
7.911624 3.3894029 2.9380355 11.083334 0 0 0 0
8.2568073 3.3278275 2.9498343 8.166667 0 0 0 0
8.5407505 3.3426743 2.9365966 8.71875 0 0 0 0
8.8308964 3.3592284 2.9369483 8.213541 0 0 0 0
9.2000961 3.3441894 2.9380984 6.46875 0 0 0 0
9.3896351 3.3632085 2.9421301 5.71875 0 0 0 0
9.7302952 3.3634865 2.9452977 6.125 0 0 0 0
10.070664 3.4417782 2.943964 5.3402781 0 0 0 0
10.327747 3.5107002 2.9412403 6 0 0 0 0
10.608982 3.4545665 2.9467013 4 0 0 0 0
-1.1220565 3.815068 2.83002 32.746975 0 0 0 0
-0.68269795 3.8471606 2.7845001 37.20647 0 0 0 0
-0.24415588 3.7046211 2.7232075 43.076923 0 0 0 0
0.12215859 3.607398 2.8262415 44.619209 0 0 0 0
1.3799746 3.7835708 2.7289071 0.25 0 0 0 0
3.5874937 3.8335733 2.8207068 0 0 0 0 0
7.45927 3.6815321 2.9387233 9.375 0 0 0 0
7.6392703 3.7485228 2.9388945 11.280165 0 0 0 0
7.8976669 3.7975657 2.9384458 12.233334 0 0 0 0
8.2325134 3.7532105 2.93051 11.327482 0 0 0 0
8.6659231 3.8076534 2.9373176 9.6536465 0 0 0 0
8.8994131 3.8117559 2.9397373 9.34375 0 0 0 0
9.1930933 3.783258 2.9365101 8.859375 0 0 0 0
9.4724998 3.7588367 2.9440506 8.25 0 0 0 0
9.7117453 3.7086363 2.9445477 6.3796873 0 0 0 0
10.05503 3.780581 2.9370713 6 0 0 0 0
10.245075 3.8387413 2.9346495 6.125 0 0 0 0
10.63079 3.6561987 2.9354377 6.75 0 0 0 0
-1.1282628 3.9735627 2.8648877 32.4375 0 0 0 0
-0.77349359 4.0412583 2.8042488 28.920082 0 0 0 0
-0.58031321 3.9768891 2.9831495 14.5 0 0 0 0
1.3735492 4.1492157 2.7373838 0 0 0 0 0
1.626313 4.0312557 2.7285142 0.001953125 0 0 0 0
2.2700107 4.0305037 2.814518 0 0 0 0 0
3.9433773 3.9577415 2.9337015 0.65625 0 0 0 0
7.7773409 4.1564779 2.9457421 12 0 0 0 0
7.9357109 4.0940824 2.9309931 11.724537 0 0 0 0
8.5353622 4.1001902 2.9288526 5.955729 0 0 0 0
8.7853317 4.0613828 2.9342575 9.260417 0 0 0 0
9.1771259 4.1526666 2.9373591 9.75 0 0 0 0
9.4236641 3.9041011 2.9337656 6 0 0 0 0
10.031434 4.0282545 2.9345975 5.875 0 0 0 0
10.495381 3.9115808 2.9183357 4 0 0 0 0
-1.258544 4.3404808 2.7491894 27.338387 0 0 0 0
-1.1834985 4.330595 2.7389507 32.80999 0 0 0 0
1.7333128 4.3108301 2.7374997 0 0 0 0 0
1.9531813 4.286387 2.7516816 0 0 0 0 0
5.5105014 4.4936514 2.9236729 10 0 0 0 0
5.9516907 4.3552027 2.9540396 9 0 0 0 0
7.994904 4.2248759 2.9388885 10.015625 0 0 0 0
8.2190008 4.4356384 2.9349325 7 0 0 0 0
8.8930769 4.2283602 2.9296083 9.96875 0 0 0 0
9.1342678 4.2604313 2.9319019 9.9296875 0 0 0 0
9.474329 4.4166241 2.9197314 5.5729165 0 0 0 0
9.7248497 4.2590184 2.928123 5.3125 0 0 0 0
12.480026 4.4745932 2.9122128 31 0 0 0 0
12.737534 4.4224968 2.8894441 27.75 0 0 0 0
12.957542 4.3610258 2.9090211 30 0 0 0 0
13.537 4.4925199 2.8985455 23 0 0 0 0
-1.5304724 4.5373363 2.8000464 10.652778 0 0 0 0
-1.4899031 4.5120945 2.8646808 19.973957 0 0 0 0
2.3196592 4.5487742 2.7318492 0 0 0 0 0
2.8405418 4.5550842 2.8786502 0.375 0 0 0 0
5.2710638 4.7135353 2.7531664 1.375 0 0 0 0
5.5771036 4.5643392 2.9527674 4.375 0 0 0 0
6.0824885 4.6299586 2.9335661 10 0 0 0 0
8.300231 4.5609679 2.9396019 10 0 0 0 0
9.3693705 4.5639629 2.9133725 5.5 0 0 0 0
12.448841 4.639183 2.9053051 30.625 0 0 0 0
12.710106 4.7580462 2.8904679 31.75 0 0 0 0
13.421363 4.5743852 2.8983874 27.125 0 0 0 0
13.57041 4.6717882 2.8895209 22 0 0 0 0
13.860826 4.7661219 2.8839297 25.25 0 0 0 0
4.6341562 5.0132198 2.9566922 4.9277344 0 0 0 0
5.0382676 4.9950948 2.9314222 4 0 0 0 0
5.1850653 4.9064922 2.9301786 6.0374999 0 0 0 0
5.5592437 4.9169707 2.9634569 1 0 0 0 0
6.3633032 5.0658598 2.936975 7.5 0 0 0 0
11.910994 4.908699 2.9036415 34.9375 0 0 0 0
12.111453 4.8183036 2.892468 32.333332 0 0 0 0
12.42077 4.9029408 2.8932128 33.052086 0 0 0 0
12.749191 4.8505273 2.9063268 31.75 0 0 0 0
13.184281 4.9281521 2.8634596 31 0 0 0 0
13.40534 4.8255682 2.9035625 27.666668 0 0 0 0
13.59017 4.8140249 2.8931432 28.75 0 0 0 0
13.981547 4.8311586 2.8935041 25.75 0 0 0 0
14.279182 4.8154774 2.8854022 27.5 0 0 0 0
14.639381 4.9851551 2.8812268 26.75 0 0 0 0
14.75925 5.0441294 2.8786097 32 0 0 0 0
15.156637 5.0879617 2.8832929 20 0 0 0 0
4.4205179 5.24125 2.9614606 4.5625 0 0 0 0
4.687562 5.321094 2.9329422 14.430989 0 0 0 0
4.9297543 5.2454405 2.9253099 11.25 0 0 0 0
5.13482 5.2420626 2.9427199 3.75 0 0 0 0
5.5240541 5.2709188 2.9344585 3.46875 0 0 0 0
5.8435311 5.2020817 2.9272685 4.6875 0 0 0 0
6.1757479 5.150075 2.9320974 2.5 0 0 0 0
11.058767 5.2196221 2.9153047 26 0 0 0 0
11.518263 5.2437558 2.9023242 32.375 0 0 0 0
11.7192 5.3791347 2.904655 35 0 0 0 0
12.258429 5.3002539 2.888608 32.5 0 0 0 0
12.483721 5.3309536 2.8878353 27.5 0 0 0 0
12.669515 5.2177367 2.887599 31.375 0 0 0 0
12.975522 5.2926269 2.8844068 38 0 0 0 0
13.237774 5.3365707 2.9023325 28.666666 0 0 0 0
13.628653 5.2938099 2.8936267 33.069443 0 0 0 0
13.88232 5.3080716 2.893019 26.75 0 0 0 0
14.210642 5.2995276 2.8873844 21.958332 0 0 0 0
14.581724 5.2158756 2.8875537 27.5 0 0 0 0
14.901215 5.3607311 2.8983727 25.5 0 0 0 0
15.221607 5.3061705 2.8755083 19.75 0 0 0 0
15.509518 5.2516613 2.8682785 27.375 0 0 0 0
15.881701 5.3064752 2.8542478 42 0 0 0 0
15.918873 5.3093739 2.7842376 29.5 0 0 0 0
3.5153427 5.6722174 2.8834605 1.5 0 0 0 0
3.7912266 5.5108013 2.8659184 2.955512 0 0 0 0
4.119257 5.6047859 2.9222188 1 0 0 0 0
4.2351971 5.4484959 2.8753319 15 0 0 0 0
4.7410526 5.4799213 2.9255452 7.5625 0 0 0 0
4.8541422 5.515399 2.9246988 5.385417 0 0 0 0
5.2524834 5.4776001 2.9339294 4.71875 0 0 0 0
6.7832413 5.5236907 2.9198368 15.208333 0 0 0 0
7.0858889 5.4863396 2.9267426 13.516975 0 0 0 0
7.2573662 5.4582615 2.9250436 9.75 0 0 0 0
11.626612 5.655478 2.9032097 30 0 0 0 0
11.781013 5.4515181 2.8918843 34.5 0 0 0 0
12.108743 5.6532922 2.8863163 27.333334 0 0 0 0
12.533425 5.6437163 2.8925683 23 0 0 0 0
13.688124 5.5709977 2.911016 32 0 0 0 0
13.991386 5.4739118 2.8822498 28 0 0 0 0
14.327703 5.5623293 2.8787994 19.75 0 0 0 0
14.501377 5.5659609 2.8771129 27.166668 0 0 0 0
15.254989 5.4056797 2.9021511 23 0 0 0 0
15.465515 5.4738898 2.8706584 24 0 0 0 0
15.899377 5.4358792 2.8225768 36 0 0 0 0
15.97183 5.5559435 2.7818213 13.5 0 0 0 0
3.1612179 5.8975568 2.8434153 0.5 0 0 0 0
3.3968158 5.7790327 2.9378805 0.5 0 0 0 0
4.3471966 5.858861 2.9188099 3.625 0 0 0 0
4.6980152 5.8301454 2.9270616 2.5 0 0 0 0
5.0389214 5.8276324 2.923285 10.25 0 0 0 0
5.3222198 5.752861 2.9315987 4.5 0 0 0 0
5.6040597 5.8326454 2.933569 4.75 0 0 0 0
5.8835573 5.9291544 2.9331636 13.479167 0 0 0 0
6.2389388 5.9266982 2.9332643 15.765625 0 0 0 0
6.4184694 5.9140244 2.9268937 16.877605 0 0 0 0
6.6930151 5.785367 2.9252734 15.28125 0 0 0 0
11.910162 5.8607273 2.8735864 23 0 0 0 0
12.149879 5.7670598 2.8771031 29.375 0 0 0 0
12.419279 5.8720894 2.895371 30.75 0 0 0 0
12.757166 5.841054 2.88606 23.5 0 0 0 0
13.007862 5.8248696 2.8926523 31.5 0 0 0 0
13.401577 5.8201852 2.8872013 26.25 0 0 0 0
13.575795 5.7825346 2.8847988 24.625 0 0 0 0
14.013865 5.9085245 2.8759146 27.75 0 0 0 0
14.305574 5.8426523 2.8812332 26.625 0 0 0 0
14.524902 5.8280792 2.8951409 26 0 0 0 0
14.808016 5.8467989 2.87532 19.5 0 0 0 0
15.1749 5.8060465 2.8703332 23.5 0 0 0 0
15.400234 5.742135 2.8873219 25 0 0 0 0
15.764316 5.8171215 2.8658736 20.5 0 0 0 0
16.002136 5.8273907 2.8817983 16.8125 0 0 0 0
16.377953 5.7507281 2.8775849 19.5 0 0 0 0
16.608004 5.9216156 2.8597791 15 0 0 0 0
2.6489 6.118402 2.8496134 1.1527778 0 0 0 0
2.7620726 6.1168609 2.90295 1.0131944 0 0 0 0
4.4381018 6.1308923 2.9177125 12.307291 0 0 0 0
4.6719041 6.2753673 2.9308772 8.25 0 0 0 0
4.8540783 6.0676203 2.929831 16.8125 0 0 0 0
5.2479706 6.1755981 2.9236879 14.4375 0 0 0 0
5.6557846 6.105278 2.9253912 14.5 0 0 0 0
5.7597446 6.2523775 2.9286191 15.492708 0 0 0 0
6.2061529 6.1208158 2.9231791 16.3125 0 0 0 0
6.3766379 6.0267553 2.9320769 15 0 0 0 0
12.473576 6.1052756 2.8700767 28 0 0 0 0
13.02876 6.1438417 2.8878167 36.25 0 0 0 0
13.405348 6.1616688 2.8800135 26.96875 0 0 0 0
13.66398 6.1890345 2.865509 25.75 0 0 0 0
14.080134 6.1086607 2.8809595 21 0 0 0 0
14.301011 6.2464299 2.8768516 24.5 0 0 0 0
14.490653 6.0228586 2.8761516 29 0 0 0 0
14.831776 6.1569366 2.8768253 22.625 0 0 0 0
15.110437 6.1709905 2.8733983 19.75 0 0 0 0
15.410271 6.2359066 2.8858695 23.25 0 0 0 0
15.771201 6.2399654 2.8617096 19 0 0 0 0
16.120491 6.1103225 2.8785865 22 0 0 0 0
16.455431 6.2314839 2.8490703 14 0 0 0 0
16.752531 6.1893797 2.8565264 14 0 0 0 0
16.971962 6.1616688 2.8628163 13 0 0 0 0
17.774048 6.2283621 2.7665656 4 0 0 0 0
2.2794991 6.4027839 2.9769614 1 0 0 0 0
2.4100294 6.331193 2.7747116 0.58333337 0 0 0 0
4.685122 6.4680529 2.9191072 12.46875 0 0 0 0
5.0525074 6.3673234 2.9291358 18 0 0 0 0
5.2350721 6.4542193 2.9253757 16.408333 0 0 0 0
5.414772 6.4440961 2.9376771 7.9333334 0 0 0 0
5.7218242 6.310945 2.9296055 16.333334 0 0 0 0
13.007323 6.3041358 2.8628573 32 0 0 0 0
13.307459 6.3807373 2.8730474 30.5 0 0 0 0
13.744232 6.4059677 2.8709097 22.75 0 0 0 0
13.835804 6.4328566 2.8678923 24 0 0 0 0
14.254116 6.4056702 2.8890958 21.375 0 0 0 0
14.88308 6.3676424 2.8761668 19.75 0 0 0 0
15.480043 6.3533092 2.8530738 22 0 0 0 0
15.746372 6.4590359 2.8737752 17.5 0 0 0 0
16.042686 6.3532505 2.8687115 22.125 0 0 0 0
16.297176 6.4153156 2.8619108 21 0 0 0 0
16.510143 6.5242052 2.8445458 14 0 0 0 0
16.88945 6.4009995 2.8504343 15 0 0 0 0
17.649364 6.5631495 2.8480027 15 0 0 0 0
17.892714 6.3968983 2.857985 14 0 0 0 0
18.392374 6.5466428 2.8174555 13 0 0 0 0
4.7738628 6.7746654 2.9231486 10.15 0 0 0 0
4.858027 6.6831656 2.9378207 5.5 0 0 0 0
5.3177261 6.6335497 2.9252577 14.25 0 0 0 0
5.4548268 6.6003613 2.9350274 14 0 0 0 0
13.702034 6.7425442 2.8715677 23 0 0 0 0
14.027822 6.7572422 2.8853741 27.5 0 0 0 0
14.27595 6.7718639 2.8756804 24.5 0 0 0 0
14.581947 6.8036203 2.8707485 24.041668 0 0 0 0
14.755535 6.7204657 2.8405228 21 0 0 0 0
15.11622 6.8424406 2.8882852 17 0 0 0 0
15.406574 6.8271155 2.8589158 16.125 0 0 0 0
15.712713 6.7198811 2.8750491 26.25 0 0 0 0
16.000013 6.8086672 2.8520122 27.375 0 0 0 0
16.221916 6.837863 2.8250525 14 0 0 0 0
16.684978 6.6996088 2.8437178 16.5 0 0 0 0
16.949141 6.8644657 2.8634615 14 0 0 0 0
17.566256 6.6200919 2.8061044 11 0 0 0 0
17.790482 6.7558432 2.8532033 15.5 0 0 0 0
18.149858 6.8055043 2.8491809 14 0 0 0 0
18.890032 6.7685847 2.8419409 13 0 0 0 0
4.9089594 6.9302793 2.9314005 13 0 0 0 0
14.395089 6.9391661 2.8836899 21 0 0 0 0
14.648474 7.0895638 2.8615069 17 0 0 0 0
14.884279 7.1793585 2.8794405 28 0 0 0 0
15.128643 7.0771074 2.8500233 18 0 0 0 0
15.391156 6.999321 2.8579087 14 0 0 0 0
16.005978 6.9263301 2.8328698 20 0 0 0 0
16.795527 7.1344485 2.8573539 17 0 0 0 0
17.393162 7.0370383 2.8095529 15 0 0 0 0
17.610828 7.0512352 2.8391337 14.625 0 0 0 0
17.859846 7.1468763 2.8480198 15 0 0 0 0
18.132521 6.9205847 2.8199766 13 0 0 0 0
18.41824 7.1589675 2.7442594 4 0 0 0 0
15.115973 7.2581091 2.8370848 15 0 0 0 0
15.489246 7.2680469 2.8644695 20.5 0 0 0 0
15.800087 7.2983184 2.862169 16.375 0 0 0 0
16.024776 7.211957 2.8527737 11 0 0 0 0
16.892498 7.2885156 2.8625686 16 0 0 0 0
17.39278 7.4618702 2.8441265 15 0 0 0 0
17.448875 7.4143271 2.8197019 14 0 0 0 0
17.869476 7.3810263 2.8405473 13 0 0 0 0
18.1077 7.3806891 2.8526578 11 0 0 0 0
18.794224 7.2284393 2.8463671 12 0 0 0 0
15.596998 7.6283426 2.8290067 15 0 0 0 0
15.809066 7.5771432 2.8528185 16 0 0 0 0
15.982607 7.5572691 2.853225 22 0 0 0 0
16.780697 7.6964531 2.8540425 13 0 0 0 0
17.616348 7.6539927 2.8414631 17.25 0 0 0 0
18.666616 7.6795511 2.8436065 12 0 0 0 0
17.304512 7.867403 2.8411949 16.5 0 0 0 0
17.421465 8.0227261 2.8517265 14 0 0 0 0
18.276119 7.8008699 2.7744851 14.5 0 0 0 0
16.98082 8.1206779 2.8071449 17 0 0 0 0
18.492004 8.1169748 2.8301899 14 0 0 0 0
18.391443 8.5851336 2.8350742 15 0 0 0 0
-4.0564761 -9.5016918 3.2796562 1 0 0 0 0
-2.92942 -6.6571875 3.2710743 1.5 0 0 0 0
-0.66298974 -6.8721089 3.2881975 1 0 0 0 0
-0.13099352 -6.3648024 3.0394509 1 0 0 0 0
-1.9775095 -6.1071 3.2023826 15.166667 0 0 0 0
0.035896886 -6.0594263 3.0628133 1 0 0 0 0
-2.013835 -5.8363895 3.0489578 37 0 0 0 0
0.19496721 -5.8121805 3.1599088 0.54166669 0 0 0 0
-0.73150468 -5.5653028 3.2840512 1 0 0 0 0
0.25869152 -5.6438074 3.276546 0.375 0 0 0 0
0.34388715 -5.5751686 3.177913 0.16666667 0 0 0 0
0.50232655 -5.246623 3.2195256 0.3515625 0 0 0 0
0.60706234 -5.1355429 3.1838272 0 0 0 0 0
-0.41154885 -5.0101185 3.2940874 0 0 0 0 0
0.65966713 -5.0344176 3.176434 0.078125 0 0 0 0
-0.68696988 -4.6683478 3.2893658 0 0 0 0 0
0.85750198 -4.6746626 3.2196937 0.2233817 0 0 0 0
0.92794168 -4.5564613 3.2860775 0 0 0 0 0
-1.4905711 -4.2316594 3.2955906 0 0 0 0 0
-1.1318645 -4.3327618 3.1553845 23.513168 0 0 0 0
0.85094476 -4.2866073 3.2821233 0.5 0 0 0 0
0.9994058 -4.4084396 3.1560612 0.3125 0 0 0 0
-4.1593208 -4.0487566 3.071064 2.5 0 0 0 0
-1.2925085 -4.1438894 3.2984962 17.666666 0 0 0 0
-1.1269307 -4.1590347 3.0515656 22 0 0 0 0
0.15423539 -3.9813199 3.2683873 1 0 0 0 0
0.32015881 -3.9991827 3.2811544 0 0 0 0 0
1.1386242 -4.1327438 3.0910742 0.46276245 0 0 0 0
-1.223717 -3.7269027 3.2309358 6.5999999 0 0 0 0
-1.109242 -3.7092226 3.1794198 12.2 0 0 0 0
-0.81898278 -3.6687281 3.0445447 28.44067 0 0 0 0
1.3689828 -3.6542387 3.2266536 0.4214105 0 0 0 0
-1.2105395 -3.4436026 3.0338371 8 0 0 0 0
-1.0152366 -3.4888952 3.0226624 39.934029 0 0 0 0
0.98024839 -3.4754138 3.2921371 0 0 0 0 0
1.3297306 -3.5374188 3.2371607 0.3896865 0 0 0 0
1.5402625 -3.4568579 3.2642498 0 0 0 0 0
-1.0182004 -3.1889954 3.0853887 31.793642 0 0 0 0
-0.87243366 -3.0999227 3.2674789 5.9859576 0 0 0 0
0.27370101 -3.0191305 3.2632992 0.5 0 0 0 0
0.33098167 -3.1031618 3.2853813 1.2023809 0 0 0 0
0.69272697 -3.0748246 3.2869792 0.38194445 0 0 0 0
1.4648609 -3.1950166 3.0109613 1 0 0 0 0
1.6850785 -3.1830912 3.1305876 1.3081443 0 0 0 0
-3.0569735 -2.9236546 3.2499843 0 0 0 0 0
-2.9627404 -2.7546792 3.2266212 1 0 0 0 0
-0.98906732 -2.8895173 3.0765643 14.374826 0 0 0 0
-0.82658374 -2.7939267 3.2209864 13.028692 0 0 0 0
-0.12188927 -2.7064738 3.0984778 9.2578125 0 0 0 0
0.076775551 -2.8794422 3.2508047 0.45267385 0 0 0 0
0.82811171 -2.7920594 3.2634728 0.48107633 0 0 0 0
1.9022906 -2.7977605 3.1586902 0.2376529 0 0 0 0
-4.508276 -2.431092 3.0687201 1 0 0 0 0
-4.4640093 -2.4508312 3.0743113 15.625 0 0 0 0
-2.8106527 -2.5097356 3.2067857 27.904297 0 0 0 0
-2.6856489 -2.4680009 3.0289516 19 0 0 0 0
-0.16560666 -2.6889577 3.0562067 7.1770163 0 0 0 0
0.85499275 -2.6681273 3.2175534 0.66666669 0 0 0 0
2.0689278 -2.5192614 3.1988058 0.050104249 0 0 0 0
2.1006711 -2.4749126 3.2166688 0 0 0 0 0
-3.6158652 -2.1064701 3.01439 2 0 0 0 0
-3.5097742 -2.1674385 3.0732684 2 0 0 0 0
-3.1562352 -2.1544089 3.1353741 4.8958335 0 0 0 0
-2.6068196 -2.1863272 3.1907368 11.966199 0 0 0 0
1.7805278 -2.2660556 3.2932043 0 0 0 0 0
1.9591181 -2.3766751 3.0646262 0.859375 0 0 0 0
2.2113936 -2.2345817 3.1392293 0.27884662 0 0 0 0
-3.4261713 -1.909315 3.1132808 2.0625 0 0 0 0
-3.2138388 -1.947778 3.1104527 8.75 0 0 0 0
-2.4909656 -1.9691042 3.1851234 5.8399162 0 0 0 0
2.3736191 -1.8721833 3.1089945 0.96727943 0 0 0 0
2.426218 -1.8218353 3.1144254 0.90777755 0 0 0 0
-3.3043349 -1.7510384 3.0117569 3 0 0 0 0
-3.2252531 -1.7474072 3.1010656 17.8125 0 0 0 0
-2.749011 -1.719975 3.27842 0.41666669 0 0 0 0
-2.1732774 -1.5857586 3.1976099 23.603575 0 0 0 0
-1.8225124 -1.7448447 3.1040757 15.099568 0 0 0 0
-1.7888014 -1.7078257 3.0338449 13.875 0 0 0 0
2.5621197 -1.6268532 3.0780821 0.24435979 0 0 0 0
-2.8846211 -1.2260613 3.2795544 0.125 0 0 0 0
-2.1057248 -1.4186258 3.2620201 4 0 0 0 0
-2.0711718 -1.4184752 3.2296665 22.958334 0 0 0 0
2.7499652 -1.3103796 3.018127 0 0 0 0 0
-3.3648582 -0.97223091 3.2793555 0 0 0 0 0
-3.1169302 -1.103408 3.2796874 0 0 0 0 0
-2.9196157 -1.1608187 3.2477152 0.0625 0 0 0 0
-2.5720065 -1.0765078 3.2684009 0.16666667 0 0 0 0
2.7955794 -1.1490824 3.0357895 0.005859375 0 0 0 0
3.0002367 -0.9266333 3.2699568 0 0 0 0 0
-4.5111356 -0.6570574 3.2762573 0 0 0 0 0
-4.4882822 -0.61386341 3.2611308 0.5 0 0 0 0
-3.5453053 -0.79019755 3.1163931 3.75 0 0 0 0
2.9293888 -0.81161135 3.048593 0.27180991 0 0 0 0
3.1119845 -0.68049443 3.0785327 0.084538922 0 0 0 0
-5.5201077 -0.44757101 3.1962333 1 0 0 0 0
-5.3923621 -0.31923091 3.0114248 1 0 0 0 0
-4.4240265 -0.50429726 3.2826605 0 0 0 0 0
3.1651523 -0.57945871 3.1088653 0.34387401 0 0 0 0
2.8469024 -0.094622366 3.1593332 1.3764801 0 0 0 0
3.2776461 -0.17217588 3.0753517 4.3310852 0 0 0 0
3.3236179 -0.16201484 3.1142712 4.2676649 0 0 0 0
-5.1910505 0.13830538 3.1788626 0 0 0 0 0
2.7588849 0.25167388 3.0812895 0 0 0 0 0
3.2963812 0.27135587 3.0221577 9.666667 0 0 0 0
3.5423598 0.14844659 3.0680678 4.875 0 0 0 0
3.6285849 0.24972719 3.0893807 5.9898438 0 0 0 0
-5.0228348 0.50608945 3.2059948 0 0 0 0 0
2.9291763 0.36244044 3.1377976 0 0 0 0 0
3.0208972 0.52880037 3.1417367 0 0 0 0 0
3.3478868 0.33435938 3.0279164 7.8333335 0 0 0 0
3.6791506 0.34385359 3.1029694 5.2532177 0 0 0 0
-2.4879212 0.77231312 3.0823321 3.5 0 0 0 0
2.9149847 0.60228199 3.0272942 0 0 0 0 0
3.1174767 0.76129979 3.0390539 0.06150794 0 0 0 0
3.2137098 0.95437264 3.0454295 0.087499999 0 0 0 0
-3.3554473 1.367362 3.2463846 0 0 0 0 0
-3.2855687 1.4408777 3.2337079 0 0 0 0 0
3.2470155 1.3006544 3.0270252 10.072916 0 0 0 0
-3.1838014 1.6214075 3.2204342 0.33333334 0 0 0 0
-1.9305258 1.5842 3.0105693 30.061871 0 0 0 0
2.4639516 1.6702731 3.0231583 8 0 0 0 0
3.2066922 1.7781389 3.2028599 50.995037 0 0 0 0
-3.0524082 1.8945608 3.2415071 0 0 0 0 0
2.0399671 2.0475025 3.1608212 10 0 0 0 0
2.2187104 2.0259933 3.2045939 12.007812 0 0 0 0
2.4480901 1.9211882 3.1244264 17 0 0 0 0
2.8123255 1.9610792 3.1705027 62.006714 0 0 0 0
3.2047222 1.8128765 3.2109203 40.733711 0 0 0 0
-2.7928896 2.375205 3.2523119 0 0 0 0 0
2.2731154 2.3005483 3.1312933 64.977936 0 0 0 0
2.6411686 2.1290698 3.0905781 53.768711 0 0 0 0
7.0768318 2.3401763 3.1856894 7.875 0 0 0 0
-2.7445076 2.4373882 3.244633 0.175 0 0 0 0
-2.6496148 2.5658598 3.2149227 0 0 0 0 0
1.175047 2.5539584 3.0313883 16 0 0 0 0
1.3659793 2.4580014 3.0489919 16 0 0 0 0
1.7037642 2.6552694 3.1079292 47.186501 0 0 0 0
1.9109113 2.4584982 3.1877151 41.977905 0 0 0 0
7.1723714 2.4110231 3.2058785 8.333333 0 0 0 0
7.4278326 2.5233848 3.1913667 14.361003 0 0 0 0
7.7195034 2.5625572 3.1833351 13.125 0 0 0 0
7.8256178 2.5578372 3.1782148 7 0 0 0 0
-3.6341333 2.9145613 3.0733776 0.125 0 0 0 0
-3.58761 2.8923497 3.0494835 0.29166669 0 0 0 0
0.09879142 2.9047911 3.0271714 2.9375 0 0 0 0
0.94489074 2.9871268 3.2519002 44.589745 0 0 0 0
1.2919799 2.8771603 3.1337333 49.067162 0 0 0 0
7.4148521 2.7669291 3.1915662 11.841797 0 0 0 0
7.7574177 2.8544805 3.1216969 9.3226566 0 0 0 0
7.8981237 2.9194417 3.0615785 6.4611979 0 0 0 0
8.2286053 2.8666217 3.0404124 5.8674574 0 0 0 0
-3.4824114 3.1916242 3.1183724 0.030381946 0 0 0 0
-0.52444351 3.0790942 3.2894125 1.0079857 0 0 0 0
-0.2565828 3.2768264 3.295661 4.6749578 0 0 0 0
0.74394369 3.1870594 3.1647515 42.299294 0 0 0 0
0.98743564 3.0380592 3.1662071 46.798828 0 0 0 0
7.3914127 3.2452528 3.0184851 10.15 0 0 0 0
7.677536 3.15784 3.0473416 4.9386573 0 0 0 0
7.8742833 3.0223987 3.0370045 5.5 0 0 0 0
-3.4170227 3.3002908 3.0939052 0 0 0 0 0
-0.22442049 3.3027916 3.2831693 6.0375977 0 0 0 0
0.18469381 3.5302479 3.1620507 46.133232 0 0 0 0
0.32183027 3.4254162 3.1782551 48.744301 0 0 0 0
7.3990965 3.3103786 3.0081961 9 0 0 0 0
-0.60654485 3.8926919 3.1810062 28.857143 0 0 0 0
-0.25006545 3.7532549 3.190007 36.199154 0 0 0 0
0.10377727 3.6148877 3.1087041 44.7351 0 0 0 0
-0.98601896 4.0512476 3.0489726 25 0 0 0 0
-0.777753 4.1198902 3.1452265 23.387186 0 0 0 0
-0.58198571 3.9181156 3.1470969 16.714285 0 0 0 0
-1.5115403 4.4619942 3.2833786 6.5 0 0 0 0
-1.3533311 4.3946209 3.186136 18.822206 0 0 0 0
-1.1578037 4.269619 3.1896842 28.064632 0 0 0 0
-0.8927049 4.2017722 3.1591804 14.714286 0 0 0 0
5.6578341 4.4589667 3.114954 1.6875 0 0 0 0
5.9190559 4.3730664 3.1934783 3.625 0 0 0 0
6.0228486 4.3238821 3.1514232 1.5 0 0 0 0
-1.5273173 4.5141521 3.181344 3.2562499 0 0 0 0
-1.4945855 4.5092325 3.1118889 16.78125 0 0 0 0
2.8672204 4.5846472 3.1608658 0.53125 0 0 0 0
5.088789 4.7585039 3.1562712 2 0 0 0 0
5.2183638 4.6840177 3.0593805 3.8125 0 0 0 0
4.634635 5.0313511 3.0364931 3.95 0 0 0 0
5.0514865 4.8165922 3.1280549 2 0 0 0 0
5.1789207 4.8123736 3.0542965 3.5 0 0 0 0
4.4218016 5.1812358 3.0568705 4.2052083 0 0 0 0
3.550163 5.656476 3.0484447 1.625 0 0 0 0
3.6675737 5.6178856 3.1154487 0.3842448 0 0 0 0
4.0996633 5.5846872 3.2331541 7.25 0 0 0 0
4.3392773 5.4528041 3.0156665 0 0 0 0 0
2.9900842 5.9554338 3.0359819 1 0 0 0 0
3.2095602 5.8696404 3.0871401 0.88020837 0 0 0 0
3.4680109 5.7334194 3.0792499 0.5 0 0 0 0
4.2466116 5.8319921 3.0836539 4.6666665 0 0 0 0
2.6792512 6.0837631 3.0448601 1.5 0 0 0 0
2.7579439 6.1114655 3.1126781 0.25 0 0 0 0
4.345892 6.0750871 3.2452681 0 0 0 0 0
2.2736924 6.4057941 3.0819054 0.73046875 0 0 0 0
4.4976349 6.3717093 3.2344246 5 0 0 0 0
4.5422564 6.5142822 3.2768135 0.5 0 0 0 0
4.958354 7.137219 3.1608746 1 0 0 0 0
5.0284743 7.3205237 3.1987991 5.0416665 0 0 0 0
-4.1136036 -9.5228691 3.3213351 1 0 0 0 0
-2.8641658 -6.6763244 3.3599572 2.5 0 0 0 0
-1.3042247 -6.6047339 3.3166132 1 0 0 0 0
-1.1008114 -6.6915793 3.3240106 0 0 0 0 0
-0.10514489 -6.387217 3.3434181 0.25 0 0 0 0
0.073602736 -6.0748415 3.3368664 0 0 0 0 0
-0.93683946 -5.7276144 3.5496354 0.90625 0 0 0 0
-0.8695181 -5.7876277 3.311069 0 0 0 0 0
-0.92211348 -5.6932645 3.4867811 5.5 0 0 0 0
-0.85212588 -5.6250844 3.5044036 14.110243 0 0 0 0
0.20751116 -5.4979239 3.3691623 0.25 0 0 0 0
0.37982833 -5.5238132 3.367121 0 0 0 0 0
-0.68361747 -5.3498244 3.4578559 12.273004 0 0 0 0
-0.55616617 -5.2527494 3.3636992 0.25 0 0 0 0
-0.039638735 -5.3651042 3.3568249 0.5 0 0 0 0
0.15990558 -5.2479854 3.3518562 0.0052083335 0 0 0 0
0.39038077 -5.2798166 3.3416548 0.25 0 0 0 0
-0.34515393 -4.91117 3.3360922 0.16666667 0 0 0 0
-0.2985895 -4.8987026 3.3338156 0 0 0 0 0
0.38923106 -5.0972929 3.3207688 0 0 0 0 0
0.67487282 -5.0141325 3.3374774 0 0 0 0 0
-0.20637245 -4.6875181 3.4029365 0.125 0 0 0 0
0.82913643 -4.7548523 3.3544688 0 0 0 0 0
0.92427713 -4.5411363 3.3399985 0 0 0 0 0
-1.2900159 -4.342885 3.3104472 0 0 0 0 0
-0.096271679 -4.4709311 3.3311143 0 0 0 0 0
0.020495489 -4.2647252 3.3305559 0 0 0 0 0
1.0029607 -4.4091272 3.3345752 2.25 0 0 0 0
-4.3537498 -4.0315614 3.39272 0 0 0 0 0
-1.4062386 -4.1163239 3.3815937 0 0 0 0 0
0.14904898 -4.0458326 3.369101 0.020833334 0 0 0 0
0.31506798 -4.0671382 3.3436949 0 0 0 0 0
0.65983981 -4.1667724 3.3401499 0 0 0 0 0
-1.108537 -3.629108 3.3641596 0 0 0 0 0
0.27752179 -3.705605 3.5396633 2.129385 0 0 0 0
0.32395136 -3.6978488 3.3800066 1.0138888 0 0 0 0
-1.0192637 -3.4945064 3.3521888 0.75 0 0 0 0
0.29546699 -3.5957682 3.5273671 6.8000002 0 0 0 0
0.41654861 -3.4188795 3.4949431 4.2128143 0 0 0 0
0.82726067 -3.4488211 3.3250856 0 0 0 0 0
1.0557452 -3.4672742 3.3108113 0.041666668 0 0 0 0
1.3035084 -3.3816295 3.3180737 0 0 0 0 0
-3.7795055 -3.0033777 3.3615184 0 0 0 0 0
-0.84847343 -3.0866117 3.3281944 3.5231814 0 0 0 0
0.29725045 -3.065635 3.3124173 1.7142857 0 0 0 0
0.43483779 -3.1508856 3.3865008 3.4997211 0 0 0 0
0.668396 -3.1218736 3.4355729 1.0640529 0 0 0 0
1.1488109 -3.2922812 3.3206019 0 0 0 0 0
1.7207431 -3.1331749 3.3043714 0 0 0 0 0
-3.6539617 -2.8043742 3.3770041 0 0 0 0 0
-0.94870549 -2.8641357 3.5203156 0 0 0 0 0
-0.78374106 -2.8186893 3.3095884 7.25 0 0 0 0
0.81078625 -2.8357532 3.3035252 0.2 0 0 0 0
1.1243768 -2.7293017 3.3155231 0 0 0 0 0
-3.5270934 -2.5770304 3.3604403 0 0 0 0 0
1.2232187 -2.6486928 3.3159657 0 0 0 0 0
-3.3220096 -2.2262416 3.3674695 0 0 0 0 0
-3.2919869 -2.1676407 3.3500006 0 0 0 0 0
2.0158453 -2.225224 3.3158541 0 0 0 0 0
-3.5042036 -2.0147398 3.3166177 1 0 0 0 0
-3.2210684 -2.0280204 3.3554876 0 0 0 0 0
-3.033468 -1.7582331 3.3749762 0 0 0 0 0
-2.8460536 -1.6205976 3.325927 3.8333333 0 0 0 0
-2.7551837 -1.2337036 3.3113394 0.0625 0 0 0 0
-2.7901273 -1.0357157 3.3220065 0.22916667 0 0 0 0
-2.615849 -1.0023048 3.3610053 0 0 0 0 0
-5.7414393 -0.79787892 3.3871467 0 0 0 0 0
-2.7573705 -0.82053995 3.3207462 0.74739587 0 0 0 0
-2.6432941 -0.66376424 3.3351817 0.020833334 0 0 0 0
-5.545577 -0.40626454 3.5350347 0 0 0 0 0
-2.5080519 -0.39294916 3.3318095 0 0 0 0 0
-4.9810462 0.55652153 3.5324957 0 0 0 0 0
-4.8703136 0.78680396 3.4046919 0 0 0 0 0
-4.6512856 1.151888 3.527704 0 0 0 0 0
3.0285246 0.9542616 3.3083465 0 0 0 0 0
3.218657 1.3242109 3.5150151 0.125 0 0 0 0
3.3081679 1.4461508 3.5503488 1 0 0 0 0
3.1843638 1.694374 3.589498 0.0026041667 0 0 0 0
3.4164233 1.5739024 3.5837567 0 0 0 0 0
-4.26717 1.8634957 3.5301003 0 0 0 0 0
2.0518861 2.0533113 3.3050566 0 0 0 0 0
2.1326559 2.0496826 3.311029 0 0 0 0 0
2.5605245 2.0668716 3.5713902 0 0 0 0 0
2.7387557 1.9539127 3.5920992 0.010416667 0 0 0 0
1.988258 2.3199475 3.4921227 0 0 0 0 0
2.4871736 2.1102805 3.5812829 0 0 0 0 0
-3.7628419 2.6940579 3.3342822 0 0 0 0 0
1.9541945 2.4040978 3.5492406 0.083333336 0 0 0 0
-3.6922193 2.856961 3.3319275 0 0 0 0 0
-3.5706418 3.1024899 3.3426666 0 0 0 0 0
-0.53213727 3.1344695 3.303107 0.75 0 0 0 0
-0.23706396 3.282129 3.3038473 0.95317936 0 0 0 0
0.55486178 3.2147448 3.4832487 0.015625 0 0 0 0
-3.4214675 3.307452 3.3302839 0 0 0 0 0
-0.024027025 3.4794259 3.5318508 0.38020834 0 0 0 0
0.18678257 3.4231052 3.551172 0.38306952 0 0 0 0
5.5116444 3.3074076 3.3619499 0 0 0 0 0
-0.6359638 3.8904841 3.5867798 0.5 0 0 0 0
-0.41438699 3.7593732 3.559504 0.11405437 0 0 0 0
4.7274108 3.8354177 3.3943954 0.25 0 0 0 0
4.9188809 3.7185888 3.3904297 0 0 0 0 0
5.2694273 3.8456192 3.3954718 0 0 0 0 0
4.2867708 4.0743685 3.3857803 0.20833334 0 0 0 0
4.5601282 4.0062952 3.3894639 0.00390625 0 0 0 0
4.8709989 4.0637197 3.3867588 0.52083331 0 0 0 0
-1.2200903 4.227519 3.59378 0.44444445 0 0 0 0
-1.1927418 4.2196326 3.5951982 0.125 0 0 0 0
4.4048395 4.3099303 3.3902178 0.671875 0 0 0 0
4.678421 4.2144485 3.4005883 0.25 0 0 0 0
5.5294132 4.4527893 3.5784364 10.625 0 0 0 0
5.9417987 4.3524199 3.4854922 1.5 0 0 0 0
6.0278234 4.356885 3.5035381 2 0 0 0 0
2.9586756 4.736259 3.3186889 0 0 0 0 0
5.0782542 4.6456723 3.5609639 9 0 0 0 0
5.2416201 4.6799641 3.5499918 11.764396 0 0 0 0
5.5376167 4.5367432 3.5253973 7.583333 0 0 0 0
2.9450102 4.8467617 3.3546374 0.083333336 0 0 0 0
3.103055 5.0788503 3.3805482 0.5 0 0 0 0
4.3411589 5.0522523 3.5757675 8.96875 0 0 0 0
4.6689105 5.0179844 3.5548 4.3165317 0 0 0 0
4.8852634 5.003119 3.5595593 3.5 0 0 0 0
5.1461339 4.8054299 3.5518043 3 0 0 0 0
2.9238243 5.1951098 3.3491488 0.18945312 0 0 0 0
3.0907633 5.1092486 3.3494902 0.5 0 0 0 0
4.0965157 5.291666 3.5550225 4.28125 0 0 0 0
4.3087959 5.2112079 3.5711126 13.103157 0 0 0 0
4.6811728 5.1126018 3.5424094 2.5 0 0 0 0
5.972568 5.2585526 3.5683374 3.625 0 0 0 0
6.5935893 5.2555752 3.5722334 4 0 0 0 0
3.5048723 5.6249437 3.5847635 3.0416667 0 0 0 0
3.7472415 5.4975367 3.5806079 5.8019285 0 0 0 0
3.9595199 5.5076618 3.5647068 9.4375 0 0 0 0
5.2450995 5.6632581 3.5727258 3.25 0 0 0 0
5.4875135 5.5771713 3.5671427 1.875 0 0 0 0
3.2561409 5.8221302 3.5783834 13.081575 0 0 0 0
3.3554358 5.7096806 3.5711904 7 0 0 0 0
4.1801977 5.8129687 3.4108944 2.3333333 0 0 0 0
4.2065344 5.8736649 3.3792098 2 0 0 0 0
5.0065513 5.8248925 3.5616713 4 0 0 0 0
5.2067928 5.736886 3.5610294 4.125 0 0 0 0
2.5619111 6.2516928 3.5288215 7.25 0 0 0 0
2.7834716 6.1498556 3.5712342 3.3378472 0 0 0 0
3.1721392 6.0018501 3.5492239 2.5 0 0 0 0
4.1564569 6.2467384 3.5713918 3 0 0 0 0
4.3163719 6.2117147 3.4676971 3.4027777 0 0 0 0
2.6058378 6.3032475 3.5114961 1 0 0 0 0
3.9903669 6.4625187 3.5888257 3.375 0 0 0 0
4.336628 6.3422899 3.5208859 2.5416665 0 0 0 0
4.5179973 6.4320111 3.3340621 8 0 0 0 0
2.1750271 6.6142306 3.5448301 1 0 0 0 0
5.0980964 7.4850035 3.3619246 8 0 0 0 0
5.2357883 7.6405311 3.5604756 2 0 0 0 0
5.0872364 8.0769701 3.5510159 13.25 0 0 0 0
5.2581224 7.9388251 3.5346143 10.479166 0 0 0 0
5.428916 8.0102253 3.4745479 9.5 0 0 0 0
4.9598336 8.1471462 3.5617871 15 0 0 0 0
5.2428904 8.1973257 3.5080452 12.100447 0 0 0 0
4.6826296 8.6647644 3.4876046 4.4416666 0 0 0 0
4.9070129 8.5299835 3.4809122 3.95 0 0 0 0
4.1194978 8.9900694 3.5181799 4 0 0 0 0
4.3204355 8.8711643 3.4900885 4.507576 0 0 0 0
4.5657711 8.7342482 3.5677748 5.5 0 0 0 0
3.7819724 9.219101 3.5339649 7.4500003 0 0 0 0
3.9697316 9.0852041 3.5286896 3.3333333 0 0 0 0
3.3965113 9.523037 3.5325089 3 0 0 0 0
-2.1184022 -7.9544001 3.6211977 0 0 0 0 0
-0.17168391 -4.6136961 3.633636 0 0 0 0 0
0.0092504332 -4.2966132 3.6057868 0 0 0 0 0
0.19055699 -3.90433 3.6141918 0 0 0 0 0
-4.1190405 -3.6817167 3.7601545 0 0 0 0 0
-1.064544 -3.0611539 3.8071742 0 0 0 0 0
-0.99887133 -2.9501743 3.7123785 0 0 0 0 0
-3.5281994 -2.6282172 3.7843072 0.25260416 0 0 0 0
-3.2554715 -2.1409464 3.8256614 0 0 0 0 0
-3.0826049 -1.8421521 3.7359178 0 0 0 0 0
-3.0454292 -1.7894759 3.6599607 0 0 0 0 0
-2.847918 -1.4351938 3.7602019 0 0 0 0 0
-5.9780159 -1.1342038 3.7293651 0 0 0 0 0
-5.554913 -0.43969727 3.7233946 0 0 0 0 0
-5.2433596 0.089226045 3.6881669 0 0 0 0 0
-5.0562992 0.42377594 3.6157413 0 0 0 0 0
-4.8287115 0.83490378 3.6222508 0 0 0 0 0
3.54141 1.4910901 3.716361 0 0 0 0 0
3.2066488 1.6841527 3.6327214 0.041687012 0 0 0 0
3.4253311 1.5567002 3.6221356 0.020833334 0 0 0 0
2.6927638 1.9875634 3.6125126 0 0 0 0 0
2.7954302 1.9237179 3.6196527 0.11799666 0 0 0 0
2.4319935 2.1347456 3.6176205 0 0 0 0 0
-3.6833887 2.8612919 3.7491534 0 0 0 0 0
-3.6062257 3.0271986 3.8381152 0 0 0 0 0
-3.4868996 3.2186475 3.7256355 0 0 0 0 0
-0.0040804893 3.5042284 3.6027136 0.2 0 0 0 0
0.011639617 3.5138497 3.6348011 0.84175211 0 0 0 0
-0.62417251 3.8914146 3.7888708 0.25 0 0 0 0
-0.47342563 3.7936106 3.6626182 0.083333336 0 0 0 0
-1.0909255 4.1559815 3.795352 0.50046462 0 0 0 0
-0.73273879 3.9480853 3.6848769 0.61669362 0 0 0 0
-1.2316039 4.2322493 3.8695292 0 0 0 0 0
-1.1887702 4.2172832 3.7256465 0.25892857 0 0 0 0
5.523201 4.3872643 3.6290188 0.5 0 0 0 0
4.9737339 4.7162037 3.6138718 3.125 0 0 0 0
5.2684278 4.525651 3.6062813 4 0 0 0 0
4.377244 5.0455856 3.6095595 2 0 0 0 0
4.6599684 4.901289 3.6145749 1 0 0 0 0
5.9968987 5.0547924 3.7936397 3 0 0 0 0
6.0348825 5.0228062 3.7863202 4 0 0 0 0
4.8613029 5.3204079 3.6771924 8 0 0 0 0
5.5341926 5.3127751 3.7966926 4.4166665 0 0 0 0
5.8123307 5.1883302 3.8138111 2.25 0 0 0 0
3.3054264 5.6997538 3.6091738 2.6666667 0 0 0 0
4.7699337 5.6830893 3.8055754 14 0 0 0 0
4.9080863 5.6755052 3.791235 3.625 0 0 0 0
5.266531 5.4890432 3.8181782 3.34375 0 0 0 0
4.1924615 5.8403249 3.7158277 2.5 0 0 0 0
4.2007728 5.9893746 3.7456968 3 0 0 0 0
4.7058659 5.8025327 3.8263464 7.125 0 0 0 0
4.8651195 5.7301817 3.7174113 4.5906248 0 0 0 0
2.7791977 6.1265464 3.6018407 2 0 0 0 0
4.1163988 6.1345358 3.761662 5.8802085 0 0 0 0
4.2664318 6.0091753 3.7224183 2.1666667 0 0 0 0
3.5083263 6.495039 3.8230124 7.75 0 0 0 0
3.7761383 6.4113817 3.7156634 4.0680342 0 0 0 0
3.9267616 6.4274559 3.6542816 4.25 0 0 0 0
3.4980955 6.6758089 3.8506618 2.6875 0 0 0 0
5.0837812 8.0667963 3.6586468 15.25 0 0 0 0
5.2368937 7.9738059 3.6999214 9.3888893 0 0 0 0
4.6764197 8.3361492 3.7541285 5.6875 0 0 0 0
4.8792257 8.2953091 3.6459918 8.3794489 0 0 0 0
4.4328094 8.472229 3.8988798 3 0 0 0 0
4.6770606 8.6670609 3.6538558 2.9618056 0 0 0 0
4.8610306 8.4303522 3.6142364 4.802083 0 0 0 0
4.2837577 8.8828583 3.7647657 3.8531253 0 0 0 0
4.5946431 8.7226105 3.7284372 3.1597223 0 0 0 0
3.8618646 9.1986799 3.6483378 7.6999998 0 0 0 0
4.089745 9.0174217 3.6237864 2.5 0 0 0 0
3.6814685 9.3331842 3.7596927 14 0 0 0 0
-1.2333916 -3.2422481 4.1669211 0 0 0 0 0
-1.1302512 -3.1826463 4.0312576 0 0 0 0 0
-3.7032773 -2.9310372 3.9250216 0 0 0 0 0
-3.5768347 -2.7134273 3.9341764 0 0 0 0 0
-3.450201 -2.4882123 3.9387059 0 0 0 0 0
-3.1821067 -2.2026191 4.1758461 0 0 0 0 0
-3.1965165 -2.0320072 3.9714758 0 0 0 0 0
-6.2031441 -1.5947198 3.9899697 0 0 0 0 0
-3.9608126 -1.1580067 4.1863947 0 0 0 0 0
-5.8124075 -0.8548606 4.0004373 0 0 0 0 0
-5.3823633 -0.11136575 3.9470236 0 0 0 0 0
-5.2403326 0.086609855 3.9568145 0 0 0 0 0
-5.0788517 0.39911151 3.9494023 0 0 0 0 0
-4.827065 0.86774313 3.9728906 0 0 0 0 0
-4.5725718 1.3258042 3.9670217 0 0 0 0 0
3.5025001 1.4346623 4.1154051 0.010416667 0 0 0 0
3.6236033 1.4130377 4.1257544 0 0 0 0 0
3.1669011 1.7171466 3.9421203 0 0 0 0 0
3.3897529 1.5943443 3.9590237 0 0 0 0 0
2.6574292 2.0225451 3.9517827 0 0 0 0 0
2.774219 1.9558206 3.9421837 0 0 0 0 0
-3.6514192 2.9264677 3.9536815 0 0 0 0 0
-3.5238574 3.1415133 3.9461455 0 0 0 0 0
-3.4386189 3.3187795 3.9754772 0 0 0 0 0
-1.2066094 4.1917133 4.1719546 0 0 0 0 0
-1.1363752 4.1724939 4.064723 0.52953547 0 0 0 0
-0.82821167 3.960762 4.1214304 0.29073948 0 0 0 0
-1.2258143 4.2259398 4.0591135 0.26733631 0 0 0 0
-1.1859596 4.2017422 4.0265741 0.66666669 0 0 0 0
6.5321808 6.5417352 4.1672449 2.75 0 0 0 0
6.8886218 6.5356793 4.1371641 7 0 0 0 0
3.4028647 6.769702 3.9107256 0.5 0 0 0 0
6.1943359 6.7241039 4.1459389 5.5 0 0 0 0
6.4767776 6.7310333 4.1336622 8.135416 0 0 0 0
6.690402 6.8243876 4.1515794 4.5 0 0 0 0
5.6797514 7.13134 4.1296144 8.75 0 0 0 0
5.8212872 7.0230265 4.1308889 10.125 0 0 0 0
6.0738306 7.1147027 4.1355271 9.875 0 0 0 0
4.9687366 7.4557881 4.129622 10 0 0 0 0
5.839467 7.2595797 4.1284399 6.3723955 0 0 0 0
6.1825171 7.2481422 4.1345119 6 0 0 0 0
4.9175253 7.6487212 4.1371174 9.53125 0 0 0 0
5.1575775 7.5349207 3.9919012 1 0 0 0 0
5.0128121 7.9287539 4.1305861 9.75 0 0 0 0
5.2422581 7.9884171 4.0300279 8.6564236 0 0 0 0
4.7622871 8.2540655 4.0771265 18.512981 0 0 0 0
4.8591576 8.2002535 3.9672728 13.71302 0 0 0 0
5.1363459 8.1186676 3.9219813 3 0 0 0 0
4.1341743 8.626894 4.0817022 3 0 0 0 0
4.3804832 8.4795113 4.0405345 10.419704 0 0 0 0
4.5014763 8.4099855 4.0987663 11 0 0 0 0
3.7402432 8.8795557 4.1826515 2 0 0 0 0
4.1263609 8.785408 4.060029 3.2708333 0 0 0 0
4.3754964 8.9445677 3.907553 3 0 0 0 0
3.9112449 9.2098904 3.909574 3 0 0 0 0
-2.9294305 -9.5845356 4.3200865 1 0 0 0 0
-2.8840036 -8.9239445 4.3039045 1 0 0 0 0
-2.3294175 -8.5862684 4.3110127 1 0 0 0 0
-2.6279292 -7.8327546 4.3298354 0 0 0 0 0
-2.2489324 -7.9730363 4.317225 0.5 0 0 0 0
-1.7258503 -7.9103565 4.3230867 0.25 0 0 0 0
-2.2453659 -7.5771961 4.3378506 1 0 0 0 0
-1.716733 -7.6519938 4.3140888 1 0 0 0 0
-2.2120318 -7.2277856 4.308342 0.75 0 0 0 0
-2.0341299 -7.3901038 4.3203645 0 0 0 0 0
-1.6690173 -7.301218 4.3259153 0.66666669 0 0 0 0
-1.3606094 -7.4252272 4.3291702 0.75 0 0 0 0
-2.3823159 -6.9489341 4.308928 0 0 0 0 0
-1.6045074 -6.9817595 4.3291693 0 0 0 0 0
-1.337749 -7.0842481 4.3155041 0.375 0 0 0 0
-2.2085512 -6.6502581 4.3156252 0.16666667 0 0 0 0
-1.8323652 -6.794807 4.3062711 1 0 0 0 0
-1.7091873 -6.7916203 4.3138876 0.875 0 0 0 0
-1.2874531 -6.6656103 4.3135672 0.5625 0 0 0 0
-2.1219082 -6.4240041 4.3126707 0 0 0 0 0
-1.631238 -6.5908175 4.3204832 0.083333336 0 0 0 0
-1.3895636 -6.4132833 4.3145475 0.90277779 0 0 0 0
-1.0892303 -6.4472718 4.3235302 0.5 0 0 0 0
-1.9505399 -6.1637197 4.3323073 0.33333334 0 0 0 0
-1.3215402 -6.1124992 4.3102293 0.55208331 0 0 0 0
-1.0555501 -6.2455978 4.3268051 0.33750001 0 0 0 0
-0.78284442 -6.0648642 4.309742 0.44791666 0 0 0 0
-1.820641 -5.8364539 4.3186731 0.18098959 0 0 0 0
-1.7258981 -5.857429 4.3385782 0 0 0 0 0
-1.3920867 -5.7091937 4.3084116 0 0 0 0 0
-1.1506559 -5.7989192 4.3014002 0.5 0 0 0 0
-0.80859977 -5.8464508 4.3065443 0.45972219 0 0 0 0
-0.48416448 -5.8111835 4.3194351 0.25 0 0 0 0
-1.5927466 -5.5204153 4.3073072 0.5 0 0 0 0
-1.2262741 -5.5803437 4.3022327 0.70833337 0 0 0 0
-1.0758462 -5.6066866 4.3007479 0.36696428 0 0 0 0
-0.72112954 -5.5864363 4.3031373 0.16666667 0 0 0 0
-0.49237838 -5.567894 4.3093386 0.40972221 0 0 0 0
-0.25875822 -5.417819 4.3035898 0.25 0 0 0 0
-1.5207202 -5.3461676 4.3114243 0.125 0 0 0 0
-1.2847306 -5.3666263 4.2957144 0.375 0 0 0 0
-0.68631083 -5.1675663 4.2897949 0.38053387 0 0 0 0
-0.39150923 -5.1970425 4.2948356 0.053240743 0 0 0 0
-0.19912302 -5.1601486 4.2937908 0.09375 0 0 0 0
-1.4053346 -5.0902796 4.2944627 0 0 0 0 0
-1.0232399 -4.9671354 4.2939839 0 0 0 0 0
-0.68327475 -4.9533863 4.2884607 0.15568049 0 0 0 0
-0.34232941 -5.0552759 4.3015471 0 0 0 0 0
-0.20703074 -5.0594635 4.2994585 0.14743304 0 0 0 0
0.075527586 -4.8580475 4.2913284 0.5017361 0 0 0 0
-1.2382718 -4.7932482 4.2985344 0 0 0 0 0
-1.0717452 -4.5743375 4.2963228 0.00027901787 0 0 0 0
-0.6318025 -4.6617041 4.2934256 0 0 0 0 0
-0.44566846 -4.7068062 4.291265 0 0 0 0 0
-0.21610801 -4.6651487 4.2841635 1.9666884e-05 0 0 0 0
0.15864882 -4.6844444 4.2942276 0.25575766 0 0 0 0
-0.97754145 -4.3044872 4.2948132 0 0 0 0 0
-0.68978989 -4.2583647 4.2884007 0 0 0 0 0
-0.55776536 -4.4667358 4.2918167 0 0 0 0 0
-0.18164633 -4.3727708 4.2938499 0.0013374486 0 0 0 0
0.13895948 -4.2798686 4.2859235 0.30208334 0 0 0 0
-7.5688539 -4.0651851 4.2317815 1 0 0 0 0
-0.6571508 -4.0777898 4.286932 0.049491376 0 0 0 0
-0.22794554 -4.0690041 4.2873611 0.0004127904 0 0 0 0
0.1810578 -4.0923977 4.2840743 0.22011891 0 0 0 0
-0.63602281 -3.7880602 4.2796011 0.077421576 0 0 0 0
-0.59642267 -3.7558608 4.2803965 0 0 0 0 0
-0.08278729 -3.8297055 4.2769156 0.01171458 0 0 0 0
0.20093769 -3.8356967 4.2769094 0.013997396 0 0 0 0
0.38392162 -3.7868507 4.2874322 0.19298401 0 0 0 0
0.65902847 -3.7347293 4.3007269 0 0 0 0 0
-1.3482088 -3.3093827 4.2840252 0 0 0 0 0
-3.7977529 -3.1504266 4.2814598 0 0 0 0 0
-1.3376192 -3.2878315 4.2905388 0 0 0 0 0
-3.325844 -2.9091327 4.2555523 0 0 0 0 0
-3.0936003 -2.5962014 4.2573624 0 0 0 0 0
-2.9051147 -2.4335642 4.25249 0 0 0 0 0
-3.2127383 -2.2656128 4.2636385 0 0 0 0 0
-2.8076754 -2.1701124 4.2532377 0 0 0 0 0
-5.7204866 -2.0873024 4.4183025 0 0 0 0 0
-5.5584402 -1.888411 4.3950911 0 0 0 0 0
-4.0875144 -1.8080096 4.2844748 0 0 0 0 0
-2.6760867 -1.9415908 4.2651563 0 0 0 0 0
-5.9291759 -1.6571912 4.479681 0 0 0 0 0
-5.5819941 -1.7792395 4.4083405 0 0 0 0 0
-4.6033297 -1.564512 4.3060379 0 0 0 0 0
-4.3326969 -1.6617188 4.2742577 0 0 0 0 0
-4.1209745 -1.7942948 4.2874031 0 0 0 0 0
-3.0056529 -1.7005742 4.2861824 0 0 0 0 0
-2.9468884 -1.7603884 4.2722473 0 0 0 0 0
-5.6085615 -1.4149297 4.4397826 0 0 0 0 0
-3.9533949 -1.2171324 4.2604146 0 0 0 0 0
-3.888859 -1.217607 4.2635012 0 0 0 0 0
-5.8223872 -1.0108687 4.4837389 0 0 0 0 0
-4.2596722 -1.0293719 4.2770052 0 0 0 0 0
-3.9711993 -1.147841 4.2227736 0 0 0 0 0
-3.8423083 -0.9623673 4.2623615 0 0 0 0 0
-5.23493 -0.62225795 4.4353943 0 0 0 0 0
-4.1002798 -0.71605468 4.2789555 0 0 0 0 0
-3.7731009 -0.80005443 4.2545643 0 0 0 0 0
-5.5737 -0.49029788 4.4729981 0 0 0 0 0
-3.9824557 -0.47251767 4.2907286 0 0 0 0 0
-3.6658711 -0.59314549 4.2698102 0 0 0 0 0
-3.5836401 -0.40423527 4.2533736 0 0 0 0 0
-3.2243025 0.14463687 4.2067251 0 0 0 0 0
-4.0585556 0.67792881 4.3585572 0 0 0 0 0
3.3638041 0.85747826 4.2393074 0 0 0 0 0
3.4969642 1.0642358 4.2356329 0 0 0 0 0
-4.5832443 1.2032756 4.453649 0 0 0 0 0
3.2541265 1.2610836 4.2411203 0 0 0 0 0
3.5067692 1.3975263 4.2488785 0 0 0 0 0
3.6458073 1.3475952 4.2391257 0 0 0 0 0
-3.930239 1.6591201 4.426249 0 0 0 0 0
-3.8334212 1.7706728 4.4046669 0 0 0 0 0
-3.799849 1.8480308 4.4156585 0 0 0 0 0
-3.3968422 1.8649098 4.386272 0 0 0 0 0
-2.9141881 1.9500575 4.3237872 0 0 0 0 0
-3.9956143 2.2350528 4.4656177 0 0 0 0 0
-3.6018434 2.3961167 4.4357171 0 0 0 0 0
-3.5113583 2.3688474 4.424942 0 0 0 0 0
-3.1630492 2.3979638 4.3710632 0 0 0 0 0
-2.7034278 2.3494692 4.3053322 0 0 0 0 0
-2.6962967 2.3358972 4.3152542 0 0 0 0 0
-3.8182158 2.5463784 4.4645605 0 0 0 0 0
-3.399545 2.5576065 4.4054723 0 0 0 0 0
-3.1841774 2.5215058 4.3879957 0 0 0 0 0
-2.9429991 2.6493163 4.3712416 0 0 0 0 0
-2.5801458 2.4784982 4.2961459 0 0 0 0 0
-3.6858623 2.802371 4.4644051 0 0 0 0 0
-3.3278842 2.7511497 4.4259024 0 0 0 0 0
-3.1848683 2.9154825 4.4028597 0 0 0 0 0
-2.8814898 2.7896032 4.3606682 0 0 0 0 0
-3.4587665 3.2831192 4.2494102 0 0 0 0 0
-3.1973913 3.0092957 4.4411182 0 0 0 0 0
-2.370717 3.5449133 4.333744 0 0 0 0 0
-1.0676475 3.8697219 4.2164221 0.40713471 0 0 0 0
-1.2366585 4.1627307 4.209094 0.2 0 0 0 0
-0.99984664 4.0169549 4.2157335 0.13909063 0 0 0 0
-0.84417498 3.959496 4.2119312 0.14285715 0 0 0 0
4.6919727 7.753232 4.2363663 7 0 0 0 0
4.4686537 7.9276505 4.3668113 7 0 0 0 0
4.5987387 7.9847975 4.3281336 7.9166665 0 0 0 0
4.9115252 8.0283852 4.2091656 5.5 0 0 0 0
4.6282339 8.2459354 4.3468637 15.692871 0 0 0 0
4.1848049 8.641386 4.424017 3.65625 0 0 0 0
4.3823423 8.4954929 4.4044762 8.9851999 0 0 0 0
3.7862153 8.8395443 4.3625154 5.53125 0 0 0 0
3.5391021 9.4234467 4.2018056 7 0 0 0 0
-6.3249865 -1.8068619 4.5092344 0 0 0 0 0
4.044909 8.0611706 4.6200223 1 0 0 0 0
3.812408 8.3117409 4.7351785 3.25 0 0 0 0
3.9260352 8.3677187 4.7303381 2 0 0 0 0
3.8289597 8.4589634 4.7384033 2.5 0 0 0 0
4.0235457 8.6195564 4.598115 7.5 0 0 0 0
4.347785 8.4175816 4.528676 6.5 0 0 0 0
3.8019371 8.8319969 4.5563602 9.8000002 0 0 0 0
3.9279809 8.7606602 4.5570011 8.5 0 0 0 0
3.3024938 9.1717472 4.5188656 4 0 0 0 0
3.2334788 9.3384399 4.6098509 1 0 0 0 0
3.7177548 8.7750463 4.9157228 1.78125 0 0 0 0
