# .PCD v0.7 - Point Cloud Data file format
VERSION 0.7
FIELDS x y z intensity normal_x normal_y normal_z curvature
SIZE 4 4 4 4 4 4 4 4
TYPE F F F F F F F F
COUNT 1 1 1 1 1 1 1 1
WIDTH 8802
HEIGHT 1
VIEWPOINT 0 0 0 1 0 0 0
POINTS 8802
DATA ascii
-16.974693 9.7754784 -1.9887515 3 0 0 0 0
-17.030508 10.033144 -1.8983504 4 0 0 0 0
-17.010357 9.7223415 -1.6041946 3.125 0 0 0 0
-16.981504 10.077199 -1.5520849 3.46875 0 0 0 0
-16.944271 -2.2562551 -1.2468655 1.75 0 0 0 0
-16.934 -1.9819642 -1.2234862 2 0 0 0 0
-5.759789 8.2704086 -1.2325037 1.2291667 0 0 0 0
-5.5091019 8.2703934 -1.2400713 1.15625 0 0 0 0
-5.2278576 8.2784843 -1.2497106 1.0651041 0 0 0 0
-4.9482002 8.3568764 -1.2489241 1 0 0 0 0
-4.7028227 8.3892345 -1.2691388 1 0 0 0 0
-3.7248216 8.397522 -1.2351003 1 0 0 0 0
-4.9561405 8.4048157 -1.2631607 1 0 0 0 0
-4.620429 8.4118481 -1.2429681 1 0 0 0 0
-4.2975235 8.4400063 -1.2417951 1 0 0 0 0
-4.1396651 8.4409637 -1.2399724 0.75 0 0 0 0
-3.7858331 8.4231415 -1.2442025 1 0 0 0 0
-16.995436 9.5945215 -1.3504473 5 0 0 0 0
-16.996542 9.77034 -1.2935088 4.7468872 0 0 0 0
-17.00708 9.9617996 -1.3598229 3.7352228 0 0 0 0
-7.035511 -8.2686815 -0.92632151 1 0 0 0 0
-6.7311163 -8.3073502 -0.94044733 1 0 0 0 0
-6.5383005 -8.2893543 -0.92581117 1 0 0 0 0
-6.2180228 -8.293829 -0.97042429 1 0 0 0 0
-5.8203306 -8.2856693 -0.94530666 1.0729166 0 0 0 0
-5.4488344 -8.2713032 -0.99878687 1 0 0 0 0
-5.3021584 -8.2804117 -0.99278903 0.75390625 0 0 0 0
-4.8330331 -8.263092 -0.92587209 1.0535715 0 0 0 0
-4.6730165 -8.2560844 -1.0067185 1.2 0 0 0 0
-4.358922 -8.2611561 -0.99499774 0.87333012 0 0 0 0
-4.0782471 -8.2648525 -0.98148543 1.1171875 0 0 0 0
-3.7409792 -8.2623138 -0.99245787 2.9928386 0 0 0 0
-3.5125542 -8.2675972 -0.98397911 1.0004234 0 0 0 0
-3.141633 -8.2358446 -0.93584669 1.7500992 0 0 0 0
-2.4670086 -8.2710438 -0.9580375 0.49525961 0 0 0 0
-2.3713539 -8.2507 -0.93714273 0.88802087 0 0 0 0
-1.9113786 -8.2504826 -0.9601872 3.1399088 0 0 0 0
-1.6748476 -8.2711716 -1.0267385 0.19444446 0 0 0 0
-1.3912092 -8.2573519 -0.93603158 0.19781163 0 0 0 0
-1.1932999 -8.2338991 -0.94090444 1 0 0 0 0
-7.603518 -5.7090378 -0.93598062 2 0 0 0 0
-7.6182346 -5.6214809 -0.97845924 1.59375 0 0 0 0
-7.2952347 -5.6860781 -0.92311239 1 0 0 0 0
-7.0708809 -5.6684389 -0.94995683 1 0 0 0 0
-6.4399228 -5.6328859 -0.91936088 1 0 0 0 0
-13.582765 -5.2887955 -1.0212967 1 0 0 0 0
-13.361493 -5.3020778 -1.0260334 1 0 0 0 0
-12.726009 -5.2764249 -0.9425447 1 0 0 0 0
-12.442093 -5.2817378 -0.95307255 1 0 0 0 0
-11.728197 -5.2554107 -1.0537434 1 0 0 0 0
-11.442115 -5.2756443 -0.94197023 1 0 0 0 0
-11.166695 -5.2747493 -0.96330965 1 0 0 0 0
-11.069649 -5.2654257 -1.0489166 5.75 0 0 0 0
-10.58329 -5.2677231 -1.0145856 1.015625 0 0 0 0
-10.444008 -5.2745504 -0.96055382 1 0 0 0 0
-9.9649153 -5.2650518 -0.97778392 1.953125 0 0 0 0
-9.7125473 -5.259738 -1.1587024 1 0 0 0 0
-9.4891634 -5.2710633 -0.96746522 1 0 0 0 0
-9.1292238 -5.2555017 -0.96252966 0.8125 0 0 0 0
-8.9445877 -5.2708588 -0.9237901 1.625 0 0 0 0
-8.48419 -5.2664781 -0.92890537 1.03125 0 0 0 0
-8.2215939 -5.2683415 -0.98734009 1.03125 0 0 0 0
-7.6671333 -5.2901716 -0.99019426 1 0 0 0 0
-16.949375 -2.4194593 -1.1328321 2.5 0 0 0 0
-16.935646 -2.2130671 -1.0316283 8.361165 0 0 0 0
-16.921535 -1.9615421 -1.0409739 3.2571616 0 0 0 0
-16.910969 -1.2248771 -0.90009439 9 0 0 0 0
-16.939528 -1.0371244 -0.98596221 2.3125 0 0 0 0
-16.988781 -0.87868547 -0.91476619 2 0 0 0 0
-8.9921846 1.7765334 -0.9091242 12.666667 0 0 0 0
-9.337079 2.0017009 -1.096489 1 0 0 0 0
-9.046648 1.9190707 -0.93470812 3.75 0 0 0 0
-9.1172981 2.2671845 -1.0286878 0.5 0 0 0 0
-9.0603085 2.4763663 -0.91910738 2 0 0 0 0
-9.6363134 2.9520636 -1.0755548 1 0 0 0 0
-9.3536882 2.9579868 -1.1388185 1 0 0 0 0
-9.1267986 2.8260293 -0.97999889 7.4583335 0 0 0 0
-9.6567163 3.0036063 -1.0953559 1 0 0 0 0
-9.3102875 3.0023334 -1.0923063 1 0 0 0 0
-9.1337872 3.1198282 -0.97217542 1.3046875 0 0 0 0
-9.1704092 3.3562181 -0.96569467 1.5 0 0 0 0
-9.4431534 3.6113322 -1.0893414 1 0 0 0 0
-4.1414261 6.0990915 -0.90242398 0 0 0 0 0
-3.4455719 6.2115631 -0.90346599 0.33333334 0 0 0 0
-3.1583247 6.1246529 -0.90082824 0 0 0 0 0
-4.4457965 6.4952297 -0.90709132 0 0 0 0 0
-3.9874518 6.4165292 -0.90417707 0 0 0 0 0
-3.4616268 6.5682058 -0.90628016 0 0 0 0 0
-4.5478287 6.7780356 -0.90433598 0.375 0 0 0 0
-4.2394176 6.8492889 -0.90450627 0.5 0 0 0 0
-4.0993714 6.722146 -0.90273309 0.25 0 0 0 0
-3.6478467 6.7563205 -0.90393424 0 0 0 0 0
-3.4304938 6.7158699 -0.90478122 0 0 0 0 0
-3.2120793 6.660388 -0.91211772 0 0 0 0 0
-4.9161072 7.1021962 -0.90597856 0.6875 0 0 0 0
-4.6503744 6.9533129 -0.90888548 0.125 0 0 0 0
-4.4044671 6.9262428 -0.90151775 0 0 0 0 0
-4.0854688 6.9702024 -0.9029274 0 0 0 0 0
-5.122889 7.4717188 -0.90439039 1 0 0 0 0
-4.9802585 7.2681427 -0.9095791 0 0 0 0 0
-4.3784781 7.4306307 -0.9024325 0.75 0 0 0 0
-4.1986804 7.2782712 -0.90333402 1 0 0 0 0
-3.6474733 7.4226389 -0.90649998 0.125 0 0 0 0
-5.3296738 7.7026815 -0.92256725 0.875 0 0 0 0
-5.0094414 7.5855584 -0.90804845 1 0 0 0 0
-4.6226869 7.6064758 -0.91057122 0.625 0 0 0 0
-4.3737183 7.5649343 -0.91429937 0 0 0 0 0
-4.0566063 7.6571288 -0.90056264 0.5 0 0 0 0
-3.617507 7.5805454 -0.90466768 0 0 0 0 0
-5.7334299 7.9526801 -0.90702748 9.958334 0 0 0 0
-5.6846247 7.9794412 -0.92663747 7.25 0 0 0 0
-6.2458768 8.272459 -0.90185887 3 0 0 0 0
-5.7544565 8.2751083 -1.1341511 1.0095487 0 0 0 0
-5.5129776 8.2576847 -1.0238059 6.2518983 0 0 0 0
-5.3436084 8.2500191 -1.0572846 14.791144 0 0 0 0
-4.9338069 8.2319355 -0.95097113 12.976222 0 0 0 0
-4.7479324 8.1655741 -0.91293949 8 0 0 0 0
-4.3032246 8.2294674 -0.91833663 20.904161 0 0 0 0
-4.1572409 8.2409515 -0.9253329 16.147879 0 0 0 0
-3.6849768 8.2523632 -0.91858637 17.690865 0 0 0 0
-3.4378502 8.249198 -0.92878658 8.3194437 0 0 0 0
-3.2162943 8.2397537 -0.90644383 13.232991 0 0 0 0
-2.7722795 8.2600784 -0.91783857 2.9327798 0 0 0 0
-2.6223068 8.2698488 -0.90864336 3.4995728 0 0 0 0
-2.3694501 8.3122902 -0.92233169 0.546875 0 0 0 0
-0.41956636 8.2848091 -0.92652202 1.8649088 0 0 0 0
-0.26401246 8.2696953 -0.91590273 4.1584959 0 0 0 0
-6.3615656 8.4731693 -0.91330314 1 0 0 0 0
-16.984264 9.8190269 -1.0623984 4.8450317 0 0 0 0
-5.0115571 9.7763033 -0.90397954 3 0 0 0 0
-16.99696 9.9070454 -1.1480498 4 0 0 0 0
-4.9875164 10.122957 -0.93133855 2.5625 0 0 0 0
-4.9920087 10.406374 -0.91706383 3.5625 0 0 0 0
-4.9877386 10.583212 -0.93775845 1 0 0 0 0
-7.3454723 -8.2456608 -0.75657392 1.625 0 0 0 0
-7.0579891 -8.2678242 -0.86817962 1 0 0 0 0
-6.7666116 -8.212883 -0.73931319 10.882532 0 0 0 0
-6.3815832 -8.2288561 -0.72509837 9.21875 0 0 0 0
-6.0847158 -8.2210054 -0.8027066 10.826286 0 0 0 0
-5.7583332 -8.2026386 -0.68125874 22.692188 0 0 0 0
-5.5809412 -8.2157917 -0.6459505 28.115038 0 0 0 0
-5.3133097 -8.1697025 -0.76002264 13.679688 0 0 0 0
-5.0268593 -8.2098389 -0.71951914 19.852039 0 0 0 0
-4.6517849 -8.2136631 -0.67017102 26.695648 0 0 0 0
-4.4091368 -8.2115402 -0.67220515 23.392502 0 0 0 0
-3.9377232 -8.1962051 -0.74371821 16.114361 0 0 0 0
-3.8416386 -8.1981735 -0.77570426 12.553163 0 0 0 0
-3.3533351 -8.1884747 -0.68108255 20.865658 0 0 0 0
-3.116323 -8.1753588 -0.82547468 12.343624 0 0 0 0
-2.7466903 -8.1900883 -0.65549624 24.252956 0 0 0 0
-2.6578474 -8.1850681 -0.78823256 11.331364 0 0 0 0
-2.1300724 -8.1943932 -0.75060439 13.680296 0 0 0 0
-2.001683 -8.1969452 -0.82265306 6.4735589 0 0 0 0
-1.5972638 -8.1900206 -0.67700386 18.223217 0 0 0 0
-1.4009211 -8.2226896 -0.87971961 0.85015345 0 0 0 0
-0.94669461 -8.2023211 -0.77640051 7.8468647 0 0 0 0
-0.71408808 -8.1794205 -0.68949652 6.4041638 0 0 0 0
-0.52395904 -8.1813354 -0.6212272 11.732902 0 0 0 0
-3.0859709 -8.0887527 -0.75050795 23.75 0 0 0 0
-1.2818985 -8.0867157 -0.76563162 6 0 0 0 0
-6.4206443 -7.6711588 -0.74247074 0.75 0 0 0 0
-6.0765395 -7.5826411 -0.72816336 1 0 0 0 0
-5.7237139 -7.5706329 -0.75051367 1 0 0 0 0
-5.5455008 -7.5399289 -0.75112891 1 0 0 0 0
-5.2208958 -7.5911241 -0.74776328 1 0 0 0 0
-4.9991269 -7.5658178 -0.75330102 1 0 0 0 0
-4.6449842 -7.5857773 -0.76114392 1 0 0 0 0
-4.336679 -7.5513964 -0.75573528 0.98828125 0 0 0 0
-4.0479412 -7.5465631 -0.75296772 1 0 0 0 0
-3.7896581 -7.5922608 -0.75752968 1 0 0 0 0
-3.4977016 -7.5461969 -0.76249719 0.96875 0 0 0 0
-3.1037989 -7.5848346 -0.76898062 0.90625 0 0 0 0
-2.8155804 -7.5591497 -0.767681 0.5 0 0 0 0
-2.5876582 -7.5352306 -0.76586056 0.5 0 0 0 0
-2.2661257 -7.5703468 -0.76398802 0 0 0 0 0
-1.9295871 -7.5793495 -0.76604402 0.5234375 0 0 0 0
-1.7382491 -7.6008573 -0.77222991 0.0078125 0 0 0 0
-1.4255371 -7.5478835 -0.76817596 0.3125 0 0 0 0
-1.0741439 -7.5509067 -0.7643714 0 0 0 0 0
-0.36825907 -7.6399183 -0.75860405 1 0 0 0 0
-6.1445913 -7.4447021 -0.73796391 0.5 0 0 0 0
-5.9795566 -7.2994251 -0.76690716 1 0 0 0 0
-5.5328074 -7.3794575 -0.75182742 1 0 0 0 0
-5.2079964 -7.3554182 -0.75346684 1 0 0 0 0
-5.0312414 -7.3479805 -0.75511247 1 0 0 0 0
-4.7033043 -7.3553238 -0.76613188 0.984375 0 0 0 0
-4.4392829 -7.4697847 -0.76111794 0.125 0 0 0 0
-4.0346603 -7.4465637 -0.76697159 0.375 0 0 0 0
-3.8109794 -7.3324823 -0.75923175 0.81765407 0 0 0 0
-3.452482 -7.3229222 -0.76122606 0.4422048 0 0 0 0
-3.1026733 -7.3861213 -0.76023412 0.20499675 0 0 0 0
-2.8677299 -7.3223867 -0.76391435 0.5625 0 0 0 0
-2.5066862 -7.3512635 -0.76673043 8.1380211e-05 0 0 0 0
-2.1797118 -7.4205723 -0.77017438 0 0 0 0 0
-2.0021677 -7.3213329 -0.77135396 0.015625 0 0 0 0
-1.5392481 -7.3487992 -0.7707783 0.125 0 0 0 0
-1.3518808 -7.4722176 -0.77061415 0 0 0 0 0
-0.99793839 -7.3968878 -0.75564396 0 0 0 0 0
-0.40218574 -7.2298059 -0.76014614 0.0625 0 0 0 0
-6.1119976 -7.1976624 -0.74633574 1 0 0 0 0
-5.8772883 -7.0057435 -0.74326444 0.5 0 0 0 0
-5.5162287 -7.031074 -0.74148703 1 0 0 0 0
-4.9843783 -7.0665474 -0.75492024 0.625 0 0 0 0
-4.7161636 -7.0956488 -0.75300956 0.73958337 0 0 0 0
-4.3038654 -7.0180535 -0.76103687 0.69791669 0 0 0 0
-4.0853477 -7.0463934 -0.74797952 0 0 0 0 0
-3.7511141 -7.0394173 -0.76602554 0.75 0 0 0 0
-3.5372567 -7.1012464 -0.75883931 0.3515625 0 0 0 0
-3.2055962 -7.1148787 -0.76684284 0.00390625 0 0 0 0
-2.8009291 -6.9809599 -0.77361506 0.125 0 0 0 0
-2.4801717 -7.0754981 -0.75871766 0 0 0 0 0
-2.3436551 -6.9902291 -0.7745105 0 0 0 0 0
-1.9883034 -7.0756426 -0.77067488 0 0 0 0 0
-1.5133768 -7.0318532 -0.76671535 0 0 0 0 0
-1.4253323 -7.0854959 -0.77814758 0 0 0 0 0
-0.993918 -6.9035916 -0.75450921 1 0 0 0 0
-0.36698735 -7.1353664 -0.76031625 0.9592495 0 0 0 0
-5.5132089 -6.7951384 -0.75799572 0.5 0 0 0 0
-5.2472234 -6.7145853 -0.74302536 0 0 0 0 0
-5.0031066 -6.8203378 -0.75608635 0.30208334 0 0 0 0
-4.6483893 -6.7441292 -0.75380945 0.34577638 0 0 0 0
-4.2869139 -6.8032675 -0.75392246 0.22353515 0 0 0 0
-4.1186399 -6.7388926 -0.75699216 0.014648438 0 0 0 0
-3.7892056 -6.6502485 -0.75648201 0 0 0 0 0
-3.4418473 -6.6818581 -0.75792551 0.060091145 0 0 0 0
-3.0857105 -6.7689819 -0.76123935 0.0078125 0 0 0 0
-2.96946 -6.7010107 -0.75729597 0 0 0 0 0
-2.505481 -6.7693501 -0.7608453 0.5 0 0 0 0
-2.2348282 -6.7780991 -0.76518166 0 0 0 0 0
-2.016048 -6.8954768 -0.76836687 0 0 0 0 0
-1.5090313 -6.6764774 -0.7679987 0.083333336 0 0 0 0
-1.4983808 -6.636003 -0.75730884 1 0 0 0 0
-1.0867598 -6.7897587 -0.76176691 0 0 0 0 0
-0.32834825 -6.7778797 -0.76062083 0 0 0 0 0
-5.5462961 -6.4916129 -0.76829892 0 0 0 0 0
-5.199635 -6.4772019 -0.74342364 0.083333336 0 0 0 0
-4.9590364 -6.5427971 -0.75488406 0.29166666 0 0 0 0
-4.6926384 -6.4331102 -0.76355267 0 0 0 0 0
-4.2611399 -6.468914 -0.76193595 0.14822049 0 0 0 0
-4.0077381 -6.4272819 -0.76705694 0.19628906 0 0 0 0
-3.7629139 -6.44203 -0.7644285 0.3125 0 0 0 0
-3.3402572 -6.4276958 -0.76101351 0.0625 0 0 0 0
-3.1540165 -6.4390478 -0.76177043 0.00014467593 0 0 0 0
-2.8125243 -6.5178022 -0.765966 0 0 0 0 0
-2.4816549 -6.3988991 -0.76635152 0.017578125 0 0 0 0
-2.1819694 -6.4369497 -0.77235043 0.25 0 0 0 0
-1.9672779 -6.4496055 -0.75612354 0.60416669 0 0 0 0
-1.5116751 -6.4976516 -0.75822937 0.25 0 0 0 0
-1.4769856 -6.5211549 -0.76475734 0.33333334 0 0 0 0
-0.99965286 -6.5874133 -0.76050568 0.25 0 0 0 0
-0.65674913 -6.3844528 -0.7678805 0 0 0 0 0
-0.53351843 -6.325408 -0.75732613 0.125 0 0 0 0
-5.5246964 -6.044878 -0.68811053 29.823053 0 0 0 0
-5.2132282 -6.1629496 -0.74795413 0.5 0 0 0 0
-4.9148092 -6.1823177 -0.75582051 0.47259521 0 0 0 0
-4.622201 -6.1458774 -0.75737369 0.65039062 0 0 0 0
-4.3506336 -6.2118759 -0.75574005 0.90205383 0 0 0 0
-4.030859 -6.1510897 -0.75939286 0.064712524 0 0 0 0
-3.780519 -6.1388607 -0.759507 0.25048828 0 0 0 0
-3.5085769 -6.2096682 -0.76738667 0.66520178 0 0 0 0
-3.079627 -6.1239834 -0.75811231 0 0 0 0 0
-2.8607304 -6.1130495 -0.75811481 0 0 0 0 0
-2.489413 -6.0750208 -0.7640475 0.31565604 0 0 0 0
-2.2462931 -6.1374869 -0.75788164 0.45081019 0 0 0 0
-1.9223253 -6.1439147 -0.76018351 0.041259993 0 0 0 0
-1.6903946 -6.1821947 -0.76744068 0.0080757141 0 0 0 0
-1.2916569 -6.0942163 -0.76205337 0.125 0 0 0 0
-1.0411997 -6.0304127 -0.75801033 0.125 0 0 0 0
-0.83032489 -6.0331736 -0.75448042 0.40993959 0 0 0 0
-0.45818359 -6.1408653 -0.75450855 0.46123001 0 0 0 0
-7.5063529 -5.7401938 -0.76768309 26 0 0 0 0
-5.7132287 -5.7254739 -0.61283159 28 0 0 0 0
-5.5985975 -5.7403536 -0.68939388 21.67979 0 0 0 0
-4.8640771 -5.9007916 -0.75627697 0.984375 0 0 0 0
-4.613935 -5.8488941 -0.75635517 0.96484375 0 0 0 0
-4.349432 -5.8344488 -0.760589 1.1085937 0 0 0 0
-3.9692683 -5.7820048 -0.76190406 0.90898436 0 0 0 0
-3.76443 -5.8265405 -0.76190144 0.83845991 0 0 0 0
-3.388937 -5.9027314 -0.76299953 0.1825234 0 0 0 0
-3.1135938 -5.8378158 -0.76091707 0.56837684 0 0 0 0
-2.7446589 -5.7489419 -0.76939368 0.56216633 0 0 0 0
-2.5695755 -5.7760677 -0.7625733 0.3269043 0 0 0 0
-2.2280574 -5.8242159 -0.7743355 0.063568041 0 0 0 0
-1.9659061 -5.8247252 -0.77048683 0.029019166 0 0 0 0
-1.6324028 -5.8783627 -0.76480019 0.066458896 0 0 0 0
-1.4532156 -5.9078302 -0.76404399 0.17578125 0 0 0 0
-0.96076202 -5.7567477 -0.76109171 0.0068359375 0 0 0 0
-0.78531528 -5.7968035 -0.76184154 0.35925794 0 0 0 0
-0.53470188 -5.7887797 -0.7271539 1.1678648 0 0 0 0
-13.585857 -5.456532 -0.73646963 5 0 0 0 0
-13.298057 -5.4949484 -0.74134821 9 0 0 0 0
-12.371931 -5.4020271 -0.72512096 7 0 0 0 0
-9.3914385 -5.4030766 -0.75477886 9 0 0 0 0
-7.8463588 -5.6068335 -0.7530576 18 0 0 0 0
-7.5803986 -5.6027546 -0.678774 31.081692 0 0 0 0
-7.3266563 -5.6148624 -0.71150053 27.209789 0 0 0 0
-7.0587006 -5.6517062 -0.76546437 25.555582 0 0 0 0
-6.7459679 -5.6281338 -0.70814025 14.7871 0 0 0 0
-6.3586183 -5.6022263 -0.66649413 10.248822 0 0 0 0
-6.1949792 -5.6105118 -0.76995844 2.2019486 0 0 0 0
-5.824296 -5.6402798 -0.66184652 13.105469 0 0 0 0
-5.6256952 -5.6848297 -0.67424411 22 0 0 0 0
-5.0383358 -5.61098 -0.76605642 0.71354169 0 0 0 0
-4.5955505 -5.5551424 -0.76413357 0.96527779 0 0 0 0
-4.4517074 -5.5680943 -0.7689296 0.83227134 0 0 0 0
-4.0180578 -5.5944328 -0.76168895 0.87067872 0 0 0 0
-3.7817869 -5.542964 -0.76661474 0.096354172 0 0 0 0
-3.4047856 -5.6022291 -0.77186608 0.49479169 0 0 0 0
-3.1056714 -5.5187101 -0.76916003 0.53975016 0 0 0 0
-2.8527246 -5.6128988 -0.76254666 0.326886 0 0 0 0
-2.6234715 -5.5223551 -0.77518213 0.026688639 0 0 0 0
-2.2734582 -5.5741577 -0.7696479 0.083333336 0 0 0 0
-2.0414896 -5.5511417 -0.76873255 0.17586975 0 0 0 0
-1.6142733 -5.604609 -0.76466382 0.1310318 0 0 0 0
-1.4720169 -5.5438776 -0.77049398 0.125 0 0 0 0
-0.94551933 -5.664885 -0.76716596 0.25012207 0 0 0 0
-0.75027585 -5.6342807 -0.76375198 0.023890905 0 0 0 0
-0.54297447 -5.6694889 -0.7535913 0.33592805 0 0 0 0
-13.842375 -5.2166414 -0.73298639 1 0 0 0 0
-13.587149 -5.3044147 -0.76568615 5.546875 0 0 0 0
-12.706944 -5.2772865 -0.78744054 4 0 0 0 0
-12.456678 -5.2614059 -0.68922055 10.150726 0 0 0 0
-12.192625 -5.304667 -0.76303697 4.7253418 0 0 0 0
-11.819283 -5.2366543 -0.74271703 4.703125 0 0 0 0
-11.581758 -5.2572861 -0.65153897 15.603516 0 0 0 0
-11.209119 -5.2574177 -0.75848842 12.126953 0 0 0 0
-10.930179 -5.2771006 -0.73707306 14.003418 0 0 0 0
-10.723716 -5.2864614 -0.76188087 9.2439175 0 0 0 0
-10.349487 -5.2372723 -0.66526628 28.166668 0 0 0 0
-10.008415 -5.2628889 -0.83411014 8.058547 0 0 0 0
-9.7128639 -5.2589431 -0.66174531 25.118803 0 0 0 0
-9.5051155 -5.2616692 -0.71920431 21.853516 0 0 0 0
-9.0884686 -5.254323 -0.77590859 18.850046 0 0 0 0
-8.9420433 -5.2414951 -0.83574241 12.639835 0 0 0 0
-8.5936565 -5.2371087 -0.72643435 21.458048 0 0 0 0
-8.2573795 -5.2400799 -0.81248808 3.9208984 0 0 0 0
-7.9052534 -5.2458005 -0.71257883 28.748928 0 0 0 0
-7.6151838 -5.2741041 -0.6513567 53.191769 0 0 0 0
-7.4906225 -5.207778 -0.7561869 10.333333 0 0 0 0
-7.0312872 -5.1678696 -0.77321106 1.2578125 0 0 0 0
-6.7994785 -5.1762176 -0.76439452 1.25 0 0 0 0
-6.3989086 -5.1377459 -0.75915635 0.91666663 0 0 0 0
-6.1372342 -5.1491723 -0.7547462 1.125 0 0 0 0
-5.1351843 -5.360589 -0.77152681 0 0 0 0 0
-4.9280453 -5.3278804 -0.7696079 0.125 0 0 0 0
-4.5397425 -5.265748 -0.76701975 0.296875 0 0 0 0
-4.267643 -5.221139 -0.76252598 0.97916663 0 0 0 0
-4.0311031 -5.2561927 -0.76527286 1.1820354 0 0 0 0
-3.815975 -5.2170696 -0.77005804 0.73008388 0 0 0 0
-3.5132637 -5.2227807 -0.77354991 1.4302701 0 0 0 0
-3.1604328 -5.3040638 -0.76871169 0.99999905 0 0 0 0
-2.7726779 -5.1785188 -0.76959473 0.76040286 0 0 0 0
-2.5544541 -5.2116241 -0.77461004 0.5396229 0 0 0 0
-2.2249279 -5.2012939 -0.77287948 0.41175717 0 0 0 0
-2.0334544 -5.3318796 -0.7740103 0.27138528 0 0 0 0
-1.5661867 -5.1845131 -0.76775634 0.71504867 0 0 0 0
-1.4177904 -5.1464586 -0.77177405 0.59066874 0 0 0 0
-0.99900544 -5.2061176 -0.76572227 0.1663983 0 0 0 0
-0.79512286 -5.2273226 -0.76446682 0.032230563 0 0 0 0
-0.56866217 -5.283186 -0.73747027 0.39270771 0 0 0 0
-13.206114 -4.9882007 -0.76883304 2 0 0 0 0
-12.35567 -4.8694429 -0.74681926 2 0 0 0 0
-10.621408 -4.8049655 -0.75151169 1 0 0 0 0
-10.300234 -4.9307489 -0.77421898 1 0 0 0 0
-9.9255381 -4.9457555 -0.7775811 1 0 0 0 0
-9.645215 -4.8679976 -0.77269346 1 0 0 0 0
-9.4831533 -4.8674154 -0.76609468 1 0 0 0 0
-9.1057978 -4.9913187 -0.77006 3 0 0 0 0
-8.9070396 -4.9633284 -0.76142156 2 0 0 0 0
-8.4293337 -4.8993688 -0.76285094 1 0 0 0 0
-8.1821003 -4.8325567 -0.76208824 1 0 0 0 0
-7.8344212 -4.9024458 -0.77059376 1.5 0 0 0 0
-7.7202969 -4.8490801 -0.76816493 0.5 0 0 0 0
-7.3547249 -4.9036627 -0.76820362 1.25 0 0 0 0
-6.9985552 -5.0214338 -0.76070839 1.4375 0 0 0 0
-6.8267655 -5.0197134 -0.76655936 1.0067546 0 0 0 0
-6.4767094 -4.972784 -0.76512372 0.74609375 0 0 0 0
-6.1067843 -4.9766254 -0.7622692 0.66145831 0 0 0 0
-5.8949118 -5.0448194 -0.75982666 0 0 0 0 0
-4.5519857 -4.9964209 -0.77293575 0.5 0 0 0 0
-4.3770123 -5.0261374 -0.76638776 0.125 0 0 0 0
-4.0828671 -4.9369893 -0.7701 0.34375 0 0 0 0
-3.8036668 -5.0033383 -0.7736761 0.15625 0 0 0 0
-3.3535314 -4.9468231 -0.77472365 0.76341146 0 0 0 0
-3.0929646 -4.942914 -0.77365202 1.0000305 0 0 0 0
-2.7660408 -5.0052147 -0.77790916 0.203125 0 0 0 0
-2.5030818 -4.8547378 -0.77483815 0.98339844 0 0 0 0
-2.1616938 -4.9118328 -0.77586734 0.12609863 0 0 0 0
-1.9799769 -4.9147539 -0.77160341 0.8860026 0 0 0 0
-1.5162451 -5.0426216 -0.77385968 0.5 0 0 0 0
-1.3474838 -4.9135532 -0.77598065 0.66666669 0 0 0 0
-1.1257781 -5.0819674 -0.76553035 0 0 0 0 0
-0.66629231 -4.8373361 -0.76440728 0.28125 0 0 0 0
-0.57158548 -4.803905 -0.759781 0 0 0 0 0
-10.079093 -4.7808743 -0.77623528 1 0 0 0 0
-9.6600752 -4.7624288 -0.76624572 1 0 0 0 0
-9.5264997 -4.6410127 -0.76968747 1 0 0 0 0
-9.0488758 -4.7318344 -0.77556551 1 0 0 0 0
-8.7871475 -4.7165108 -0.77275968 1 0 0 0 0
-8.6125393 -4.6292658 -0.76585716 1.25 0 0 0 0
-8.2997551 -4.6384687 -0.77154899 1 0 0 0 0
-7.9823174 -4.6616111 -0.77269781 0.5 0 0 0 0
-7.561924 -4.6901002 -0.7761423 0.5 0 0 0 0
-7.4515948 -4.669899 -0.7606715 0 0 0 0 0
-7.1016178 -4.6125288 -0.77317321 0.46875 0 0 0 0
-6.7531877 -4.6787062 -0.76531374 0.28369141 0 0 0 0
-6.4910531 -4.7343082 -0.77175498 0.4140625 0 0 0 0
-6.1016445 -4.7120247 -0.76879025 0.79406738 0 0 0 0
-5.8673453 -4.6954618 -0.76358467 0.38368055 0 0 0 0
-5.5731592 -4.6033278 -0.76628226 0.69108069 0 0 0 0
-5.1709719 -4.5583382 -0.76927567 0 0 0 0 0
-4.2613602 -4.7086926 -0.78081667 0.15625 0 0 0 0
-3.9416683 -4.640542 -0.77627087 0.97721356 0 0 0 0
-3.7956583 -4.6597724 -0.77009082 0.728576 0 0 0 0
-3.4121847 -4.7204332 -0.77786696 0.99715066 0 0 0 0
-3.1506729 -4.6915216 -0.77411175 1.0002594 0 0 0 0
-2.8496335 -4.6756573 -0.77296627 1.0153759 0 0 0 0
-2.6433778 -4.6406698 -0.77573931 1.002022 0 0 0 0
-2.23557 -4.7245941 -0.77705216 0.94356257 0 0 0 0
-2.0249372 -4.6529708 -0.77863914 0.69001293 0 0 0 0
-1.582356 -4.7070856 -0.77152526 0.9738481 0 0 0 0
-1.3669204 -4.7070656 -0.77543879 0.58298421 0 0 0 0
-0.95875311 -4.6507921 -0.75748789 3.0588343 0 0 0 0
-0.68484604 -4.6460485 -0.75150895 2.3313308 0 0 0 0
-0.59047771 -4.6037836 -0.7488004 4.6847734 0 0 0 0
-17.196146 -4.4682493 -0.6199702 8 0 0 0 0
-9.388339 -4.4381127 -0.77816874 1 0 0 0 0
-9.0585966 -4.4246106 -0.77714223 1 0 0 0 0
-8.7366943 -4.2829461 -0.77496415 1 0 0 0 0
-8.4939785 -4.2839751 -0.77554011 1 0 0 0 0
-8.332653 -4.2784052 -0.77673447 1 0 0 0 0
-7.932734 -4.4179029 -0.76880229 0.375 0 0 0 0
-7.7303309 -4.3952389 -0.77099931 0.875 0 0 0 0
-7.3412123 -4.4681654 -0.76293927 0.25 0 0 0 0
-7.1071634 -4.2923641 -0.77091622 0 0 0 0 0
-6.6748881 -4.2730083 -0.77180558 0.33203125 0 0 0 0
-6.3565731 -4.2615643 -0.77243102 0.43359375 0 0 0 0
-6.0909519 -4.2843528 -0.77243412 0.28253174 0 0 0 0
-5.9511614 -4.2639713 -0.76985312 0.50846356 0 0 0 0
-5.5518756 -4.2253075 -0.7736215 0.89839685 0 0 0 0
-5.2979264 -4.2985396 -0.77077895 0.1796875 0 0 0 0
-4.9995747 -4.253612 -0.76944196 0.125 0 0 0 0
-3.9736338 -4.3603945 -0.77975672 0.56835938 0 0 0 0
-3.8209162 -4.3409939 -0.78536701 0.45025635 0 0 0 0
-3.5080318 -4.2543497 -0.77749091 1.0311203 0 0 0 0
-3.1561415 -4.3539915 -0.77731502 1.0394692 0 0 0 0
-2.743144 -4.229064 -0.7802366 1.2510674 0 0 0 0
-2.5967422 -4.2645092 -0.77406716 1.9723784 0 0 0 0
-2.3207293 -4.3169861 -0.77811098 0.85174215 0 0 0 0
-2.0434408 -4.2352819 -0.7774359 1.2977566 0 0 0 0
-1.5663764 -4.2206926 -0.77760148 1.1115447 0 0 0 0
-1.3829974 -4.2707906 -0.7777096 1.032057 0 0 0 0
-0.94928372 -4.2112379 -0.76162291 4.7855744 0 0 0 0
-0.72610587 -4.2611423 -0.75060409 6.8126807 0 0 0 0
-0.54964042 -4.369112 -0.7485587 6.9375 0 0 0 0
-8.1633501 -4.1056385 -0.76799995 0 0 0 0 0
-7.8818932 -4.0926247 -0.77081591 1 0 0 0 0
-7.6922512 -4.0983553 -0.77876669 0 0 0 0 0
-7.2707672 -4.1043625 -0.77509952 0.28125 0 0 0 0
-7.1346312 -4.0234733 -0.77315134 0.09375 0 0 0 0
-6.6793337 -4.1708508 -0.77191496 0.55729169 0 0 0 0
-6.4597778 -4.1415205 -0.77036035 0.265625 0 0 0 0
-6.0791893 -4.1501698 -0.77009988 0.3125 0 0 0 0
-5.7517095 -4.0420489 -0.77151966 0 0 0 0 0
-5.5209117 -3.9940391 -0.77646768 0.83045328 0 0 0 0
-5.274179 -4.0652637 -0.77737749 0.059936523 0 0 0 0
-4.870986 -4.0704918 -0.77631676 0.037699383 0 0 0 0
-4.6523838 -4.0212846 -0.7711463 0.125 0 0 0 0
-4.4773374 -4.0348563 -0.77219278 0 0 0 0 0
-3.742579 -4.1347837 -0.78772295 0.0078125 0 0 0 0
-3.4915204 -4.1407852 -0.77995205 0.87795258 0 0 0 0
-3.2047915 -4.154273 -0.78351498 1.2498785 0 0 0 0
-2.7660797 -4.1814413 -0.77757788 1.2766907 0 0 0 0
-2.5809884 -4.1557913 -0.78131258 2.291748 0 0 0 0
-2.3282537 -4.0142975 -0.7826854 1.0666603 0 0 0 0
-2.0785546 -4.1731515 -0.7773307 1.2857502 0 0 0 0
-1.5872941 -4.1839132 -0.772789 1.5755947 0 0 0 0
-1.3680093 -4.1546087 -0.77817488 0.93333334 0 0 0 0
-0.94038796 -4.1898775 -0.75880992 5.3128319 0 0 0 0
-0.62099004 -4.1802778 -0.75068116 7.1537657 0 0 0 0
-9.5739927 -3.8158011 -0.77821898 1 0 0 0 0
-8.8606758 -3.7044101 -0.78343725 1 0 0 0 0
-7.9023638 -3.7502546 -0.77841002 0.0625 0 0 0 0
-7.7395024 -3.8099499 -0.77020943 0 0 0 0 0
-7.350749 -3.805934 -0.77434862 0.140625 0 0 0 0
-7.056942 -3.7080736 -0.76836342 0.28125 0 0 0 0
-6.7104101 -3.6823475 -0.77877879 0.1815618 0 0 0 0
-6.4404593 -3.7602699 -0.77509141 0.78857422 0 0 0 0
-6.1166849 -3.7124619 -0.77379555 0.69339263 0 0 0 0
-5.9510031 -3.7610807 -0.77536416 0.19057211 0 0 0 0
-5.4787169 -3.7923412 -0.7736026 0.98799485 0 0 0 0
-5.2307 -3.7240887 -0.77994406 0.18737793 0 0 0 0
-5.010787 -3.7478528 -0.77776259 0.80443048 0 0 0 0
-4.5764618 -3.6558881 -0.77765107 0.98012644 0 0 0 0
-4.4422693 -3.6668367 -0.77824152 0.94280744 0 0 0 0
-4.0892048 -3.6618991 -0.77664053 0.27430558 0 0 0 0
-3.8585794 -3.7097681 -0.78138357 0 0 0 0 0
-3.3907995 -3.7588434 -0.78487551 0.92073572 0 0 0 0
-3.0605156 -3.7595649 -0.78628117 3.9456761 0 0 0 0
-2.7572474 -3.6988463 -0.78223956 2.3534489 0 0 0 0
-2.6059422 -3.7677035 -0.7783609 3.3062968 0 0 0 0
-2.1749864 -3.7085781 -0.7828275 4.0824323 0 0 0 0
-2.0419977 -3.7136793 -0.7817111 4.6264124 0 0 0 0
-1.5877728 -3.7016115 -0.77788568 4.4783325 0 0 0 0
-1.4442339 -3.7101557 -0.78188914 2.8526826 0 0 0 0
-0.94425023 -3.7107966 -0.76093417 5.4909492 0 0 0 0
-0.66034716 -3.7520638 -0.7548703 6.6965437 0 0 0 0
-0.5967924 -3.8207989 -0.75819534 6.5 0 0 0 0
-8.9625778 -3.488487 -0.7685172 0 0 0 0 0
-8.4897594 -3.3872857 -0.78074408 1 0 0 0 0
-8.3642006 -3.3420362 -0.78115726 1 0 0 0 0
-7.5789266 -3.4292092 -0.77257323 0.3125 0 0 0 0
-7.3371081 -3.4470117 -0.77452946 0.25 0 0 0 0
-7.0762353 -3.3908522 -0.77933824 0.71875 0 0 0 0
-6.7965574 -3.3638945 -0.77671409 0.65625 0 0 0 0
-6.4154644 -3.3755906 -0.78383362 0.031738281 0 0 0 0
-6.1347203 -3.4009895 -0.77557886 0.6015625 0 0 0 0
-5.911212 -3.4118323 -0.78222144 0.125 0 0 0 0
-5.5841494 -3.379405 -0.77931738 0.48958334 0 0 0 0
-5.2262764 -3.511147 -0.77541751 1 0 0 0 0
-4.9842057 -3.479213 -0.77960199 1.03125 0 0 0 0
-4.6185961 -3.4913495 -0.78024507 0.75 0 0 0 0
-4.3118706 -3.4684644 -0.78036892 0.9991321 0 0 0 0
-3.9792283 -3.4120221 -0.78703761 0.51940918 0 0 0 0
-3.8640685 -3.3981822 -0.79019326 0.25 0 0 0 0
-3.1231356 -3.4598017 -0.79049999 0.625 0 0 0 0
-2.7554626 -3.4302216 -0.78596938 4.25 0 0 0 0
-2.5027473 -3.4130344 -0.78399152 5.0391402 0 0 0 0
-2.3517628 -3.4830256 -0.78250772 4.024333 0 0 0 0
-2.0258458 -3.4792001 -0.78493023 6 0 0 0 0
-1.2786375 -3.4181945 -0.78210074 2.6666667 0 0 0 0
-0.68296576 -3.3668728 -0.76027429 6.1239944 0 0 0 0
-13.154531 -3.248877 -0.77684051 1 0 0 0 0
-8.3259449 -3.2551515 -0.78615129 0.5 0 0 0 0
-7.8167429 -3.1960046 -0.75595349 1 0 0 0 0
-7.7082996 -3.1562581 -0.76530623 0.94395381 0 0 0 0
-7.3204985 -3.2388532 -0.77077639 0.421875 0 0 0 0
-7.0972891 -3.1863737 -0.7783457 0.24739584 0 0 0 0
-6.774806 -3.1610084 -0.77904946 0.91591263 0 0 0 0
-6.4654198 -3.048574 -0.78100729 0.51245117 0 0 0 0
-6.1445522 -3.1018417 -0.78359431 0.16081865 0 0 0 0
-5.7840543 -3.1965365 -0.78304529 0.82763672 0 0 0 0
-5.4748111 -3.1797976 -0.78583455 0.85728753 0 0 0 0
-5.2358875 -3.2291336 -0.78424174 1 0 0 0 0
-4.9438419 -3.2405429 -0.78875804 0.97372085 0 0 0 0
-4.5525012 -3.2290373 -0.78325421 1.1440092 0 0 0 0
-4.2929311 -3.2191112 -0.78214496 1.0835743 0 0 0 0
-3.9702024 -3.204761 -0.78529477 1.6030416 0 0 0 0
-3.8089936 -3.2016287 -0.78960252 1.1510576 0 0 0 0
-3.509367 -3.0641718 -0.79131818 1.035412 0 0 0 0
-3.2326057 -3.0413544 -0.787947 0.34375 0 0 0 0
-2.7544577 -3.2472565 -0.7876718 2.7791667 0 0 0 0
-2.597167 -3.2505641 -0.78508806 4.3828707 0 0 0 0
-2.3529813 -3.1780639 -0.78366053 5.4599047 0 0 0 0
-2.0266466 -3.2222002 -0.78381377 5.4796743 0 0 0 0
-1.5379155 -3.1909537 -0.78136081 5.2300901 0 0 0 0
-1.3646454 -3.1686954 -0.78402334 4.8099761 0 0 0 0
-0.97846818 -3.2360268 -0.76614642 5.8211589 0 0 0 0
-0.69837606 -3.2501144 -0.7605806 6.0763412 0 0 0 0
-10.912176 -2.7592323 -0.77407676 1 0 0 0 0
-10.779551 -2.7615917 -0.770432 1 0 0 0 0
-10.431144 -2.7536728 -0.802396 1 0 0 0 0
-7.9646339 -2.9866655 -0.77255327 1 0 0 0 0
-7.6886415 -2.9705243 -0.76151609 0.5 0 0 0 0
-7.3220587 -2.7251272 -0.71408695 14.653646 0 0 0 0
-7.0511513 -2.9069595 -0.76793718 1.0911295 0 0 0 0
-6.7578907 -2.7950788 -0.7900579 0.89973956 0 0 0 0
-6.358778 -2.9202781 -0.78803152 0.79142255 0 0 0 0
-6.0833998 -2.7941837 -0.7915951 0.82775879 0 0 0 0
-5.8996916 -2.7880056 -0.78690392 0.92773438 0 0 0 0
-5.5881252 -2.7576113 -0.79137653 0.84348428 0 0 0 0
-5.2405748 -2.7885733 -0.78718609 0.99804688 0 0 0 0
-5.0120792 -2.7329164 -0.79137421 1.011492 0 0 0 0
-4.5877485 -2.7646036 -0.79279858 1.3096756 0 0 0 0
-4.3252974 -2.7773676 -0.78807902 1.3907954 0 0 0 0
-4.1681252 -2.7452173 -0.7923528 1.6972893 0 0 0 0
-3.8337719 -2.727633 -0.79238123 3.6791077 0 0 0 0
-3.4201541 -2.7796545 -0.79644233 3.7629352 0 0 0 0
-3.1456752 -2.7420826 -0.7940104 4.0481658 0 0 0 0
-2.7765427 -2.7285595 -0.79626524 2.4583335 0 0 0 0
-2.6109722 -2.7300246 -0.7962575 1.9768555 0 0 0 0
-2.2619193 -2.7900336 -0.78613681 5.289063 0 0 0 0
-1.9925399 -2.719161 -0.79211986 6.6288567 0 0 0 0
-1.5426326 -2.7096 -0.78947014 6.4131732 0 0 0 0
-1.3670177 -2.7277231 -0.79017425 5.373425 0 0 0 0
-0.99403453 -2.7265143 -0.77409875 8.5778694 0 0 0 0
-16.87962 -2.4225404 -0.83426392 30.5 0 0 0 0
-10.104357 -2.6682849 -0.82013297 1 0 0 0 0
-9.61658 -2.4613509 -0.79687607 1 0 0 0 0
-9.5934029 -2.4525368 -0.77817345 1 0 0 0 0
-7.3151474 -2.6001697 -0.69915223 28.223843 0 0 0 0
-7.0545006 -2.6237547 -0.79257572 3.9852633 0 0 0 0
-6.8148623 -2.6283324 -0.79320425 1.0625 0 0 0 0
-6.3936453 -2.5254385 -0.79547179 0.4357639 0 0 0 0
-6.1501646 -2.6528668 -0.78830886 0.55187988 0 0 0 0
-5.7956066 -2.5728283 -0.78973275 0.40625 0 0 0 0
-5.6276612 -2.5762458 -0.79025459 0.9444778 0 0 0 0
-5.2141781 -2.61344 -0.79545355 0.75 0 0 0 0
-5.0234399 -2.6650438 -0.79607189 1.0000087 0 0 0 0
-4.5544004 -2.6572864 -0.79403567 1.4612875 0 0 0 0
-4.2592325 -2.5861988 -0.79338974 2.0920391 0 0 0 0
-3.988826 -2.6441026 -0.7957862 3.5044641 0 0 0 0
-3.7952571 -2.5323553 -0.80028892 3.3402343 0 0 0 0
-3.4916365 -2.5726037 -0.79804444 6.2031035 0 0 0 0
-3.1977277 -2.6590681 -0.79818702 5.8422771 0 0 0 0
-2.8216362 -2.6586273 -0.79562837 3.322582 0 0 0 0
-2.6155543 -2.6301026 -0.79560119 0.65056151 0 0 0 0
-2.3224549 -2.5543389 -0.79972357 0.46031776 0 0 0 0
-1.9813802 -2.6552997 -0.79228652 6.1822915 0 0 0 0
-1.630307 -2.6866264 -0.791278 6.7484102 0 0 0 0
-1.312253 -2.6763608 -0.78918445 5.1404848 0 0 0 0
-1.0879743 -2.6895578 -0.78617233 4.7692308 0 0 0 0
-16.865572 -2.2256658 -0.73621589 32.617229 0 0 0 0
-8.8565025 -2.2131615 -0.79289412 0.75 0 0 0 0
-8.6340952 -2.2291994 -0.7881093 1 0 0 0 0
-7.8779507 -2.1284251 -0.78339112 1.25 0 0 0 0
-7.6685419 -2.1128078 -0.78219306 5 0 0 0 0
-7.3565655 -2.240567 -0.7086308 27.802258 0 0 0 0
-7.0644321 -2.1500318 -0.81005931 3.4127061 0 0 0 0
-6.775074 -2.1945705 -0.78354317 6.6120787 0 0 0 0
-6.4663105 -2.2534008 -0.80031615 0.99609375 0 0 0 0
-6.0944777 -2.2384334 -0.79572535 0.49599227 0 0 0 0
-5.9225121 -2.2824671 -0.79824549 0.86311853 0 0 0 0
-5.5603991 -2.2091122 -0.80096108 0.96667981 0 0 0 0
-5.3398008 -2.2146201 -0.79802597 1 0 0 0 0
-4.8995991 -2.298758 -0.80077302 1.1484437 0 0 0 0
-4.5438118 -2.2498593 -0.79774714 1.5641434 0 0 0 0
-4.2907133 -2.2223415 -0.80217218 3.3831239 0 0 0 0
-4.0213909 -2.236059 -0.80113506 4.5015583 0 0 0 0
-3.8316858 -2.1974664 -0.80373907 5.3345151 0 0 0 0
-3.4235113 -2.1786866 -0.80124146 6.3309278 0 0 0 0
-3.1238689 -2.2276039 -0.80155158 6.9291468 0 0 0 0
-2.7734315 -2.2025366 -0.7991966 6.8942814 0 0 0 0
-2.5960808 -2.2303567 -0.79966187 6.4398823 0 0 0 0
-2.2528346 -2.1839647 -0.79676467 4.9728169 0 0 0 0
-2.0123558 -2.2092004 -0.80127239 4.157814 0 0 0 0
-1.530561 -2.2137666 -0.79526871 10.127316 0 0 0 0
-1.4236388 -2.1967325 -0.78921729 8.9009352 0 0 0 0
-1.0362594 -2.2072535 -0.78474325 6.7955112 0 0 0 0
-16.872519 -1.9352535 -0.77194178 33.130859 0 0 0 0
-16.202082 -1.8399302 -0.83994704 2 0 0 0 0
-8.1004763 -2.0031252 -0.77831894 1 0 0 0 0
-7.9262991 -2.0190794 -0.77565813 3.4884536 0 0 0 0
-7.5989227 -2.0755992 -0.72917318 7.75 0 0 0 0
-7.245348 -2.0309219 -0.798195 4.25 0 0 0 0
-7.0900507 -1.9147035 -0.80617094 1.0114543 0 0 0 0
-6.7131987 -1.9437292 -0.80724275 1 0 0 0 0
-6.3868976 -1.9245576 -0.79962158 0.73524308 0 0 0 0
-6.1660252 -2.0479202 -0.7945382 1 0 0 0 0
-5.9364409 -1.9267688 -0.79802036 0.96875 0 0 0 0
-5.532753 -1.9292519 -0.80252331 1 0 0 0 0
-5.3353405 -1.9518701 -0.80599594 1 0 0 0 0
-4.82827 -1.8536122 -0.80258036 1 0 0 0 0
-4.6542082 -2.0322351 -0.8002544 1.4169922 0 0 0 0
-4.2782488 -1.8984034 -0.80135286 3.3621283 0 0 0 0
-4.1155491 -1.9756615 -0.8016566 4.5017362 0 0 0 0
-3.7788515 -1.8389369 -0.80874419 6.3708334 0 0 0 0
-3.366673 -1.9243021 -0.80764908 6.3605843 0 0 0 0
-3.1761415 -2.0082402 -0.79948163 5.916667 0 0 0 0
-2.7069194 -1.8467689 -0.80143058 7.5555553 0 0 0 0
-2.5829177 -1.8829935 -0.80505657 6.9791665 0 0 0 0
-2.3767815 -1.9728746 -0.80504119 8.4199953 0 0 0 0
-1.2706616 -1.994925 -0.80247629 7.331399 0 0 0 0
-1.0247334 -1.8017629 -0.79370737 8.742857 0 0 0 0
-16.852587 -1.6670117 -0.64706385 36 0 0 0 0
-16.272881 -1.7203283 -0.63594836 5.7734375 0 0 0 0
-7.9314499 -1.7385926 -0.7113114 34.55822 0 0 0 0
-7.5109034 -1.5867077 -0.76240575 21.8125 0 0 0 0
-7.3223763 -1.6862769 -0.76003814 12.66313 0 0 0 0
-7.0124559 -1.6466806 -0.80112803 0.875 0 0 0 0
-6.7609577 -1.6825516 -0.80472666 0.45669633 0 0 0 0
-6.4976192 -1.6568086 -0.80821145 0.75864869 0 0 0 0
-6.0631886 -1.7287099 -0.80464661 0.95124501 0 0 0 0
-5.7728739 -1.6040025 -0.8035723 0.98177081 0 0 0 0
-5.5512257 -1.7309062 -0.80385017 1 0 0 0 0
-5.2203512 -1.6920025 -0.80856931 1.3716146 0 0 0 0
-5.0697041 -1.7062742 -0.80439341 1.0245972 0 0 0 0
-4.5622764 -1.6733499 -0.80560976 2.3194215 0 0 0 0
-4.405664 -1.7239091 -0.80426729 3.29002 0 0 0 0
-4.0296526 -1.7015376 -0.80781817 6.4454861 0 0 0 0
-3.8023682 -1.7210934 -0.80856144 5.4404955 0 0 0 0
-3.4487133 -1.6994243 -0.80768681 6.5031996 0 0 0 0
-3.1545269 -1.7010777 -0.80616903 7.1650496 0 0 0 0
-2.721168 -1.7251968 -0.80669618 8.6363153 0 0 0 0
-2.6489732 -1.7301376 -0.80710644 9.0633717 0 0 0 0
-2.2096715 -1.6903987 -0.80614638 10.290951 0 0 0 0
-1.9945437 -1.7226632 -0.80767143 11.146309 0 0 0 0
-1.541788 -1.6524249 -0.78565019 6.4527121 0 0 0 0
-1.3624544 -1.6830488 -0.78418446 5.0055108 0 0 0 0
-1.0889118 -1.7064788 -0.79520011 8.3814049 0 0 0 0
-29.975416 -1.3216357 -0.89435732 14 0 0 0 0
-16.866573 -1.221173 -0.71529853 53.159378 0 0 0 0
-16.243519 -1.474767 -0.65760875 2 0 0 0 0
-10.575186 -1.2158431 -0.79161382 2.75 0 0 0 0
-8.8233147 -1.4503117 -0.71208072 10 0 0 0 0
-8.4732914 -1.2532372 -0.69080693 20.794361 0 0 0 0
-8.2793512 -1.3281991 -0.78199732 7.8392744 0 0 0 0
-7.8748379 -1.2415822 -0.74842155 3.7983398 0 0 0 0
-7.6208339 -1.2544581 -0.77663571 4.7775636 0 0 0 0
-7.4583769 -1.3080022 -0.79925823 5.8220487 0 0 0 0
-7.0738916 -1.2267404 -0.81431246 0 0 0 0 0
-6.6824789 -1.2719899 -0.80692309 0.25292969 0 0 0 0
-6.4041781 -1.3297321 -0.80856609 0.26879203 0 0 0 0
-6.1278992 -1.3779693 -0.80658817 0.3215861 0 0 0 0
-5.9707427 -1.2724005 -0.80554706 0.98177087 0 0 0 0
-5.5563812 -1.2269962 -0.81057984 1.001888 0 0 0 0
-5.2383413 -1.352159 -0.80522299 1.0080295 0 0 0 0
-4.8937149 -1.283509 -0.81103152 1.2236788 0 0 0 0
-4.5385456 -1.2420648 -0.80916381 3.097173 0 0 0 0
-4.2855535 -1.3705999 -0.8130663 5.8049245 0 0 0 0
-4.1652565 -1.3612746 -0.809147 5.7146864 0 0 0 0
-3.7892919 -1.2246046 -0.8118397 5.7945871 0 0 0 0
-3.436583 -1.264295 -0.81247276 6.4562988 0 0 0 0
-3.1335125 -1.2528105 -0.81138611 7.0635738 0 0 0 0
-2.7218084 -1.2315855 -0.81315625 9.7677383 0 0 0 0
-2.6367798 -1.2182182 -0.81321371 9.8575554 0 0 0 0
-2.2492073 -1.2620385 -0.81106734 11.834544 0 0 0 0
-2.0249147 -1.2052126 -0.81137884 15.216381 0 0 0 0
-1.5169302 -1.221586 -0.80637681 12.580627 0 0 0 0
-1.3325675 -1.2285695 -0.80713278 11.268887 0 0 0 0
-1.1046051 -1.2118058 -0.80024803 8.1840878 0 0 0 0
-16.868404 -1.1391475 -0.73920572 46.90712 0 0 0 0
-10.545548 -1.1567507 -0.75268197 3.7070312 0 0 0 0
-10.413784 -1.0260764 -0.63293862 29.592392 0 0 0 0
-9.1938915 -0.9165256 -0.72022057 0 0 0 0 0
-8.4442682 -1.1153417 -0.75211293 19.550781 0 0 0 0
-8.2380619 -1.0223191 -0.78430998 12 0 0 0 0
-7.9553795 -1.1562591 -0.75803971 3.8878398 0 0 0 0
-7.7428169 -1.1352115 -0.81092834 1.75 0 0 0 0
-7.2362518 -1.0374532 -0.80770528 0.5 0 0 0 0
-6.9895906 -1.0726242 -0.80970454 0.0625 0 0 0 0
-6.7908783 -1.1493243 -0.80813134 0.578125 0 0 0 0
-6.3780274 -1.0198978 -0.80943429 0.3984375 0 0 0 0
-6.2036982 -1.1281059 -0.80925107 0.2782751 0 0 0 0
-5.8410244 -1.0518664 -0.81018531 0.9909668 0 0 0 0
-5.4813805 -1.1514834 -0.81097817 1.0104166 0 0 0 0
-5.1944389 -1.0700196 -0.81023538 1.5729167 0 0 0 0
-5.0034366 -1.1510096 -0.810552 1.4032795 0 0 0 0
-4.6394544 -1.0372047 -0.81155628 3.0679293 0 0 0 0
-4.2585258 -1.14034 -0.81323802 6.2964783 0 0 0 0
-4.084034 -1.0413644 -0.81411844 6.874876 0 0 0 0
-3.8243113 -1.1852326 -0.81798148 6.5419655 0 0 0 0
-3.4635522 -1.1503632 -0.81456137 7.0311985 0 0 0 0
-3.1508288 -1.1803818 -0.81463528 7.5280247 0 0 0 0
-2.7626376 -1.134945 -0.81274283 8.3332338 0 0 0 0
-2.6388681 -1.1156453 -0.81553835 9.7638893 0 0 0 0
-2.3665149 -1.0990245 -0.81367719 12.601814 0 0 0 0
-2.0427074 -1.1175964 -0.81454253 14.045085 0 0 0 0
-1.5383742 -1.1915057 -0.8088643 12.937433 0 0 0 0
-1.2753115 -1.1896731 -0.80762321 10.985868 0 0 0 0
-1.1262925 -1.1795592 -0.80454946 9.3371563 0 0 0 0
-17.109638 -0.69591457 -0.62100023 2 0 0 0 0
-16.961529 -0.783171 -0.7329073 4.3426976 0 0 0 0
-10.89437 -0.81278527 -0.83736259 1 0 0 0 0
-10.600641 -0.85916865 -0.69297171 25.875 0 0 0 0
-10.384317 -0.8431114 -0.6285972 23.0625 0 0 0 0
-8.7736645 -0.64656866 -0.67248416 7 0 0 0 0
-8.525322 -0.71561277 -0.74261713 36.491444 0 0 0 0
-8.2487793 -0.74971104 -0.78797859 9.125 0 0 0 0
-7.9663835 -0.74044967 -0.82314754 2.34056 0 0 0 0
-7.6461897 -0.69401383 -0.81702775 1 0 0 0 0
-7.3778334 -0.69868791 -0.81613731 0.33333334 0 0 0 0
-7.0682173 -0.72215456 -0.80901521 0.083333336 0 0 0 0
-6.6800108 -0.72595036 -0.81230915 0.77157736 0 0 0 0
-6.4500647 -0.76363146 -0.81496841 0.91666669 0 0 0 0
-6.1475163 -0.71526885 -0.81396508 0.6477865 0 0 0 0
-5.8303556 -0.72138518 -0.81320804 0.875 0 0 0 0
-5.4755769 -0.76281524 -0.81442016 0.99157715 0 0 0 0
-5.2916121 -0.7622776 -0.8143422 1.1631944 0 0 0 0
-5.011374 -0.71688586 -0.81090134 1.9502361 0 0 0 0
-4.5869923 -0.6970697 -0.81650698 4.2927036 0 0 0 0
-4.2754869 -0.771155 -0.81904513 6.1926384 0 0 0 0
-4.0193872 -0.75215912 -0.81997013 6.6289062 0 0 0 0
-3.8535128 -0.72815639 -0.81769192 6.4903469 0 0 0 0
-3.4112618 -0.73320025 -0.81831872 6.7003555 0 0 0 0
-3.1082106 -0.73947525 -0.81818712 8.2315388 0 0 0 0
-2.75019 -0.70185566 -0.81873697 10.418595 0 0 0 0
-2.6618567 -0.72320879 -0.81810701 10.809725 0 0 0 0
-2.303762 -0.79899502 -0.81802279 14.104155 0 0 0 0
-2.0365863 -0.71923506 -0.81652981 13.838284 0 0 0 0
-1.5293303 -0.71973884 -0.81559002 14.166094 0 0 0 0
-1.3545696 -0.70271254 -0.81391025 15.31553 0 0 0 0
-1.1301327 -0.74113512 -0.81021965 12.744171 0 0 0 0
-17.027239 -0.47981486 -0.65562534 3 0 0 0 0
-8.7641048 -0.45849976 -0.67770374 11.373071 0 0 0 0
-8.5857086 -0.39737737 -0.76840305 26.005371 0 0 0 0
-8.0138655 -0.35670581 -0.80438411 1.1875 0 0 0 0
-7.7167687 -0.3448934 -0.82543612 1 0 0 0 0
-7.3711939 -0.39831537 -0.82006973 1 0 0 0 0
-7.025589 -0.39126956 -0.81466073 0.125 0 0 0 0
-6.7727098 -0.34259248 -0.81752586 0.16666667 0 0 0 0
-6.4712677 -0.42486292 -0.82241344 0.77499998 0 0 0 0
-6.1576147 -0.32671189 -0.81732297 0.14583333 0 0 0 0
-5.9936891 -0.31044576 -0.82211292 0.33333334 0 0 0 0
-5.2569647 -0.52415717 -0.81513929 1.25 0 0 0 0
-4.9663758 -0.59697968 -0.81595993 2.6666667 0 0 0 0
-4.3581781 -0.4103778 -0.82440621 5.90625 0 0 0 0
-4.171689 -0.41318852 -0.82295847 6.416667 0 0 0 0
-3.8906376 -0.52838051 -0.81579703 6 0 0 0 0
-3.3974004 -0.42488867 -0.82446373 7 0 0 0 0
-3.1503184 -0.49572238 -0.83052266 1 0 0 0 0
-2.8589907 -0.42923847 -0.82346523 6.9166665 0 0 0 0
-2.5377314 -0.47457445 -0.82305026 8.8571434 0 0 0 0
-2.3617849 -0.54233623 -0.8205297 10.984896 0 0 0 0
-2.0337718 -0.36123645 -0.82199723 10.209753 0 0 0 0
-1.6308911 -0.46278137 -0.81781936 11.195097 0 0 0 0
-1.2726012 -0.45991683 -0.82188171 6.4892859 0 0 0 0
-1.1402712 -0.36050785 -0.815732 9.4854126 0 0 0 0
-9.1216335 -0.043683507 -0.64935368 41.25 0 0 0 0
-8.8622456 -0.043356299 -0.72895128 33.625 0 0 0 0
-8.223196 -0.28126508 -0.80522752 1 0 0 0 0
-7.2375722 -0.28849709 -0.82131076 0 0 0 0 0
-6.9466162 -0.2383043 -0.82195181 0.75 0 0 0 0
-6.4584703 -0.28085917 -0.82551628 0.66666669 0 0 0 0
-6.2294817 -0.26247174 -0.81786263 0.16666667 0 0 0 0
-5.8429141 -0.16166249 -0.81645566 0.29166666 0 0 0 0
-5.4964314 -0.21230498 -0.81851327 1.0625 0 0 0 0
-5.1897364 -0.22067003 -0.81847149 1.4255209 0 0 0 0
-5.028945 -0.22002238 -0.81732845 1.4901259 0 0 0 0
-4.5380187 -0.20408337 -0.82382715 3.9912021 0 0 0 0
-4.3651586 -0.17115232 -0.82702243 5.1591992 0 0 0 0
-4.0065002 -0.18676607 -0.82359517 6.0400639 0 0 0 0
-3.785203 -0.2440099 -0.82162118 6.494833 0 0 0 0
-3.4163966 -0.24435447 -0.82403725 6.9155436 0 0 0 0
-3.0837159 -0.26008087 -0.82329893 8.7327185 0 0 0 0
-2.7899506 -0.23924494 -0.80085617 9.708334 0 0 0 0
-2.6359057 -0.25039831 -0.81042701 10.441008 0 0 0 0
-2.3608127 -0.051143073 -0.72019446 11.869982 0 0 0 0
-2.0479198 -0.22370023 -0.82133126 13.918608 0 0 0 0
-1.5234748 -0.22403094 -0.82247657 14.879253 0 0 0 0
-1.297653 -0.22215146 -0.82272524 12.829014 0 0 0 0
-1.162931 -0.23414898 -0.8193388 8.925293 0 0 0 0
-9.2925596 0.088227212 -0.69351566 1 0 0 0 0
-8.914917 0.027639553 -0.69849831 24.5 0 0 0 0
-5.4716277 0.0553963 -0.83084524 0 0 0 0 0
-5.2747288 0.043337069 -0.82185757 0.25 0 0 0 0
-4.9876728 0.21049672 -0.82520175 1.1342773 0 0 0 0
-4.6127186 0.22223909 -0.82447624 3.5746527 0 0 0 0
-4.2780619 0.060932513 -0.82871336 5.09375 0 0 0 0
-4.1763902 0.052194979 -0.82169425 6 0 0 0 0
-3.7891436 0.12704933 -0.82998323 4.7025065 0 0 0 0
-3.4409862 0.26875678 -0.82718557 7.0625 0 0 0 0
-3.2718883 0.28047228 -0.83144587 6.9562502 0 0 0 0
-2.704622 0.2698448 -0.75611144 10.964286 0 0 0 0
-2.5881276 0.28213239 -0.75717497 12.64481 0 0 0 0
-2.2518158 0.21118256 -0.70550656 23.214167 0 0 0 0
-2.0490484 0.27268186 -0.82669079 13.222133 0 0 0 0
-1.5350958 0.26862937 -0.82967424 15.579344 0 0 0 0
-1.2983553 0.28746712 -0.82962561 14.557356 0 0 0 0
-1.1655457 0.27929708 -0.82740319 11.150993 0 0 0 0
-4.7386599 0.46468851 -0.82566828 1.1666667 0 0 0 0
-3.6842847 0.35121295 -0.82655549 6.288393 0 0 0 0
-3.5033033 0.340132 -0.83095127 6.6661119 0 0 0 0
-3.1978912 0.3407554 -0.82224154 7 0 0 0 0
-2.5249214 0.31561232 -0.78667665 13.081835 0 0 0 0
-2.3465772 0.46089828 -0.67852771 10.772728 0 0 0 0
-2.0541058 0.35131592 -0.82729638 12.851376 0 0 0 0
-1.525246 0.35072169 -0.83123052 15.551056 0 0 0 0
-1.2925471 0.31890649 -0.83160162 13.700569 0 0 0 0
-1.1590195 0.32491723 -0.82823277 11.303921 0 0 0 0
-4.8858228 0.85720515 -0.83135879 1.1416667 0 0 0 0
-4.5642529 0.81192708 -0.83341777 2.1965113 0 0 0 0
-4.4687247 0.78505653 -0.83459127 2.4036808 0 0 0 0
-4.0403914 0.8509919 -0.83337629 4.8877974 0 0 0 0
-3.7974873 0.83157587 -0.83727747 6.164391 0 0 0 0
-3.5294027 0.71032166 -0.83266282 6.6156931 0 0 0 0
-3.1991825 0.83409363 -0.83521974 7.4682336 0 0 0 0
-2.7494001 0.74099505 -0.83576006 9.2580929 0 0 0 0
-2.5890505 0.70134962 -0.83381128 9.720583 0 0 0 0
-2.209465 0.78481215 -0.69685435 16.622478 0 0 0 0
-2.0236359 0.76630527 -0.82505721 14.353405 0 0 0 0
-1.5318553 0.75839233 -0.83577996 14.731928 0 0 0 0
-1.2952635 0.76843894 -0.83444965 17.387299 0 0 0 0
-1.1359698 0.7863996 -0.83126915 13.454306 0 0 0 0
-5.2789979 1.0717577 -0.83225679 0.81944442 0 0 0 0
-5.0007381 0.95599526 -0.83587682 1 0 0 0 0
-4.6495485 1.0718895 -0.82958382 1.525 0 0 0 0
-4.3135271 1.0685552 -0.83500123 2.8882813 0 0 0 0
-4.1065702 1.0784897 -0.83766216 5.6999998 0 0 0 0
-3.8111806 0.93436098 -0.83334488 5.9000001 0 0 0 0
-3.3745337 0.94431436 -0.83754408 6.4000001 0 0 0 0
-3.1745887 0.96508342 -0.84100169 7 0 0 0 0
-2.1356106 0.9272052 -0.77803415 12.045052 0 0 0 0
-1.9869093 0.94070506 -0.83462363 12.623468 0 0 0 0
-1.5255954 0.92010236 -0.83809185 14.074636 0 0 0 0
-1.3072324 0.90424383 -0.8375603 15.30084 0 0 0 0
-6.7364264 1.4763992 -0.84097362 0.5 0 0 0 0
-6.3670444 1.4363525 -0.83789575 0 0 0 0 0
-6.1221085 1.3952106 -0.83406568 0.515625 0 0 0 0
-5.8082962 1.3414954 -0.83854866 0.58723962 0 0 0 0
-5.4915581 1.3524139 -0.83817756 0.98701173 0 0 0 0
-5.3230743 1.3960946 -0.84278494 1 0 0 0 0
-5.0218697 1.3113558 -0.83905101 1.0001744 0 0 0 0
-4.5679626 1.2416885 -0.83677697 1.9270833 0 0 0 0
-4.2885981 1.2826538 -0.83823073 2.8211284 0 0 0 0
-4.0928798 1.4023335 -0.8406657 5.9234271 0 0 0 0
-3.7961731 1.217989 -0.83936143 5.7714491 0 0 0 0
-3.4368174 1.3593637 -0.73434401 6.9133997 0 0 0 0
-3.1453021 1.3388691 -0.8214938 7.587945 0 0 0 0
-2.8245106 1.3782146 -0.81119704 9.1500225 0 0 0 0
-2.6175494 1.3272564 -0.83605623 9.1271324 0 0 0 0
-2.1293483 1.2611887 -0.8432982 13.766301 0 0 0 0
-2.0125449 1.2667819 -0.84394634 13.935068 0 0 0 0
-1.5567105 1.2662033 -0.83205175 12.526922 0 0 0 0
-1.29049 1.248714 -0.8404882 10.507012 0 0 0 0
-1.1047122 1.2670336 -0.8307904 7.6226473 0 0 0 0
-9.0312004 1.7130244 -0.72883892 41.127605 0 0 0 0
-8.9836216 1.7363813 -0.71518254 35.664062 0 0 0 0
-7.7162199 1.7897617 -0.84378535 0 0 0 0 0
-7.2202573 1.7167962 -0.83876145 0 0 0 0 0
-7.1488118 1.6985196 -0.84158063 0 0 0 0 0
-6.6895199 1.5886335 -0.83676493 0 0 0 0 0
-6.427072 1.6368208 -0.83783013 0.083333336 0 0 0 0
-6.155715 1.6848944 -0.83342123 0.585612 0 0 0 0
-5.7802849 1.7613404 -0.84047294 0.29374999 0 0 0 0
-5.5749912 1.753057 -0.84434867 0.89166665 0 0 0 0
-5.2629199 1.6648364 -0.840307 0.875 0 0 0 0
-4.9305506 1.7580917 -0.84288061 1 0 0 0 0
-4.5550051 1.6831943 -0.8408463 1.2813938 0 0 0 0
-4.328208 1.6375587 -0.83975613 1.7551932 0 0 0 0
-4.1657076 1.5937772 -0.84271467 2.59375 0 0 0 0
-3.412745 1.6335199 -0.65354931 24.737368 0 0 0 0
-3.0895569 1.5994877 -0.73702192 8.4147186 0 0 0 0
-2.8395703 1.615242 -0.78964555 6.0919876 0 0 0 0
-2.6606784 1.5715673 -0.83866203 6.8571429 0 0 0 0
-2.310019 1.5597405 -0.81116736 4.573082 0 0 0 0
-2.0167863 1.5905018 -0.84228647 11.866139 0 0 0 0
-1.5549788 1.5834169 -0.80638242 6.8993607 0 0 0 0
-1.2871473 1.7113578 -0.84222424 4.4884644 0 0 0 0
-1.0710092 1.7510161 -0.82986903 13.856247 0 0 0 0
-9.0460129 1.8370085 -0.84638286 20.09375 0 0 0 0
-8.4857025 2.0150476 -0.84307814 1 0 0 0 0
-7.9593401 1.929256 -0.84695941 0 0 0 0 0
-7.7149086 2.0129578 -0.84420729 0 0 0 0 0
-7.4347215 1.9080645 -0.84631366 0.5 0 0 0 0
-7.152462 1.8558335 -0.84290832 0 0 0 0 0
-6.6996107 1.8762813 -0.83905298 0.16666667 0 0 0 0
-6.4571457 1.9305187 -0.835953 0.15277778 0 0 0 0
-6.2083416 1.9007173 -0.83568347 0.265625 0 0 0 0
-5.8883343 1.8373536 -0.84022272 0.61979169 0 0 0 0
-5.4879789 1.8426398 -0.84266281 0.70556641 0 0 0 0
-5.2306757 1.8760972 -0.83741236 0.6774292 0 0 0 0
-4.9915791 1.9053822 -0.84472841 0.97883362 0 0 0 0
-4.6007547 1.8638783 -0.84834665 0.484375 0 0 0 0
-4.4514685 1.8019985 -0.84936059 0.5 0 0 0 0
-1.2399049 2.0262718 -0.84941864 10.75 0 0 0 0
-1.1499057 2.0957146 -0.83471119 8.9179296 0 0 0 0
-9.6233673 2.3553834 -0.60866046 39.25 0 0 0 0
-9.3276148 2.3371458 -0.63861334 34.498047 0 0 0 0
-9.069972 2.2729635 -0.84466159 23.921961 0 0 0 0
-8.9801493 2.3510709 -0.88390541 7.25 0 0 0 0
-8.4628868 2.2975993 -0.85525846 0.25 0 0 0 0
-8.2636375 2.2700562 -0.83837211 0 0 0 0 0
-7.9118872 2.2171474 -0.83666468 1.125 0 0 0 0
-7.6285954 2.2084165 -0.83157378 1.2916667 0 0 0 0
-7.3365417 2.2504644 -0.84482741 0.0625 0 0 0 0
-7.0648518 2.2693965 -0.85107756 0.375 0 0 0 0
-6.7380652 2.2603271 -0.83702123 0.05745443 0 0 0 0
-6.4692554 2.222456 -0.84307748 0.094726562 0 0 0 0
-6.110044 2.2899528 -0.84608173 0.44435644 0 0 0 0
-5.8002386 2.2354779 -0.84353346 0.066505715 0 0 0 0
-5.5771065 2.2553873 -0.84511411 0.25706342 0 0 0 0
-5.1874123 2.1704473 -0.85005021 0.31872973 0 0 0 0
-5.0430508 2.1331155 -0.84768283 0 0 0 0 0
-4.2044358 2.3852427 -0.84405011 2 0 0 0 0
-4.0598946 2.3303578 -0.85090661 2.1132812 0 0 0 0
-3.8599713 2.2283981 -0.85130626 1.6687012 0 0 0 0
-1.1339546 2.109292 -0.83683932 8.088973 0 0 0 0
-9.4520645 2.5698376 -0.66916835 38.5 0 0 0 0
-9.1584625 2.4455628 -0.71328145 32.140076 0 0 0 0
-8.469986 2.5379744 -0.83591139 1 0 0 0 0
-8.2058592 2.5015051 -0.84285831 0.75 0 0 0 0
-7.9424496 2.6936431 -0.84551358 0 0 0 0 0
-7.3802013 2.4704909 -0.84433794 0 0 0 0 0
-7.0787315 2.59936 -0.84469938 0.375 0 0 0 0
-6.7562313 2.6430545 -0.84395444 0.53125 0 0 0 0
-6.3927898 2.5821953 -0.84797972 0.0026041667 0 0 0 0
-6.1793203 2.6909943 -0.84722102 0.34895834 0 0 0 0
-5.9272904 2.5100718 -0.84558117 0.125 0 0 0 0
-4.8421726 2.6905761 -0.84225857 1 0 0 0 0
-4.6022015 2.5994215 -0.84857452 1.0002441 0 0 0 0
-4.3149076 2.4327903 -0.84376359 1.4591528 0 0 0 0
-4.1823783 2.4183054 -0.85544503 0.5 0 0 0 0
-9.6202164 2.8782082 -0.64177716 32.5 0 0 0 0
-9.5923061 2.9511943 -0.66253024 42.25 0 0 0 0
-9.0408764 2.8066504 -0.82070124 31.022108 0 0 0 0
-8.9937344 2.829973 -0.86257195 21 0 0 0 0
-8.4811049 2.72048 -0.84722716 1 0 0 0 0
-8.3200417 2.8770883 -0.85246205 0.71875 0 0 0 0
-7.9989395 2.8020058 -0.84870082 0.5 0 0 0 0
-7.5520105 2.7345672 -0.84613657 0 0 0 0 0
-7.3209896 2.7445378 -0.85132849 0 0 0 0 0
-7.0913906 2.778873 -0.8470822 0 0 0 0 0
-6.662137 2.866847 -0.85192585 0.063151039 0 0 0 0
-6.4767451 2.8342652 -0.85385263 0.013020834 0 0 0 0
-6.0878687 2.7078915 -0.85229087 0.578125 0 0 0 0
-5.9790349 2.7099223 -0.8526094 0 0 0 0 0
-5.5512085 2.9417615 -0.85217893 0.82421875 0 0 0 0
-5.2289357 2.8648634 -0.85096473 0.51191711 0 0 0 0
-4.9517536 2.7594304 -0.85427803 0.74542511 0 0 0 0
-4.7456989 2.7602806 -0.8548466 0 0 0 0 0
-9.0819273 3.2410555 -0.81275862 32.141342 0 0 0 0
-8.3728418 3.0275407 -0.85450739 1 0 0 0 0
-6.150332 3.1580729 -0.85226876 0.5 0 0 0 0
-5.7715597 3.2043676 -0.85669589 0.16666667 0 0 0 0
-5.587862 3.0982361 -0.85638773 0.12722778 0 0 0 0
-5.3770928 3.0669317 -0.85427016 0 0 0 0 0
-11.850947 3.4365449 -0.67012632 12 0 0 0 0
-9.6172333 3.3451664 -0.60720819 5 0 0 0 0
-9.5375986 3.4160604 -0.65832686 21.6875 0 0 0 0
-9.1198092 3.5226772 -0.76542854 22.127411 0 0 0 0
-6.3689442 3.4988418 -0.86595011 0 0 0 0 0
-6.1414824 3.3809056 -0.85863245 0.890625 0 0 0 0
-5.8930469 3.3625498 -0.85864872 0 0 0 0 0
-0.72281003 3.4711242 -0.85112286 0 0 0 0 0
-9.6588612 3.7879279 -0.65806311 11 0 0 0 0
-9.4890413 3.7107854 -0.66500258 14.167725 0 0 0 0
-9.1101627 3.6396804 -0.78466827 39.402878 0 0 0 0
-6.5666752 3.6593919 -0.86261898 0 0 0 0 0
-0.69105911 3.8365402 -0.85319829 3.030061 0 0 0 0
-9.6606312 4.159832 -0.66305232 45 0 0 0 0
-9.4450378 4.1402044 -0.63382149 53.766846 0 0 0 0
-2.9607441 4.1774578 -0.86389184 2 0 0 0 0
-2.6730943 4.1787891 -0.86862105 2 0 0 0 0
-2.3326578 4.1343327 -0.86571348 1.1875 0 0 0 0
-0.73411232 4.0476141 -0.76194942 2.8144588 0 0 0 0
-0.49996817 4.176456 -0.61418474 9.1499996 0 0 0 0
-9.3756475 4.2056661 -0.62123412 36 0 0 0 0
-3.0524113 4.3353977 -0.87948102 0.43844604 0 0 0 0
-2.8778434 4.3004522 -0.86915612 0.77271283 0 0 0 0
-2.5714426 4.3141918 -0.87038803 1.4178183 0 0 0 0
-2.1870706 4.3371487 -0.87166059 0.71261418 0 0 0 0
-2.0811276 4.2937698 -0.87504715 0.41666669 0 0 0 0
-1.5898137 4.2432137 -0.72572386 0 0 0 0 0
-0.75101495 4.3550177 -0.84113574 1.2765893 0 0 0 0
-0.50149351 4.3151155 -0.69318461 11.243517 0 0 0 0
-3.4066606 4.7100697 -0.87718844 0.30208334 0 0 0 0
-3.1805203 4.7232146 -0.87429106 0.92917299 0 0 0 0
-2.7849491 4.7399964 -0.87387609 1.0000007 0 0 0 0
-2.5516081 4.7249722 -0.87294573 1.0000364 0 0 0 0
-2.232898 4.7360821 -0.86969215 1.3280334 0 0 0 0
-2.0403247 4.751524 -0.86622012 1.4253906 0 0 0 0
-0.72476697 4.7335215 -0.86346042 2.2682116 0 0 0 0
-0.45211473 4.7814779 -0.67623425 4.5625 0 0 0 0
-13.288589 5.0330267 -0.83666742 3 0 0 0 0
-8.6148872 5.0361743 -0.88547021 1 0 0 0 0
-3.6242056 5.04492 -0.88495708 0 0 0 0 0
-3.4704037 4.9678941 -0.87929261 0.14697266 0 0 0 0
-3.1297922 4.9045486 -0.87341762 0.94815266 0 0 0 0
-2.8069632 4.910255 -0.88117087 1 0 0 0 0
-2.5228345 4.9002581 -0.87546265 0.98828125 0 0 0 0
-2.2551074 4.9283051 -0.85260224 0.7109375 0 0 0 0
-1.9267169 4.8132133 -0.86281431 0.5 0 0 0 0
-1.7460713 4.8823442 -0.83305144 1 0 0 0 0
-0.74664843 4.8850069 -0.86480975 0.79285687 0 0 0 0
-0.36155796 4.9566131 -0.66733074 9.9262695 0 0 0 0
-0.29083604 5.0223846 -0.6306622 4.6875 0 0 0 0
-9.2434063 5.3436069 -0.8674314 1 0 0 0 0
-3.6591711 5.2190366 -0.88178897 0.5 0 0 0 0
-3.4739971 5.3230438 -0.88148987 0.7855134 0 0 0 0
-3.1897261 5.3174295 -0.88145864 0.34643388 0 0 0 0
-2.8245533 5.2420516 -0.88140386 0.6370343 0 0 0 0
-2.5290971 5.2234387 -0.87583339 0.26876187 0 0 0 0
-2.2525659 5.1979647 -0.79900539 0.52288353 0 0 0 0
-2.0550554 5.3185101 -0.88692266 0 0 0 0 0
-0.86144757 5.1981249 -0.86854988 0 0 0 0 0
-9.5546293 5.5577664 -0.87648708 1 0 0 0 0
-3.9841161 5.5234103 -0.88925302 0 0 0 0 0
-3.7038045 5.6095591 -0.88668203 0.14693196 0 0 0 0
-3.4011471 5.5056744 -0.88648379 0.065327965 0 0 0 0
-3.2593312 5.6339002 -0.88880306 0.13674927 0 0 0 0
-2.7711751 5.5655727 -0.89043713 4.2915344e-06 0 0 0 0
-2.6784627 5.5162859 -0.88606417 0 0 0 0 0
-0.45302618 5.6850348 -0.87539929 1.5 0 0 0 0
-3.9394939 5.8435435 -0.8947196 0 0 0 0 0
-3.724072 5.7429247 -0.88833833 0 0 0 0 0
-3.5487981 5.8368206 -0.89488137 0.0034179688 0 0 0 0
-3.0932989 5.8124762 -0.89343238 0.0013509115 0 0 0 0
-2.8989167 5.7971497 -0.88688189 0 0 0 0 0
-0.48334354 5.8871288 -0.8775897 0.125 0 0 0 0
-10.546589 6.0968995 -0.89009571 1 0 0 0 0
-4.2331152 6.2188816 -0.89501989 0 0 0 0 0
-4.1002159 6.1938095 -0.89525294 0.66666669 0 0 0 0
-3.8105421 6.1561403 -0.89093566 0.015625 0 0 0 0
-3.5024166 6.1122179 -0.89331686 0.041666668 0 0 0 0
-3.1170306 6.1075439 -0.88992524 0.0039876304 0 0 0 0
-2.9527125 6.1567249 -0.89117497 0 0 0 0 0
-0.49748981 6.0170498 -0.87344754 0 0 0 0 0
-4.514133 6.5884395 -0.89519066 1 0 0 0 0
-4.29177 6.4937181 -0.89326942 0 0 0 0 0
-3.9855933 6.3797417 -0.89628839 0.489858 0 0 0 0
-3.7360954 6.5407591 -0.89067978 0.578125 0 0 0 0
-3.3977842 6.4570551 -0.89130235 0.58789062 0 0 0 0
-3.1609516 6.5048399 -0.89515752 0 0 0 0 0
-4.6300735 6.7685847 -0.89185381 0.25 0 0 0 0
-4.4046407 6.7905278 -0.89549237 0 0 0 0 0
-4.0501308 6.8023949 -0.88932753 0.79459631 0 0 0 0
-3.6722803 6.7941999 -0.89363205 0.004231771 0 0 0 0
-3.4850092 6.7291927 -0.89357847 0 0 0 0 0
-3.225409 6.6353407 -0.89039773 0 0 0 0 0
-2.9339318 6.7567844 -0.8784169 0 0 0 0 0
-4.9799876 7.063067 -0.89282334 0.5 0 0 0 0
-4.6244302 7.0173163 -0.89481258 0.78125 0 0 0 0
-4.2511816 7.0004463 -0.89035296 0.125 0 0 0 0
-4.1145492 7.0652246 -0.89632189 0.25 0 0 0 0
-3.659297 7.0012093 -0.89447379 0 0 0 0 0
-3.4089417 6.9781895 -0.88765168 0 0 0 0 0
-3.0650365 6.9058785 -0.89799911 0 0 0 0 0
-4.6090865 7.2843661 -0.89571553 0 0 0 0 0
-4.3213592 7.374404 -0.89751816 0.125 0 0 0 0
-3.6292601 7.3855677 -0.89358068 0 0 0 0 0
-3.5343311 7.2319956 -0.89804864 0 0 0 0 0
-5.2330251 7.555871 -0.8932808 1 0 0 0 0
-4.3371973 7.5610719 -0.8898809 0.625 0 0 0 0
-4.127285 7.641037 -0.89605582 0.5 0 0 0 0
-3.7132678 7.6047277 -0.8972013 0 0 0 0 0
-3.4027729 7.7572403 -0.89609176 0 0 0 0 0
-3.2849202 7.6172791 -0.89215583 0 0 0 0 0
-5.8555145 7.9810338 -0.8782286 4.5 0 0 0 0
-7.045083 8.2316742 -0.64263475 21.099285 0 0 0 0
-6.642849 8.309123 -0.71463954 7.0768232 0 0 0 0
-6.0161757 8.2812691 -0.88091761 3.75 0 0 0 0
-5.8638411 8.3142929 -0.7486614 12.4375 0 0 0 0
-5.6247129 8.2168713 -0.76098931 27.099262 0 0 0 0
-5.1430683 8.2631111 -0.62632084 27.904167 0 0 0 0
-4.9911642 8.2575665 -0.81856871 23.868435 0 0 0 0
-4.5406728 8.275219 -0.76290309 20.548248 0 0 0 0
-4.4180164 8.2353487 -0.812356 20.662247 0 0 0 0
-4.055377 8.2538834 -0.86437249 12.109075 0 0 0 0
-3.7423594 8.2466316 -0.86171144 14.223778 0 0 0 0
-3.4243486 8.3229094 -0.72190297 9.2112789 0 0 0 0
-3.1799045 8.2579823 -0.88422501 9.4779053 0 0 0 0
-2.7759748 8.3240547 -0.74044979 11.398553 0 0 0 0
-2.6347408 8.2746239 -0.86427009 3.7362711 0 0 0 0
-2.3615925 8.3159027 -0.87133026 0.6875 0 0 0 0
-0.4176932 8.2940378 -0.87524772 2.3414748 0 0 0 0
-0.26470637 8.2743282 -0.86600506 6.1706786 0 0 0 0
-6.6329241 8.4402733 -0.76905441 16.225548 0 0 0 0
-6.5487347 8.5756588 -0.76041424 9.0924788 0 0 0 0
-6.230238 8.5379114 -0.70574588 1.6358451 0 0 0 0
-4.9758368 8.6611834 -0.69351113 5.1245327 0 0 0 0
-3.4803786 8.4247742 -0.67796654 1.5 0 0 0 0
-4.9673781 8.7663136 -0.75841117 6.0186644 0 0 0 0
-4.9808407 9.2397919 -0.79768378 5.4082065 0 0 0 0
-4.9913239 9.5039206 -0.785914 4.6837196 0 0 0 0
-16.964626 9.8028183 -0.86742663 25.5 0 0 0 0
-4.9948297 9.7667904 -0.80048835 4.9166002 0 0 0 0
-5.0052195 9.9734592 -0.84241933 4.4274902 0 0 0 0
-4.989253 10.429573 -0.86373913 2.9791157 0 0 0 0
-4.9686575 10.578158 -0.79091299 1.3125 0 0 0 0
-8.500433 -8.4034567 -0.39092219 1.5 0 0 0 0
-8.1781254 -8.4090595 -0.36358273 2.46875 0 0 0 0
-7.962739 -8.4282331 -0.43546009 2.875 0 0 0 0
-7.6810193 -8.4370537 -0.41493452 1.4375 0 0 0 0
-8.4544668 -8.3668766 -0.38713428 2 0 0 0 0
-8.1436176 -8.3693619 -0.3939786 5.945282 0 0 0 0
-7.8943439 -8.3858395 -0.43704209 4.0507812 0 0 0 0
-7.6569719 -8.3624115 -0.39802665 4.0281572 0 0 0 0
-6.9357595 -8.2341108 -0.3753885 15.975911 0 0 0 0
-6.8765583 -8.2264309 -0.40113708 20.745241 0 0 0 0
-6.3183479 -8.2455845 -0.39721164 15.33621 0 0 0 0
-6.2874851 -8.2178259 -0.52952904 17.446266 0 0 0 0
-5.9061327 -8.2215729 -0.43414968 21.999691 0 0 0 0
-5.5961952 -8.2313519 -0.48372883 32.678101 0 0 0 0
-5.2204857 -8.2249813 -0.38905042 33.18084 0 0 0 0
-5.0656157 -8.2296009 -0.51045758 32.34375 0 0 0 0
-4.6099181 -8.2237587 -0.48028114 31.871407 0 0 0 0
-4.4660687 -8.2191954 -0.58514827 31 0 0 0 0
-4.1151438 -8.2276726 -0.39525247 31.756182 0 0 0 0
-3.6283207 -8.2169361 -0.34567019 32.943748 0 0 0 0
-3.4147964 -8.2062416 -0.55428815 27.831694 0 0 0 0
-3.0190809 -8.2122831 -0.32211491 34.25 0 0 0 0
-2.8953342 -8.2185898 -0.41352004 31.703133 0 0 0 0
-2.6151958 -8.2190304 -0.46316448 18.5 0 0 0 0
-2.2944331 -8.208807 -0.43927509 29.613813 0 0 0 0
-1.8284115 -8.2083464 -0.32910115 29.511944 0 0 0 0
-1.733024 -8.2088957 -0.44059387 25.677544 0 0 0 0
-1.223058 -8.2015123 -0.37712559 24.507553 0 0 0 0
-1.1718624 -8.1966486 -0.42286491 24.151451 0 0 0 0
-0.62269115 -8.1996679 -0.50306726 12.65724 0 0 0 0
-0.56378138 -8.1938152 -0.56398261 9.9675026 0 0 0 0
-6.3369999 -6.1244326 -0.32170403 1 0 0 0 0
-6.0913391 -6.1061182 -0.36625358 8.5 0 0 0 0
-5.9222593 -6.0551248 -0.43031046 14.857422 0 0 0 0
-5.6349382 -6.1039219 -0.57300568 27.384895 0 0 0 0
-7.5879536 -5.7102633 -0.49732938 50.5 0 0 0 0
-7.0803146 -5.7175131 -0.37402016 26.352463 0 0 0 0
-6.6385212 -5.7047157 -0.31451434 3.75 0 0 0 0
-6.2064037 -5.7212811 -0.40526187 0.82421875 0 0 0 0
-5.8196945 -5.7742062 -0.50354868 14.511293 0 0 0 0
-5.6494274 -5.7911444 -0.58792597 19.875 0 0 0 0
-0.54824752 -5.7433205 -0.30020517 0 0 0 0 0
-15.014081 -5.6889319 -0.419204 11 0 0 0 0
-7.5361977 -5.6244183 -0.44086465 47.37508 0 0 0 0
-7.4780722 -5.6359019 -0.53533399 49.027573 0 0 0 0
-7.0103216 -5.6549177 -0.42430919 26.631245 0 0 0 0
-6.667541 -5.6355944 -0.43860924 17.483725 0 0 0 0
-6.377789 -5.646512 -0.48599535 6.7479272 0 0 0 0
-6.2550774 -5.6473761 -0.49917096 1.9186199 0 0 0 0
-5.919816 -5.684082 -0.46548426 11.302734 0 0 0 0
-5.6941671 -5.674603 -0.59430671 24.5 0 0 0 0
-0.46622455 -5.5398798 -0.30205435 1.75 0 0 0 0
-13.393257 -5.2562304 -0.43122274 6.6661453 0 0 0 0
-13.146934 -5.2364049 -0.34828338 16.75 0 0 0 0
-12.79582 -5.251298 -0.35556871 15.153809 0 0 0 0
-12.424629 -5.2480974 -0.50930452 12.851562 0 0 0 0
-12.112809 -5.2441144 -0.42449492 16.908691 0 0 0 0
-11.806337 -5.240808 -0.3603394 19.5625 0 0 0 0
-11.486528 -5.2285633 -0.54590654 14.906087 0 0 0 0
-11.332355 -5.239347 -0.51733512 21.858847 0 0 0 0
-11.014107 -5.2224722 -0.37618685 28.441025 0 0 0 0
-10.754628 -5.2199345 -0.5463438 35.5 0 0 0 0
-10.335106 -5.2300639 -0.49956572 28.24037 0 0 0 0
-9.9954271 -5.229847 -0.3356851 32.004005 0 0 0 0
-9.8066692 -5.2342815 -0.34475744 34.53878 0 0 0 0
-9.3216324 -5.2444344 -0.45023739 34.290367 0 0 0 0
-9.2350016 -5.2410345 -0.42234617 32.88475 0 0 0 0
-8.8234539 -5.230299 -0.32755601 37.125 0 0 0 0
-8.6101351 -5.2300844 -0.41443974 35.987968 0 0 0 0
-8.148632 -5.2241712 -0.38711327 37.018761 0 0 0 0
-8.0777397 -5.2268372 -0.49368414 36.00552 0 0 0 0
-7.6064053 -5.3173604 -0.39816207 60.300674 0 0 0 0
-0.44018874 -5.3659706 -0.44242632 1.875 0 0 0 0
-0.25781503 -5.3007221 -0.30253187 5.75 0 0 0 0
-17.451529 -4.572269 -0.51542813 30 0 0 0 0
-17.316811 -4.5169287 -0.50347018 15.90625 0 0 0 0
-17.045116 -4.5012407 -0.38495624 22 0 0 0 0
-17.600096 -4.4625711 -0.34867954 7.5625 0 0 0 0
-17.328449 -4.4838929 -0.41637641 14.25 0 0 0 0
-16.976715 -4.4822884 -0.47950584 14.65625 0 0 0 0
-16.711557 -4.4847116 -0.38897809 26.5 0 0 0 0
-13.224955 -3.2802577 -0.30265117 1 0 0 0 0
-13.001059 -3.1301327 -0.33622873 1.78125 0 0 0 0
-12.865474 -3.0418015 -0.34051156 2.3125 0 0 0 0
-7.720829 -3.0794303 -0.303992 2 0 0 0 0
-6.9880633 -3.1297348 -0.31975961 1.40625 0 0 0 0
-6.8415298 -3.038574 -0.32028931 7 0 0 0 0
-12.81217 -2.8847878 -0.34392956 2.9096985 0 0 0 0
-7.5927014 -2.9428859 -0.30204946 3 0 0 0 0
-7.2817683 -2.7293134 -0.30633509 33.25 0 0 0 0
-7.0086918 -2.7331026 -0.32163814 28.854168 0 0 0 0
-6.8425608 -2.9433947 -0.32479784 6.34375 0 0 0 0
-13.263617 -2.483417 -0.45427185 22.75 0 0 0 0
-7.3217368 -2.6079569 -0.52743846 26.770073 0 0 0 0
-7.107914 -2.6381679 -0.31416979 32.75 0 0 0 0
-6.7076855 -2.5656466 -0.32252246 17.112743 0 0 0 0
-16.859013 -2.2444015 -0.53307986 49.412273 0 0 0 0
-13.322575 -2.3121738 -0.50607973 32 0 0 0 0
-7.3617001 -2.2499142 -0.49644697 37.841846 0 0 0 0
-7.0158587 -2.2427237 -0.34194174 44.449108 0 0 0 0
-6.7519231 -2.2845342 -0.34907246 30.730497 0 0 0 0
-16.866592 -2.0504379 -0.47397971 40.333008 0 0 0 0
-12.990129 -1.8494546 -0.39077333 1.75 0 0 0 0
-8.0406685 -1.9940913 -0.3777926 8.75 0 0 0 0
-6.9778357 -1.8264685 -0.34672439 13.832764 0 0 0 0
-6.8616123 -1.9603233 -0.34343606 17.75 0 0 0 0
-16.849205 -1.7485646 -0.46591669 56.316162 0 0 0 0
-16.732851 -1.688718 -0.39688307 52.876301 0 0 0 0
-16.33267 -1.6320995 -0.55617738 7.9322915 0 0 0 0
-13.353038 -1.6541448 -0.3403517 1.78125 0 0 0 0
-13.111092 -1.7481521 -0.33699235 1.9166666 0 0 0 0
-8.7148275 -1.5512989 -0.43027937 19.75 0 0 0 0
-8.6009512 -1.5403445 -0.46785915 18.185547 0 0 0 0
-8.1310444 -1.6367505 -0.46993762 17.85145 0 0 0 0
-8.070425 -1.6711874 -0.49831492 23.592798 0 0 0 0
-7.5800953 -1.572448 -0.30834132 2.75 0 0 0 0
-7.3847032 -1.6116023 -0.4074412 4.9088545 0 0 0 0
-7.0400634 -1.7615005 -0.32202315 10.182298 0 0 0 0
-1.3746138 -1.6437436 -0.47201347 1.5450033 0 0 0 0
-16.872982 -1.2370667 -0.48832566 43.846638 0 0 0 0
-8.735199 -1.4681406 -0.41572765 15.875 0 0 0 0
-8.5457668 -1.3902599 -0.41261649 20.244663 0 0 0 0
-8.3893232 -1.4770215 -0.52132827 13 0 0 0 0
-7.8499475 -1.2534722 -0.43668446 11.859375 0 0 0 0
-7.7979012 -1.2430838 -0.52482635 12.5 0 0 0 0
-16.881527 -1.1271156 -0.41356134 29.041391 0 0 0 0
-10.555583 -0.93625593 -0.53065133 11.90625 0 0 0 0
-10.446502 -1.0408521 -0.58258843 25.567875 0 0 0 0
-7.8325777 -1.1827621 -0.47559515 6.0625 0 0 0 0
-7.7983365 -1.1984562 -0.48011053 8 0 0 0 0
-17.116779 -0.65275556 -0.43233678 2 0 0 0 0
-17.061466 -0.7166456 -0.49892485 2.2662253 0 0 0 0
-10.570676 -0.87361163 -0.50252503 2.4375 0 0 0 0
-10.430535 -0.82935297 -0.53658742 8.03125 0 0 0 0
-17.031689 -0.5272969 -0.39148295 2.5 0 0 0 0
-8.6756763 -0.21869479 -0.371142 3.359375 0 0 0 0
-7.9624062 -0.12737009 -0.34699208 1.75 0 0 0 0
-2.6672602 0.23361722 -0.36097956 53.318359 0 0 0 0
-2.3452122 0.25133276 -0.54727322 15.665426 0 0 0 0
-2.4687991 0.43233413 -0.44654632 25 0 0 0 0
-3.4450655 1.4301889 -0.49467871 14.484175 0 0 0 0
-3.0486577 1.4484206 -0.39267784 15.505173 0 0 0 0
-2.9619622 1.4669205 -0.34187219 20.131981 0 0 0 0
-2.2119384 1.42117 -0.49357599 3.9434898 0 0 0 0
-1.9384749 1.47527 -0.35448641 3.2141833 0 0 0 0
-1.246443 1.4923315 -0.48870111 1.7685001 0 0 0 0
-1.1319602 1.4787629 -0.50510144 2.0201263 0 0 0 0
-3.3841643 1.6176879 -0.55726361 21.398434 0 0 0 0
-3.0688753 1.6506948 -0.43755406 28.07498 0 0 0 0
-2.8900452 1.5089902 -0.37092564 22.583332 0 0 0 0
-1.8618207 1.7368158 -0.31037164 2.6513276 0 0 0 0
-1.783389 1.7367939 -0.33332697 2.0588236 0 0 0 0
-1.2682447 1.6367738 -0.42624944 8.8372936 0 0 0 0
-1.1601859 1.5037251 -0.49077415 2.8815105 0 0 0 0
-9.1972103 1.9923527 -0.49742451 16 0 0 0 0
-9.6341686 2.3831155 -0.57517159 33.625 0 0 0 0
-9.3587847 2.3413546 -0.56658399 39.22374 0 0 0 0
-9.1748734 2.2764034 -0.56637764 38.650246 0 0 0 0
-1.52865 2.2565832 -0.45614094 2.9001367 0 0 0 0
-1.4300219 2.2620668 -0.5162726 1.7373172 0 0 0 0
-1.1769969 2.2824256 -0.5216161 2.0424125 0 0 0 0
-9.6156445 2.6594698 -0.55015552 25.5625 0 0 0 0
-9.4488659 2.5159984 -0.45010701 36 0 0 0 0
-9.1416798 2.5136523 -0.5647108 2 0 0 0 0
-8.6952238 2.5634165 -0.47972059 0 0 0 0 0
-1.1711003 2.429852 -0.57286894 3.25 0 0 0 0
-9.6210957 2.9206052 -0.55782241 47.916668 0 0 0 0
-9.5519371 2.8273365 -0.44403857 31.958336 0 0 0 0
-9.1803551 2.8158798 -0.42748156 41.729713 0 0 0 0
-9.4296703 3.2627146 -0.35198236 47.875 0 0 0 0
-9.1948261 3.2503614 -0.43007135 31.840416 0 0 0 0
-11.902025 3.4831152 -0.5903222 2 0 0 0 0
-9.6453028 3.4030094 -0.54218119 20.492188 0 0 0 0
-9.3324909 3.3739085 -0.42870158 37.28125 0 0 0 0
-9.2717094 3.3419175 -0.50248379 34.867508 0 0 0 0
-9.6851435 3.6056261 -0.5396533 39 0 0 0 0
-9.4306316 3.6395285 -0.38974684 33.315624 0 0 0 0
-9.2122269 3.7089353 -0.33900684 37.375061 0 0 0 0
-9.6028147 4.1599169 -0.58169103 39 0 0 0 0
-9.4214468 4.1117363 -0.37339324 46.059029 0 0 0 0
-9.2970076 3.9158936 -0.38369527 33.25 0 0 0 0
-1.5464826 4.1888552 -0.32180011 7.15625 0 0 0 0
-1.0067167 4.1698008 -0.44839755 0 0 0 0 0
-0.61063421 4.0122342 -0.57123995 11.166666 0 0 0 0
-0.55133516 4.013423 -0.52474058 5.1079044 0 0 0 0
-1.5349634 4.2232494 -0.41635692 1.3287514 0 0 0 0
-1.4854033 4.2367291 -0.44250906 6.5 0 0 0 0
-1.1245619 4.2546439 -0.35971156 18.696495 0 0 0 0
-2.1645837 4.7767062 -0.43260819 4.1532855 0 0 0 0
-1.5076421 4.6270356 -0.41243309 8.5 0 0 0 0
-1.4122701 4.6398001 -0.44006884 2.1318676 0 0 0 0
-1.0054362 4.5236835 -0.30073944 0 0 0 0 0
-0.3775135 4.7382932 -0.56444949 0.5 0 0 0 0
-2.1871374 4.8400297 -0.47377986 3.8058047 0 0 0 0
-1.9496369 4.8281441 -0.44203323 17.392099 0 0 0 0
-1.7731373 4.8607302 -0.45562184 18 0 0 0 0
-0.33470163 4.9789553 -0.55517852 3.3868265 0 0 0 0
-0.29147646 5.027812 -0.59642428 0 0 0 0 0
-2.3158734 5.1654954 -0.4892047 14.260008 0 0 0 0
-0.059092019 5.3267641 -0.54815912 1.0878906 0 0 0 0
0.0107833 5.3778925 -0.52392793 1 0 0 0 0
-0.013514334 5.4145002 -0.50119084 0 0 0 0 0
0.0021439516 5.4021854 -0.51514715 0 0 0 0 0
-7.3503494 8.1968689 -0.45505637 20.254168 0 0 0 0
-7.0589695 8.2189369 -0.37479326 23.675171 0 0 0 0
-6.6254148 8.3360634 -0.45451564 9.3500004 0 0 0 0
-6.5992775 8.3843136 -0.3810119 1.5 0 0 0 0
-5.7787828 8.2653503 -0.44702426 21.268635 0 0 0 0
-5.6427822 8.2537212 -0.45824251 27.726042 0 0 0 0
-5.2587652 8.2647438 -0.42782548 27.081951 0 0 0 0
-4.8937178 8.3604736 -0.4341141 24.254221 0 0 0 0
-4.6868038 8.3716564 -0.45584297 22.42239 0 0 0 0
-4.3724499 8.3737869 -0.47597802 13.244408 0 0 0 0
-4.134551 8.3873863 -0.48496464 19.582245 0 0 0 0
-3.6575315 8.370966 -0.39195484 18.84375 0 0 0 0
-3.541889 8.3649282 -0.48740694 11.890457 0 0 0 0
-3.0356307 8.3785114 -0.33869544 15.125 0 0 0 0
-2.9520409 8.3876371 -0.43220603 15.714579 0 0 0 0
-1.8275568 8.3880024 -0.35968307 13.25 0 0 0 0
-1.7104235 8.3815975 -0.33846974 6.8835244 0 0 0 0
-6.6356878 8.54282 -0.52274185 1.5004883 0 0 0 0
-6.3354263 8.547411 -0.48550496 3.2419665 0 0 0 0
-6.2844162 8.5650301 -0.51424754 2.3651099 0 0 0 0
-5.9866142 8.4138908 -0.30718786 9 0 0 0 0
-4.9507465 8.6474094 -0.42923349 7.2743053 0 0 0 0
-4.7424641 8.4209146 -0.3366622 20 0 0 0 0
-4.3654642 8.4084663 -0.42498618 4.4166665 0 0 0 0
-4.1421518 8.4170704 -0.43058419 9.916667 0 0 0 0
-3.358959 8.4094048 -0.52251542 14.267857 0 0 0 0
-3.0365644 8.4082947 -0.35169494 12.976191 0 0 0 0
-2.9039412 8.4144125 -0.41285247 10.6375 0 0 0 0
-1.827811 8.4091244 -0.526384 5 0 0 0 0
-1.6828891 8.4107933 -0.33915079 2.6955972 0 0 0 0
-4.9821615 8.7614441 -0.4439365 6.3337364 0 0 0 0
-4.9939899 9.1831188 -0.47280174 4.2911177 0 0 0 0
-4.9936943 9.4744539 -0.51033419 4.1982489 0 0 0 0
-4.9888515 9.7548676 -0.49769467 4.4736586 0 0 0 0
-16.912502 10.091469 -0.31527692 95.5 0 0 0 0
-5.0001564 10.005859 -0.54035503 4.2916937 0 0 0 0
-16.921288 10.30088 -0.35499781 56.875 0 0 0 0
-4.9796286 10.243434 -0.54196441 4.4932728 0 0 0 0
-9.0718918 -8.4293308 -0.16404516 1 0 0 0 0
-8.7787857 -8.4120502 -0.15794842 1.25 0 0 0 0
-8.6243439 -8.4158783 -0.16332135 1.625 0 0 0 0
-8.3166389 -8.4319229 -0.20582353 2 0 0 0 0
-7.836256 -8.4039335 -0.16356599 2.5 0 0 0 0
-7.6777954 -8.4535713 -0.21858011 1 0 0 0 0
-8.8985615 -8.3742542 -0.13670348 1 0 0 0 0
-8.6155138 -8.394309 -0.12853485 2.25 0 0 0 0
-8.2356768 -8.382679 -0.12921444 3.78125 0 0 0 0
-8.0467777 -8.377718 -0.16023193 5.3567705 0 0 0 0
-7.6929655 -8.3643169 -0.12209201 10.226705 0 0 0 0
-7.4683943 -8.3641548 -0.18923171 5 0 0 0 0
-6.9444618 -8.2258415 -0.19660789 16.491667 0 0 0 0
-6.7102365 -8.2303076 -0.06858141 23.1786 0 0 0 0
-6.4935966 -8.2207241 -0.13694236 22.327496 0 0 0 0
-6.1654172 -8.2246723 -0.10561438 23.637043 0 0 0 0
-5.9237347 -8.2273045 -0.18665208 20.235382 0 0 0 0
-5.4524202 -8.230278 -0.13199797 28.054688 0 0 0 0
-5.3392673 -8.2312336 -0.13577458 30.292278 0 0 0 0
-4.8398404 -8.2312222 -0.12492421 33.281845 0 0 0 0
-4.7840776 -8.2232513 -0.088786818 32.884865 0 0 0 0
-4.3022261 -8.2239037 -0.069563538 31.830296 0 0 0 0
-4.1471996 -8.2225885 -0.25614828 32.239872 0 0 0 0
-3.7036917 -8.2080879 -0.060309432 32.678207 0 0 0 0
-3.5804338 -8.2106705 -0.17801043 33.10096 0 0 0 0
-3.0836082 -8.2198563 -0.22327207 32.801201 0 0 0 0
-2.9485543 -8.2162943 -0.28901726 32.490105 0 0 0 0
-2.5299952 -8.2133732 -0.094316438 32.66349 0 0 0 0
-2.1854315 -8.2083244 -0.096469596 30.75 0 0 0 0
-1.8940006 -8.2075386 -0.16590644 30.761478 0 0 0 0
-1.7859762 -8.2055674 -0.26856965 30.214287 0 0 0 0
-1.3977137 -8.2001715 -0.049548224 30.086918 0 0 0 0
-0.74166715 -8.1935282 -0.1400127 25.566399 0 0 0 0
-0.38510513 -8.2002926 -0.20607731 24.806932 0 0 0 0
-7.297401 -6.3708901 -0.29768851 2 0 0 0 0
-16.319784 -6.1870766 -0.19107752 3 0 0 0 0
-16.164509 -6.1734304 -0.13505113 10 0 0 0 0
-7.2543583 -6.1013384 -0.072960041 1.8974651 0 0 0 0
-7.5372057 -5.7109208 -0.17932907 39.6875 0 0 0 0
-7.303525 -5.8911977 -0.099576175 14.757802 0 0 0 0
-6.6860957 -5.7119141 -0.29395586 5.25 0 0 0 0
-0.51698285 -5.7365522 -0.27917933 0.125 0 0 0 0
-14.493139 -5.5030785 -0.074650981 10 0 0 0 0
-7.5918617 -5.6232033 -0.0735128 46.935524 0 0 0 0
-0.40570545 -5.4836831 -0.27942777 12.362276 0 0 0 0
-0.27729148 -5.5683899 -0.27623042 0.25 0 0 0 0
-13.547623 -5.2521791 -0.13366309 10.675781 0 0 0 0
-13.377955 -5.2304697 -0.11775599 7.7435398 0 0 0 0
-13.018124 -5.2513008 -0.16466743 14.8125 0 0 0 0
-12.765593 -5.2443943 -0.14834136 18.936474 0 0 0 0
-12.436432 -5.2327566 -0.15417096 22.153236 0 0 0 0
-12.235041 -5.2436938 -0.17158324 23.354492 0 0 0 0
-11.763187 -5.2389278 -0.13309933 22.339811 0 0 0 0
-11.627926 -5.2358766 -0.19048645 22.572916 0 0 0 0
-11.223391 -5.2309084 -0.14652984 26.958309 0 0 0 0
-10.942082 -5.2248774 -0.1328069 27.417969 0 0 0 0
-10.583371 -5.2250485 -0.063185133 28.032612 0 0 0 0
-10.408342 -5.2233963 -0.10453975 29.4375 0 0 0 0
-9.9354391 -5.234405 -0.26229709 34.943741 0 0 0 0
-9.8518162 -5.2318316 -0.24858366 33.594418 0 0 0 0
-9.4843655 -5.2284226 -0.097536042 32.576843 0 0 0 0
-9.1746502 -5.2398067 -0.27483088 36.5 0 0 0 0
-8.8275957 -5.2316074 -0.23732585 34.678116 0 0 0 0
-8.5689936 -5.2282963 -0.14917578 31.872396 0 0 0 0
-8.3364 -5.2222614 -0.06458202 33.927532 0 0 0 0
-8.0004911 -5.2252612 -0.29185417 20 0 0 0 0
-7.6761141 -5.3015518 -0.15017304 51.289165 0 0 0 0
-0.31219891 -5.3832254 -0.28889126 6.0349936 0 0 0 0
-0.24183697 -5.3087978 -0.28509107 10.722306 0 0 0 0
-17.534088 -4.5218668 -0.055981729 15.5 0 0 0 0
-17.289492 -4.5053439 -0.12907943 26 0 0 0 0
-16.905956 -4.5025749 -0.25852194 30.75 0 0 0 0
-17.619362 -4.4047308 -0.12358619 5.46346 0 0 0 0
-17.208916 -4.4781456 -0.18936861 26.9375 0 0 0 0
-16.959797 -4.4818144 -0.11458766 21.5625 0 0 0 0
-16.714598 -4.4768901 -0.15182449 24 0 0 0 0
-13.017162 -3.1488681 -0.26916993 1.375 0 0 0 0
-12.883787 -3.0590844 -0.236586 2 0 0 0 0
-7.8679504 -3.1609845 -0.2871092 1 0 0 0 0
-7.5808606 -3.23681 -0.28908208 1 0 0 0 0
-7.3067851 -3.1787443 -0.29380676 1.75 0 0 0 0
-6.9894781 -3.1019607 -0.28080505 3.75 0 0 0 0
-13.332647 -2.7820551 -0.046692479 27.807678 0 0 0 0
-12.780258 -2.8411765 -0.2597912 3.2890625 0 0 0 0
-7.3811417 -2.7826962 -0.24908054 12.03125 0 0 0 0
-7.0362597 -2.727916 -0.26750204 31.177082 0 0 0 0
-6.804472 -2.81147 -0.28258276 8 0 0 0 0
-13.253423 -2.5251296 -0.022545014 46 0 0 0 0
-7.2788401 -2.6508546 -0.21482316 36.788467 0 0 0 0
-7.0873089 -2.677068 -0.28418636 34.768784 0 0 0 0
-6.7416143 -2.6289415 -0.28482637 8.875 0 0 0 0
-13.313878 -2.2572403 -0.041306976 68.819336 0 0 0 0
-7.320715 -2.2541242 -0.2625353 84.972412 0 0 0 0
-7.0434799 -2.2835779 -0.29048371 56.083332 0 0 0 0
-0.037035592 -2.2128658 -0.033330198 19.110477 0 0 0 0
0.0061171874 -2.1527944 -0.16163483 23.793486 0 0 0 0
-13.008492 -1.8329258 -0.28692874 3.25 0 0 0 0
-8.179347 -2.0569358 -0.29394752 1 0 0 0 0
-8.0286531 -2.0576 -0.29786965 1 0 0 0 0
-7.5199575 -2.0739625 -0.13908052 28.569366 0 0 0 0
-7.4903307 -2.0817437 -0.15895428 38.347473 0 0 0 0
-6.9980335 -1.8445624 -0.29995739 11.666667 0 0 0 0
0.21748769 -2.0267644 -0.025365394 46.492912 0 0 0 0
-13.345428 -1.603245 -0.28454483 2 0 0 0 0
-13.077126 -1.7302619 -0.27810398 2 0 0 0 0
-8.7088337 -1.6615938 -0.21733844 31.058008 0 0 0 0
-8.6790409 -1.642398 -0.21576411 19.787626 0 0 0 0
-7.5213661 -1.5756147 -0.29559058 1 0 0 0 0
-7.459465 -1.593401 -0.28369936 2 0 0 0 0
-7.1341772 -1.7134554 -0.29057521 5.71875 0 0 0 0
-1.384901 -1.5827816 -0.036059067 2.658371 0 0 0 0
-8.7640934 -1.4419651 -0.20625934 28.145832 0 0 0 0
-8.5384016 -1.3218737 -0.14413571 16.734619 0 0 0 0
-8.3283634 -1.2283835 -0.11321035 27.565104 0 0 0 0
-7.9638166 -1.2045205 -0.081950828 38.567123 0 0 0 0
-1.5144418 -1.4645191 -0.10740888 2 0 0 0 0
-1.4787203 -1.4658059 -0.12453026 2 0 0 0 0
-8.2436314 -1.1868498 -0.055987485 27.40625 0 0 0 0
-7.8219261 -1.1822101 -0.20528072 31.287106 0 0 0 0
-7.8774629 -0.76526809 -0.11734584 49.334095 0 0 0 0
-0.96014786 -0.6659196 -0.039949968 0 0 0 0 0
-17.038208 -0.52007324 -0.28889951 2 0 0 0 0
-7.9813409 -0.34608564 -0.065368854 25.630005 0 0 0 0
-9.2577782 -0.033118505 -0.09746442 149.95509 0 0 0 0
-8.7236195 -0.20192033 -0.29874542 1 0 0 0 0
-8.6675186 -0.20472804 -0.22568616 2.4375 0 0 0 0
-8.1556892 -0.19777972 -0.027177215 26.29834 0 0 0 0
-8.0232782 -0.19192261 -0.091962248 26.11931 0 0 0 0
-2.4732537 -0.017355297 -0.2124857 33.160767 0 0 0 0
-2.3883481 -0.046954371 -0.18249199 20.34733 0 0 0 0
-1.9163154 -0.0041146763 -0.092471138 9.2098484 0 0 0 0
-9.2530174 0.050363824 -0.061763857 149.41615 0 0 0 0
-2.6516519 0.28342402 -0.12527913 55.565437 0 0 0 0
-2.2061868 0.084718704 -0.12584342 78.5 0 0 0 0
-1.9208254 0.16927154 -0.12024909 20.195539 0 0 0 0
-2.4233882 0.54782367 -0.24898517 22.292191 0 0 0 0
-2.2858479 0.51749873 -0.12938696 8.937294 0 0 0 0
-1.9217528 0.5179041 -0.099224389 4.5660567 0 0 0 0
-3.5253446 1.468197 -0.24211279 24.939157 0 0 0 0
-3.0081668 1.4685328 -0.29871809 14.4 0 0 0 0
-2.9074669 1.4788525 -0.22554862 15.991212 0 0 0 0
-2.4531245 1.4734442 -0.13695055 7.1379671 0 0 0 0
-2.3375773 1.4882107 -0.14360049 3.6186979 0 0 0 0
-2.0066187 1.4800833 -0.29646933 2.8823528 0 0 0 0
-9.0339861 1.7728238 -0.05761531 34.36898 0 0 0 0
-8.9885254 1.6667719 -0.10188248 71.625 0 0 0 0
-3.5075419 1.6900773 -0.10726885 55.821068 0 0 0 0
-3.1532125 1.7422123 -0.16984238 64.470215 0 0 0 0
-2.7216923 1.6200635 -0.13318102 8.3808613 0 0 0 0
-2.6558909 1.5957637 -0.10573862 11.562267 0 0 0 0
-2.197062 1.5075662 -0.089284793 2.8934259 0 0 0 0
-1.9353143 1.7727985 -0.23851764 2.2819781 0 0 0 0
-1.3697488 1.6611924 -0.19606593 7.1734152 0 0 0 0
-9.0535736 1.8623452 -0.066611618 40.371063 0 0 0 0
-3.3312547 1.8124077 -0.023225667 44.972427 0 0 0 0
-3.2847733 1.8149792 -0.046979286 43.906071 0 0 0 0
-1.9253783 2.078341 -0.17530978 3.1208577 0 0 0 0
-9.0812502 2.259711 -0.11423055 33.811039 0 0 0 0
-1.877679 2.1177316 -0.1825479 2.4149773 0 0 0 0
-1.7719636 2.1615968 -0.215583 1.5 0 0 0 0
-9.0588627 2.6344581 -0.15409037 40.665112 0 0 0 0
-9.0763931 2.83077 -0.14414331 36.378304 0 0 0 0
-8.9428368 2.7221282 -0.20690662 34.5 0 0 0 0
-8.3629551 2.7372775 -0.13609368 2.75 0 0 0 0
-9.0830154 3.1734383 -0.10360406 39.194691 0 0 0 0
-8.4170904 3.2446699 -0.12964654 1.25 0 0 0 0
-8.3778849 3.1990995 -0.13282233 4.3510742 0 0 0 0
-9.1528358 3.4766629 -0.15976907 36.134781 0 0 0 0
-8.4168177 3.4245052 -0.15749979 1.125 0 0 0 0
-8.3885384 3.3205235 -0.14623037 3.75 0 0 0 0
-9.1470575 3.7800264 -0.15889354 36.064133 0 0 0 0
-9.4323196 4.0562687 -0.26381299 78.541016 0 0 0 0
-9.1502075 4.0660291 -0.14326738 48.238575 0 0 0 0
-0.98091984 4.116128 -0.10616938 33.818748 0 0 0 0
-0.68239945 4.0708313 -0.12404785 16.41638 0 0 0 0
-0.49927649 4.0037718 -0.16170542 3.7405396 0 0 0 0
-9.1554127 4.2042761 -0.054651283 22 0 0 0 0
-1.2851975 4.2307301 -0.13924997 55.007584 0 0 0 0
-1.1523089 4.281198 -0.190455 45.266491 0 0 0 0
-0.74684113 4.2133303 -0.074023858 17.431675 0 0 0 0
-0.51759028 4.3222446 -0.018858485 4.2265625 0 0 0 0
-2.2245359 4.7508955 -0.16407833 10.682714 0 0 0 0
-1.5425123 4.6473255 -0.15093102 6.7392578 0 0 0 0
-1.3206935 4.5974054 -0.26505783 17.5625 0 0 0 0
-1.0663362 4.5773215 -0.078863457 17.061434 0 0 0 0
-0.80040967 4.7312727 -0.1253565 10.646811 0 0 0 0
-0.55898762 4.7560287 -0.066511132 13 0 0 0 0
-11.279729 5.0640435 -0.026802441 1 0 0 0 0
-2.2292705 4.8743863 -0.20557591 6.82792 0 0 0 0
-0.60118693 5.0124168 -0.10162088 0 0 0 0 0
-0.49505466 4.9147024 -0.014308401 14.412808 0 0 0 0
-13.456291 5.2848215 -0.011377636 18 0 0 0 0
-2.2851472 5.1202922 -0.18077004 4.7347002 0 0 0 0
-0.74070066 5.2052488 -0.023524638 13.749233 0 0 0 0
0.47906691 5.3875809 -0.20742425 6.4507132 0 0 0 0
0.78547978 5.1727839 -0.11388007 2.4352551 0 0 0 0
0.50825167 5.4060402 -0.15451297 2.1165185 0 0 0 0
0.67632467 5.5482364 -0.13024272 17.093618 0 0 0 0
-17.55484 6.4642549 -0.029048622 68 0 0 0 0
-7.5622158 8.2134562 -0.10003617 13.57636 0 0 0 0
-7.3710413 8.2138386 -0.15731493 23.885727 0 0 0 0
-7.0904346 8.2153473 -0.20213099 25.350283 0 0 0 0
-6.8209581 8.2703171 -0.10346287 34.301842 0 0 0 0
-6.4278584 8.3884544 -0.26119128 20 0 0 0 0
-6.0473185 8.3974743 -0.049191512 58 0 0 0 0
-5.7951975 8.3093357 -0.18734214 44.695831 0 0 0 0
-5.4604387 8.2555485 -0.073087759 28.710855 0 0 0 0
-5.2839155 8.2537966 -0.18101569 26.87676 0 0 0 0
-4.8627262 8.3509712 -0.1859915 24.305645 0 0 0 0
-4.7181644 8.338892 -0.19684625 29.127441 0 0 0 0
-4.2823629 8.3783627 -0.084664963 16.459709 0 0 0 0
-4.0481606 8.3661375 -0.040549636 17.543751 0 0 0 0
-3.6570249 8.3748817 -0.12929198 14.90798 0 0 0 0
-3.544323 8.3772526 -0.16880617 14.049851 0 0 0 0
-3.1763713 8.3829985 -0.10970052 16.212446 0 0 0 0
-2.8832245 8.3792658 -0.18021744 19.99703 0 0 0 0
-1.8251286 8.3847485 -0.16911237 14.833333 0 0 0 0
-1.7534151 8.3910294 -0.25811702 10 0 0 0 0
-1.4037871 8.3770676 -0.075276718 10.65625 0 0 0 0
1.1535938 8.3910351 -0.098013029 12.191406 0 0 0 0
1.2183973 8.3926373 -0.11208533 9 0 0 0 0
-8.1156559 8.6662846 -0.046557333 25.5 0 0 0 0
-7.9964423 8.5666008 -0.064033851 28.75 0 0 0 0
-6.67169 8.427269 -0.17401469 19.791668 0 0 0 0
-6.4774132 8.5551491 -0.13569421 64.084389 0 0 0 0
-6.1210089 8.5262108 -0.16534981 134.77557 0 0 0 0
-5.9694262 8.4085064 -0.20425956 21.023809 0 0 0 0
-4.9463854 8.5695152 -0.21760994 9.4407835 0 0 0 0
-4.7172751 8.4166756 -0.25598991 11.958333 0 0 0 0
-4.3995595 8.4028425 -0.0055267853 17.083332 0 0 0 0
-4.1719222 8.4008646 -0.099299751 24.4 0 0 0 0
-3.5469589 8.4039993 -0.19898334 9.041666 0 0 0 0
-3.1759636 8.4062681 -0.05880633 16.840626 0 0 0 0
-2.8093431 8.4053154 -0.029477127 14.179688 0 0 0 0
-1.821031 8.4292336 -0.020221416 2 0 0 0 0
-1.7587647 8.4070415 -0.2727437 7.1875 0 0 0 0
-1.4410591 8.4331436 -0.038560059 5.875 0 0 0 0
1.1408153 8.4268188 -0.069000587 1.5783272 0 0 0 0
1.223262 8.4268322 -0.10658348 2 0 0 0 0
-4.9801726 8.798996 -0.23770462 5.7752433 0 0 0 0
-4.9935369 9.1595154 -0.21438506 5.1935625 0 0 0 0
-5.0042367 9.442874 -0.22249174 4.8502874 0 0 0 0
-16.948477 9.8337612 -0.12372494 92.985352 0 0 0 0
-4.9954691 9.850296 -0.20149764 4.7985001 0 0 0 0
-16.92503 10.020424 -0.14718983 94.515099 0 0 0 0
-5.0085874 10.1243 -0.23299003 5.2890625 0 0 0 0
-16.904011 10.405975 -0.19294435 37.824062 0 0 0 0
-4.990345 10.251175 -0.21086553 4.578125 0 0 0 0
-16.962883 10.58169 -0.039907999 6.25 0 0 0 0
-4.954844 10.599169 -0.0036769523 1 0 0 0 0
-9.2302408 -8.4103565 0.19024892 1 0 0 0 0
-8.8105478 -8.4295273 0.098150358 1.5 0 0 0 0
-8.5232401 -8.4040794 0.17149813 1.75 0 0 0 0
-8.289257 -8.4092312 0.14460765 2 0 0 0 0
-7.6950498 -8.4183292 0.29784724 4 0 0 0 0
-8.9580584 -8.3636322 0.27228916 2 0 0 0 0
-8.5873756 -8.3589554 0.13346103 1.125 0 0 0 0
-8.192234 -8.3689461 0.084286153 3 0 0 0 0
-7.9005241 -8.3678513 0.12353689 5.5566893 0 0 0 0
-7.5948534 -8.3575745 0.12926602 11.96875 0 0 0 0
-6.9466681 -8.2222557 0.098646849 19.5 0 0 0 0
-6.7106223 -8.2151499 0.076517962 24.038195 0 0 0 0
-6.423749 -8.2159977 0.16318986 22.1875 0 0 0 0
-6.1930118 -8.2209673 0.070868209 23.706055 0 0 0 0
-5.9073396 -8.2278595 0.044737402 23.227865 0 0 0 0
-5.5246797 -8.2213383 0.075557031 22.93502 0 0 0 0
-5.2164617 -8.2312031 0.041633226 31 0 0 0 0
-4.9613457 -8.2207336 0.12037354 32.501205 0 0 0 0
-4.638463 -8.2158794 0.20036751 33.241669 0 0 0 0
-4.3567677 -8.2194519 0.1380517 31.929911 0 0 0 0
-3.9249496 -8.2098227 0.24889696 32.328819 0 0 0 0
-3.8664551 -8.2092342 0.23505582 32.954124 0 0 0 0
-3.3772886 -8.2111588 0.20170739 25.922222 0 0 0 0
-3.2352192 -8.2084656 0.12668724 33.009705 0 0 0 0
-2.7607045 -8.2095661 0.24763629 31.430111 0 0 0 0
-2.6227717 -8.2111931 0.069435529 32.924088 0 0 0 0
-2.1467776 -8.2046385 0.23527795 32.973976 0 0 0 0
-2.0751419 -8.2039433 0.13543184 33.261478 0 0 0 0
-1.5503823 -8.1980047 0.24426863 32.742992 0 0 0 0
-1.4642284 -8.2007093 0.081981465 31.172073 0 0 0 0
-0.98513377 -8.1890841 0.22194554 31.197618 0 0 0 0
-0.68725377 -8.1903772 0.18400276 24.666666 0 0 0 0
-0.46086261 -8.1890764 0.057753351 26.27396 0 0 0 0
-16.131462 -6.1725807 0.14462775 6.5 0 0 0 0
-7.2690587 -6.0408487 0.15409529 2.027271 0 0 0 0
-7.3536115 -5.8492374 0.065156788 11.89682 0 0 0 0
-14.519976 -5.5242062 0.13799232 36.75 0 0 0 0
-7.6092491 -5.5863147 0.17992672 47.300781 0 0 0 0
-13.589496 -5.2206354 0.19367994 3.6875 0 0 0 0
-13.322365 -5.2455769 0.14782402 9.755208 0 0 0 0
-13.077093 -5.2375011 0.15438463 12.915316 0 0 0 0
-12.752941 -5.2419386 0.092136838 22.46875 0 0 0 0
-12.395526 -5.2348223 0.10411283 15.926306 0 0 0 0
-12.066573 -5.2234244 0.16901955 17.512695 0 0 0 0
-11.896043 -5.2253118 0.23061766 18.902256 0 0 0 0
-11.525976 -5.2237105 0.091542974 26.9375 0 0 0 0
-11.349928 -5.225626 0.072950438 24.747723 0 0 0 0
-10.916609 -5.224534 0.22194098 24.575033 0 0 0 0
-10.712435 -5.2187033 0.216524 26.947918 0 0 0 0
-10.219392 -5.2195377 0.17197767 29.775723 0 0 0 0
-10.094875 -5.2153454 0.13581775 31.985126 0 0 0 0
-9.6467667 -5.2258215 0.20314348 33.757812 0 0 0 0
-9.501503 -5.2188497 0.057909306 33.060722 0 0 0 0
-9.0846567 -5.2276869 0.24464233 32.934212 0 0 0 0
-8.9248114 -5.2234192 0.18152416 33.069443 0 0 0 0
-8.5564699 -5.2306042 0.12417011 34.825356 0 0 0 0
-8.2957954 -5.2229996 0.19753298 35.692551 0 0 0 0
-7.8853583 -5.236701 0.20978522 38.327396 0 0 0 0
-7.6405058 -5.3223815 0.19581243 56.949654 0 0 0 0
-17.512316 -4.5099392 0.060026649 11.75 0 0 0 0
-17.235521 -4.5481677 0.24394125 4.5 0 0 0 0
-16.794289 -4.5070271 0.14863034 17 0 0 0 0
-17.706755 -4.3648968 0.017475035 2 0 0 0 0
-17.557377 -4.397397 0.070137784 3.703125 0 0 0 0
-17.216801 -4.4348736 0.14023913 10.335938 0 0 0 0
-17.001673 -4.4711781 0.044625416 14.6875 0 0 0 0
-16.616863 -4.4491043 0.14526668 25 0 0 0 0
-13.360081 -2.8312824 0.085734695 13.433003 0 0 0 0
-16.716969 -2.4851196 0.1486907 54 0 0 0 0
-13.283914 -2.6444697 0.18970269 50.538723 0 0 0 0
-7.2798028 -2.6063142 0.082694381 43.056213 0 0 0 0
-16.865128 -2.1822922 0.19863799 81.663986 0 0 0 0
-13.338402 -2.2293241 0.14257629 56.57338 0 0 0 0
-7.3215132 -2.2587271 0.079571351 76.308998 0 0 0 0
-0.043000422 -2.2254791 0.01191932 17.554733 0 0 0 0
0.064030491 -2.1068039 0.27527425 44.124371 0 0 0 0
0.617724 -2.1184764 0.21681115 12.87407 0 0 0 0
-16.859724 -1.8650315 0.15046331 79.363281 0 0 0 0
-13.567519 -2.0445452 0.21631312 2.7583008 0 0 0 0
-13.477524 -2.0800028 0.11549407 13.515625 0 0 0 0
-7.658411 -2.0598512 0.17179181 4.5 0 0 0 0
-1.2059758 -1.8250526 0.20882763 0.80000001 0 0 0 0
-1.1805351 -1.8289794 0.1681937 1.2150736 0 0 0 0
0.14559582 -2.0601187 0.24718244 57.533707 0 0 0 0
0.42028552 -1.904286 0.10599189 43.082069 0 0 0 0
-16.880852 -1.6757665 0.18326053 101.81979 0 0 0 0
-1.2847074 -1.6947078 0.17227526 1.804129 0 0 0 0
-1.1924866 -1.7842753 0.22976203 0.86651409 0 0 0 0
0.2498472 -1.6161375 0.27747345 57.176483 0 0 0 0
0.52249235 -1.721859 0.16492423 24.806503 0 0 0 0
0.65304846 -1.7018316 0.23146889 16.809841 0 0 0 0
-16.866753 -1.2630605 0.18355119 42.779396 0 0 0 0
-8.3436356 -1.2604499 0.012846746 1 0 0 0 0
-1.5120261 -1.4443022 0.14243156 3.9187379 0 0 0 0
-1.4050751 -1.4343419 0.17397486 1.7790105 0 0 0 0
0.27490515 -1.4203849 0.22665852 18.579514 0 0 0 0
0.43360123 -1.4446667 0.25702891 14.418479 0 0 0 0
0.6831764 -1.4249336 0.28256556 3.9695268 0 0 0 0
-16.929317 -1.0893168 0.17371461 21.075354 0 0 0 0
-8.2637672 -1.1201298 0.020163789 8.4707851 0 0 0 0
-7.9352846 -0.97730875 0.0044132089 17.5 0 0 0 0
0.58098143 -1.0306317 0.24211077 4.3636365 0 0 0 0
0.65221632 -0.97926533 0.26715744 5.9305553 0 0 0 0
-17.031155 -0.71413058 0.25905943 5.6207962 0 0 0 0
-8.6051311 -0.69912112 0.07234285 0.375 0 0 0 0
-8.3148842 -0.74948788 0.014093382 2.1921875 0 0 0 0
-7.9848409 -0.78020322 0.0028043268 6.6666665 0 0 0 0
-0.78957355 -0.87070101 0.017297922 0 0 0 0 0
-17.081217 -0.48146331 0.21800864 2 0 0 0 0
-8.1831341 -0.33748364 0.017746583 11.965278 0 0 0 0
-8.0487337 -0.46236062 0.019549586 3.5625 0 0 0 0
-17.009113 -0.23309743 0.2338272 21.405811 0 0 0 0
-9.2528439 -0.094842069 0.022898251 87.259117 0 0 0 0
-8.4187431 -0.19267243 0.056190506 1.25 0 0 0 0
-8.2738304 -0.24890485 0.030983415 8.4216881 0 0 0 0
-17.023096 0.04651447 0.19634189 42.857422 0 0 0 0
-9.2544851 0.051765211 0.035774268 45.921875 0 0 0 0
-2.6806233 0.26327413 0.0056200745 40.790531 0 0 0 0
-9.0351553 1.6733232 0.030045256 1.375 0 0 0 0
-8.9843159 1.6308883 0.013524775 14.375 0 0 0 0
-2.1331387 1.714081 0.030679278 2.0979824 0 0 0 0
-2.0920286 1.7460707 0.032389455 3.6861577 0 0 0 0
-9.070241 1.9436034 0.020074517 5.5 0 0 0 0
-3.350069 1.8052034 0.0084825866 31.835417 0 0 0 0
-2.1109695 2.0861545 0.12416386 1.5123425 0 0 0 0
-2.0633736 1.9407775 0.17099902 4.999032 0 0 0 0
-9.1118851 2.1524062 0.015538551 2.2916665 0 0 0 0
-2.1274066 2.1037073 0.1343587 1.4971478 0 0 0 0
-2.049912 2.1017489 0.048758749 1.5073227 0 0 0 0
-9.0915518 2.6307614 0.02984059 2.5 0 0 0 0
-17.109167 2.9706795 0.25616083 2 0 0 0 0
-17.049484 2.9384427 0.28020924 4 0 0 0 0
-9.0755081 2.7662425 0.012915604 7.020833 0 0 0 0
-17.046864 3.2150636 0.28529149 5.03125 0 0 0 0
-12.002588 3.2693903 0.033759747 1 0 0 0 0
-9.0897617 3.1389298 0.010414114 6.125 0 0 0 0
-17.057756 3.4236002 0.26105642 2.9414062 0 0 0 0
-11.949838 3.3425756 0.021457 3 0 0 0 0
-10.933023 3.5112662 0.033461381 17.342447 0 0 0 0
-9.1186676 3.5387497 0.0019918806 6 0 0 0 0
-17.059454 3.7817745 0.24862942 3.375 0 0 0 0
-10.846075 3.6287682 0.073316403 4.375 0 0 0 0
-10.750075 3.6330009 0.048396356 1.375 0 0 0 0
-9.150279 3.7126625 0.0081352908 2.25 0 0 0 0
-17.150963 4.0995679 0.24205118 2 0 0 0 0
-17.074305 4.1025171 0.28095981 6.5 0 0 0 0
-9.1663494 4.1524906 0.0025158236 3 0 0 0 0
-0.44871134 4.1961079 0.022633515 7.5 0 0 0 0
-18.319286 4.2924862 0.14171889 3.25 0 0 0 0
-18.182159 4.2919521 0.15631968 3.015625 0 0 0 0
-17.94809 4.3180866 0.17695957 4.375 0 0 0 0
-17.557114 4.3174219 0.11927352 4 0 0 0 0
-17.186985 4.2650299 0.19291928 7.5 0 0 0 0
-16.997423 4.2908745 0.19773123 27.881569 0 0 0 0
-1.2652882 4.2287741 0.03071502 48.722836 0 0 0 0
-1.1120901 4.3536415 0.19120054 42.732788 0 0 0 0
-0.50952184 4.3120842 0.060879663 8.2023087 0 0 0 0
-16.905731 4.7310424 0.21628591 54.030499 0 0 0 0
-1.1031221 4.5607042 0.056460351 26.580521 0 0 0 0
-0.5479337 4.7661762 0.012012824 11.5 0 0 0 0
-16.905569 4.9630156 0.17028426 62.614098 0 0 0 0
-11.722135 4.9525533 0.15170035 11.889034 0 0 0 0
-11.660028 4.9823632 0.1860773 35.985619 0 0 0 0
-0.4825317 4.9447474 0.012894591 15.176679 0 0 0 0
-16.896862 5.2817411 0.13281965 67.551529 0 0 0 0
-13.848158 5.2644954 0.20753807 9.427084 0 0 0 0
-13.687981 5.2723513 0.17291147 12.559916 0 0 0 0
-13.328279 5.3302598 0.17220253 36.749973 0 0 0 0
-11.726023 5.127552 0.14487286 5.625 0 0 0 0
-11.582463 5.2069378 0.13638555 7.8640609 0 0 0 0
-0.7542004 5.2850027 0.12416644 22.89892 0 0 0 0
-0.59189856 5.2819862 0.24541676 13.125 0 0 0 0
0.54794389 5.398385 0.057627697 1 0 0 0 0
0.70229316 5.3481393 0.022250712 1 0 0 0 0
-16.89959 5.521853 0.27047473 67.875 0 0 0 0
-13.314152 5.4521117 0.13551906 31.753975 0 0 0 0
0.58513618 5.4608908 0.032858372 3.1328125 0 0 0 0
0.67633325 5.5315628 0.040816307 12.748751 0 0 0 0
-16.914816 5.767004 0.17309594 62.090496 0 0 0 0
-13.308231 5.8579364 0.28754306 24.4375 0 0 0 0
-16.988087 6.1488008 0.18833646 4.1928711 0 0 0 0
-13.303351 6.0559297 0.27031565 1 0 0 0 0
-17.798311 6.5703907 0.29188216 96 0 0 0 0
-18.379967 6.7587371 0.16897506 30 0 0 0 0
-18.276218 6.721426 0.09056443 10 0 0 0 0
-17.900232 6.6774945 0.064216509 16.5 0 0 0 0
-20.198364 7.3859596 0.092306338 13.5 0 0 0 0
-20.006586 7.374279 0.086998448 4.875 0 0 0 0
-17.005096 7.8275743 0.28372613 85 0 0 0 0
-7.8218598 8.3861408 0.19480686 1 0 0 0 0
-7.626472 8.2929726 0.15576792 17.952473 0 0 0 0
-7.2678747 8.1691751 0.14822944 22.550541 0 0 0 0
-7.1686707 8.1775513 0.077472024 29.234375 0 0 0 0
-6.7285447 8.3198833 0.11094809 15.626067 0 0 0 0
-6.0579624 8.3874884 0.028312083 15.25 0 0 0 0
-5.8456702 8.3001738 0.077926628 13.111111 0 0 0 0
-5.5053172 8.2394114 0.14061637 27.221666 0 0 0 0
-5.1159291 8.2729702 0.2593708 21.173077 0 0 0 0
-5.0566854 8.3117695 0.18133071 21.453114 0 0 0 0
-4.6608219 8.3657084 0.17895108 31.468094 0 0 0 0
-4.3171349 8.3747473 0.088818565 20.67309 0 0 0 0
-3.9418111 8.3848305 0.15350559 22.568712 0 0 0 0
-3.8299112 8.3833466 0.15062287 23.396851 0 0 0 0
-3.4365177 8.3847923 0.18163019 21.09375 0 0 0 0
-3.2551672 8.3862638 0.11643645 14.38785 0 0 0 0
-2.7882657 8.3934851 0.17920184 18.553837 0 0 0 0
-1.8720458 8.3853722 0.19289574 17.79071 0 0 0 0
-1.734248 8.3876591 0.14860652 16.37742 0 0 0 0
-1.4590746 8.3902626 0.13862205 23.484375 0 0 0 0
-0.92939305 8.3959522 0.17439649 1 0 0 0 0
-0.83285809 8.3899183 0.15519139 9.125 0 0 0 0
1.434324 8.395174 0.086000696 13.5 0 0 0 0
1.775828 8.3957844 0.13934267 15 0 0 0 0
1.9005045 8.3921356 0.16054538 10.5 0 0 0 0
-8.1306992 8.5724125 0.041499123 29.5 0 0 0 0
-7.9900813 8.4453964 0.14350861 10.718099 0 0 0 0
-6.6291947 8.489872 0.18664292 26.582031 0 0 0 0
-6.4772086 8.5768948 0.17332052 18.187176 0 0 0 0
-6.1391816 8.5260086 0.073276624 5.2025561 0 0 0 0
-4.9721785 8.6544237 0.15657982 4.933919 0 0 0 0
-4.6201792 8.4203081 0.21337862 14.5 0 0 0 0
-4.3534002 8.4035158 0.085982919 12 0 0 0 0
-4.0854282 8.4314852 0.22135743 13.291666 0 0 0 0
-3.8650985 8.4046345 0.11921 10.416667 0 0 0 0
-3.3427522 8.4154854 0.19058026 13.245833 0 0 0 0
-3.1966074 8.414176 0.066088341 15.982143 0 0 0 0
-2.8123715 8.4075737 0.14411978 14.608507 0 0 0 0
-2.6851354 8.4035664 0.16140476 27 0 0 0 0
-1.9182221 8.4150333 0.17776489 4.0009766 0 0 0 0
-1.6580404 8.4160557 0.1465355 9.5444117 0 0 0 0
-1.4880393 8.4117975 0.17352815 10.486328 0 0 0 0
-0.93567556 8.4095488 0.17245549 2 0 0 0 0
-0.70142376 8.42449 0.17804527 1.2838753 0 0 0 0
-0.51263011 8.4490204 0.17116085 1.0084124 0 0 0 0
1.1923844 8.4359217 0.16848847 3 0 0 0 0
1.4523768 8.4244404 0.10444719 3.524817 0 0 0 0
1.5689108 8.4286909 0.14488374 4.0145597 0 0 0 0
1.8587275 8.4379501 0.17565811 3.7860377 0 0 0 0
-4.9832225 8.8297577 0.1791255 6.2468548 0 0 0 0
-17.017435 9.1320219 0.24847348 59 0 0 0 0
-4.9830127 9.2203226 0.15775999 5.7753701 0 0 0 0
-4.9930115 9.3619518 0.16902129 4.8039856 0 0 0 0
-16.978096 9.8472157 0.14212877 86.157227 0 0 0 0
-4.997283 9.8064823 0.22628334 4.3325596 0 0 0 0
-16.97913 10.044535 0.16525854 79.806961 0 0 0 0
-5.0002193 10.089165 0.10885924 4.5137529 0 0 0 0
-16.978794 10.295111 0.19591603 65.925949 0 0 0 0
-4.9955821 10.344191 0.17729732 4.6795454 0 0 0 0
-16.976486 10.620241 0.15441573 15.200195 0 0 0 0
-4.9736757 10.609472 0.2123633 1.1656901 0 0 0 0
-10.544044 11.054979 0.29890096 17 0 0 0 0
-9.3487492 -8.4196873 0.34963068 1 0 0 0 0
-9.1026459 -8.4091825 0.34813538 1 0 0 0 0
-8.9787369 -8.410573 0.33912235 1.75 0 0 0 0
-8.5283756 -8.4059134 0.33415771 1.6666666 0 0 0 0
-8.1861277 -8.4066734 0.30948138 3 0 0 0 0
-8.0241928 -8.4207973 0.30431357 2 0 0 0 0
-9.0608406 -8.3958969 0.36020422 1.75 0 0 0 0
-8.7797127 -8.3814526 0.35401699 1.6796875 0 0 0 0
-8.5671406 -8.381897 0.358594 3.25 0 0 0 0
-8.2442665 -8.3853664 0.35659522 3.71875 0 0 0 0
-7.9695721 -8.377553 0.34191689 12.25 0 0 0 0
-7.6707544 -8.3638096 0.3482312 8.421875 0 0 0 0
-6.9011803 -8.2290182 0.45831051 19 0 0 0 0
-6.8630066 -8.2277451 0.45414904 19 0 0 0 0
-6.5090995 -8.2354622 0.51094645 13 0 0 0 0
-6.2233667 -8.2212591 0.39633134 23.032639 0 0 0 0
-5.8286409 -8.2067528 0.38970047 19.15625 0 0 0 0
-5.6146178 -8.212553 0.33552346 20.491667 0 0 0 0
-5.1725755 -8.2268305 0.46413869 18.3125 0 0 0 0
-4.9533291 -8.2174177 0.35977232 28.958891 0 0 0 0
-4.5487914 -8.2107315 0.3509196 31.117559 0 0 0 0
-4.2586193 -8.2131233 0.47201574 26.275391 0 0 0 0
-4.0029812 -8.210043 0.41433308 27.369789 0 0 0 0
-3.7206461 -8.216671 0.44989485 26.066406 0 0 0 0
-3.4780662 -8.2046051 0.45909393 21.10323 0 0 0 0
-3.1185403 -8.2046824 0.49921584 26.619249 0 0 0 0
-2.8862946 -8.2047548 0.3743625 31.587051 0 0 0 0
-2.4800644 -8.2041388 0.4656294 27.637081 0 0 0 0
-2.3136482 -8.2038965 0.45503432 26.976566 0 0 0 0
-1.8561077 -8.2092838 0.49014708 18.014584 0 0 0 0
-1.6568012 -8.1962824 0.36586708 31.570652 0 0 0 0
-1.2906418 -8.1963367 0.4970552 22.641644 0 0 0 0
-1.0735261 -8.1892853 0.36917639 30.434034 0 0 0 0
-0.67524749 -8.2029676 0.43863681 23.107737 0 0 0 0
-0.57039487 -8.1827908 0.4065547 26.088913 0 0 0 0
-16.275686 -6.1673307 0.4238542 7.5 0 0 0 0
-16.180752 -6.1633129 0.3403255 10 0 0 0 0
-7.2812939 -6.0015488 0.42457169 1 0 0 0 0
-7.5113378 -5.7154179 0.46497101 19.269073 0 0 0 0
-7.476687 -5.7455797 0.4305867 21.045383 0 0 0 0
-7.5505571 -5.6087341 0.49980861 27.087543 0 0 0 0
-13.551218 -5.2562313 0.45634943 7.75 0 0 0 0
-13.441174 -5.2165585 0.4699814 7.7894011 0 0 0 0
-13.104647 -5.2410488 0.40589237 14.866821 0 0 0 0
-12.745137 -5.2345748 0.4234553 12.82795 0 0 0 0
-12.475344 -5.2405281 0.44569051 18.217285 0 0 0 0
-12.087554 -5.2279377 0.4930039 17.727215 0 0 0 0
-11.930329 -5.2377853 0.47803554 23.614176 0 0 0 0
-11.502104 -5.2255321 0.46671093 19.44729 0 0 0 0
-11.296393 -5.2184505 0.44445437 23.178385 0 0 0 0
-10.887169 -5.2156715 0.33958328 24.372734 0 0 0 0
-10.619717 -5.2142124 0.42661309 24.813801 0 0 0 0
-10.410875 -5.2081757 0.51154149 29.166767 0 0 0 0
-10.081326 -5.2058001 0.42962962 30.5 0 0 0 0
-9.7156448 -5.2157011 0.38782838 31.228985 0 0 0 0
-9.3962498 -5.2157917 0.52452064 31.442711 0 0 0 0
-9.1690979 -5.21346 0.42260996 33.071701 0 0 0 0
-8.9478149 -5.2220249 0.39746079 34 0 0 0 0
-8.619545 -5.2227116 0.45932001 33.967041 0 0 0 0
-8.1648245 -5.225956 0.59029132 34.599998 0 0 0 0
-7.9346323 -5.218627 0.38802588 35.238708 0 0 0 0
-7.6323647 -5.3048558 0.49998984 49.417755 0 0 0 0
-17.253193 -4.5950994 0.366198 4 0 0 0 0
-13.309677 -2.7079785 0.57421243 47.25 0 0 0 0
-7.3158932 -2.71295 0.51572639 23.25 0 0 0 0
-16.708284 -2.4882884 0.43761209 61.085938 0 0 0 0
-13.287481 -2.665107 0.50574416 57.563423 0 0 0 0
-7.3022761 -2.6450663 0.52070951 33.554932 0 0 0 0
-16.839317 -2.2714801 0.50973815 83.503128 0 0 0 0
-13.321005 -2.2849159 0.52996051 57.66777 0 0 0 0
-7.391726 -2.16802 0.56332493 60.390793 0 0 0 0
-0.024899846 -2.1990643 0.34101036 27.375 0 0 0 0
0.040710114 -2.1230211 0.38746384 46.212765 0 0 0 0
0.64891684 -2.1947241 0.465489 4.3333335 0 0 0 0
-16.886665 -1.8062412 0.36967322 81.25 0 0 0 0
-13.578714 -2.0454559 0.37416416 2.84375 0 0 0 0
-7.7196565 -2.0745952 0.35847452 0 0 0 0 0
-7.4529433 -2.0913982 0.52572393 38.866665 0 0 0 0
-1.1300268 -1.8182569 0.37663448 1.5 0 0 0 0
0.16081296 -2.0491667 0.4002212 62.368393 0 0 0 0
0.39609468 -1.8676323 0.45677793 54.132706 0 0 0 0
-16.886564 -1.6717358 0.44866318 93.2005 0 0 0 0
-1.3266191 -1.6000513 0.4016858 2.9969044 0 0 0 0
0.25005576 -1.6211424 0.33623111 57.852478 0 0 0 0
0.48897797 -1.7111326 0.36445659 31.147396 0 0 0 0
0.64554429 -1.6944327 0.43324906 46.872669 0 0 0 0
0.92164797 -1.5754726 0.43897831 12.731138 0 0 0 0
-16.863626 -1.2216461 0.42187583 52.761147 0 0 0 0
-1.5072773 -1.432745 0.36998233 2.653697 0 0 0 0
-1.4162725 -1.432716 0.46937653 0.38179818 0 0 0 0
0.25089771 -1.4370221 0.31205755 18.314005 0 0 0 0
0.45412624 -1.4546809 0.32823533 21.416042 0 0 0 0
0.63733673 -1.4473619 0.32997692 38.64563 0 0 0 0
-30.439539 -1.1399056 0.42556152 15 0 0 0 0
-16.876343 -1.1552758 0.46049285 47.988403 0 0 0 0
0.55722433 -1.0189046 0.40194982 4.5560899 0 0 0 0
0.68586618 -1.0025728 0.31597474 4.5333333 0 0 0 0
-17.004845 -0.71010506 0.46195203 19.668835 0 0 0 0
-16.992439 -0.47824395 0.40690625 25.046875 0 0 0 0
-17.005489 -0.18252599 0.51409811 12.531618 0 0 0 0
-17.016041 0.086965345 0.4027428 11.687662 0 0 0 0
-1.9914683 1.8628621 0.5310536 0.12532552 0 0 0 0
-17.035095 2.6903348 0.51058406 3 0 0 0 0
-17.102406 2.8473744 0.52881992 2.5 0 0 0 0
-17.027361 2.8962171 0.43356931 12.701094 0 0 0 0
-17.121328 3.2829056 0.487661 3 0 0 0 0
-17.039391 3.1840491 0.41811258 11.647041 0 0 0 0
-17.129225 3.496839 0.528584 2 0 0 0 0
-17.057293 3.4296625 0.39523017 9.6858225 0 0 0 0
-17.101229 3.6284423 0.53474206 2.5 0 0 0 0
-17.033772 3.7837124 0.33710891 10.646626 0 0 0 0
-18.033932 4.1822782 0.45624843 4 0 0 0 0
-17.122458 4.0048213 0.49459133 5 0 0 0 0
-17.036001 4.0154843 0.43627149 11.05074 0 0 0 0
-18.33223 4.2772369 0.57526541 2 0 0 0 0
-18.017179 4.2388053 0.59666437 4 0 0 0 0
-17.812237 4.281765 0.55464506 4.5 0 0 0 0
-17.125912 4.2707186 0.56549501 11.5 0 0 0 0
-16.930737 4.3452425 0.42950994 47.576111 0 0 0 0
-1.1444607 4.4307375 0.39382106 4.5769229 0 0 0 0
-16.905201 4.7522192 0.41442662 60.841705 0 0 0 0
-16.904671 4.8454986 0.42862174 68.086845 0 0 0 0
-16.901381 5.2928858 0.42127717 66.746201 0 0 0 0
-13.828005 5.2711439 0.33287933 11.292317 0 0 0 0
-13.753487 5.2773957 0.36589998 11.248305 0 0 0 0
-13.324073 5.3555341 0.50785345 36.720207 0 0 0 0
-7.3663683 5.3612614 0.40486512 6.8078208 0 0 0 0
-0.033197697 5.3865972 0.48051408 16 0 0 0 0
0.11933321 5.3872275 0.43487871 13.407457 0 0 0 0
0.43672603 5.3956552 0.57409465 10.304836 0 0 0 0
-16.901485 5.6530914 0.40179351 64.253204 0 0 0 0
-13.303366 5.5115204 0.48749322 42.159054 0 0 0 0
-7.3707366 5.4561291 0.43956521 0.9375 0 0 0 0
0.46101683 5.4111443 0.58115315 9.1376019 0 0 0 0
0.66211748 5.5459366 0.59249973 5 0 0 0 0
-16.929501 5.8765821 0.33848351 67.767647 0 0 0 0
-13.31296 5.7868848 0.5332287 28.150284 0 0 0 0
-17.139076 6.1344376 0.49243894 4 0 0 0 0
-16.968185 6.0765038 0.43255669 8.2218018 0 0 0 0
-13.300829 6.0451899 0.53773606 1.75 0 0 0 0
-18.090319 6.5311847 0.3157168 39 0 0 0 0
-17.730137 6.4928036 0.32317799 102 0 0 0 0
-17.655218 6.4226699 0.35227969 79 0 0 0 0
-18.326101 6.6251144 0.42039841 47.5 0 0 0 0
-17.904528 6.7341986 0.55929464 43 0 0 0 0
-17.577305 6.6317563 0.31426364 63 0 0 0 0
-20.340096 7.5304012 0.52810591 9 0 0 0 0
-16.990353 7.6367216 0.46734184 85.75 0 0 0 0
-16.981567 7.8866291 0.53338253 95.502869 0 0 0 0
-16.977215 8.2513132 0.4467026 86.458069 0 0 0 0
-7.5155134 8.2135143 0.49632886 14.84375 0 0 0 0
-7.4312735 8.194582 0.47702315 18.168293 0 0 0 0
-7.0165138 8.2247086 0.46872056 15.449006 0 0 0 0
-6.7332578 8.3057089 0.46195161 11.309709 0 0 0 0
-5.7673073 8.2908096 0.42530426 9.5017757 0 0 0 0
-5.6653128 8.2466507 0.37339649 22.498177 0 0 0 0
-5.1919031 8.2645073 0.51973838 29.117409 0 0 0 0
-5.0774469 8.2926979 0.44451192 20.115215 0 0 0 0
-16.983955 8.6205759 0.40442264 66.148438 0 0 0 0
-12.942691 8.4214468 0.31499085 2 0 0 0 0
-6.6422443 8.4326878 0.55395377 5.2901039 0 0 0 0
-6.4087086 8.6068773 0.49968284 2.0398338 0 0 0 0
-6.2276807 8.5842152 0.37091383 1.65625 0 0 0 0
-4.9843068 8.6411982 0.53741241 5.7650824 0 0 0 0
-16.97422 8.8046436 0.43870974 78.658691 0 0 0 0
-4.9881091 8.8152313 0.40164715 4.8581333 0 0 0 0
-16.97525 9.1533003 0.43748724 76.916016 0 0 0 0
-4.9937534 9.1930752 0.56591392 4.4961767 0 0 0 0
-17.000984 9.4915133 0.51783043 62.717773 0 0 0 0
-4.9876156 9.3584156 0.47162014 5.0842276 0 0 0 0
-16.999199 9.7722883 0.49619007 72.646667 0 0 0 0
-5.0024233 9.8397379 0.46660256 4.9674354 0 0 0 0
-16.993748 10.012046 0.41346559 65.752258 0 0 0 0
-4.9921823 10.060825 0.50226456 4.7187953 0 0 0 0
-16.975651 10.460639 0.37550503 46.6875 0 0 0 0
-4.9860649 10.361459 0.52448374 4.2578263 0 0 0 0
-17.017494 10.662595 0.47551727 7.4375 0 0 0 0
-4.9604836 10.598615 0.43787199 1.2666948 0 0 0 0
-10.624018 10.992416 0.48223943 7.1471357 0 0 0 0
-10.588199 11.201309 0.5215627 15.932952 0 0 0 0
-16.249931 -6.1455984 0.79972267 8.5 0 0 0 0
-16.179356 -6.1744013 0.65849322 9.75 0 0 0 0
-7.5153484 -5.7049661 0.63329196 20.844017 0 0 0 0
-7.3744526 -5.8772025 0.81695616 1.015625 0 0 0 0
-7.5381646 -5.6792259 0.66549718 22.203823 0 0 0 0
-13.912287 -5.3326941 0.74765569 4.5 0 0 0 0
-13.605896 -5.2548056 0.72560567 9.6875 0 0 0 0
-13.419455 -5.2205577 0.63450003 8.0482178 0 0 0 0
-13.030626 -5.230042 0.72456992 11.862183 0 0 0 0
-12.811144 -5.2244258 0.7801764 12.797058 0 0 0 0
-12.403456 -5.2251997 0.80642104 17.100586 0 0 0 0
-12.21545 -5.2191477 0.64399111 15.235092 0 0 0 0
-11.766207 -5.2199321 0.81860566 19.812826 0 0 0 0
-11.60128 -5.2175856 0.72344249 20.855293 0 0 0 0
-11.181488 -5.2162914 0.84357953 21.753988 0 0 0 0
-11.054117 -5.2166438 0.71294338 21.453068 0 0 0 0
-10.622875 -5.2110596 0.79340935 21.414062 0 0 0 0
-10.457474 -5.2069492 0.69491267 25.316162 0 0 0 0
-10.020632 -5.2092581 0.74988735 29.846317 0 0 0 0
-9.6769495 -5.2089996 0.82757336 33.125 0 0 0 0
-9.3309746 -5.2121058 0.65730125 28.784248 0 0 0 0
-9.2683735 -5.2165318 0.69310546 30.284555 0 0 0 0
-8.8633957 -5.2096391 0.8169229 32.457272 0 0 0 0
-8.5941715 -5.2144232 0.63723254 33.166664 0 0 0 0
-8.1534119 -5.2131839 0.68253982 34.905212 0 0 0 0
-7.6733027 -5.2665238 0.79139185 39.816193 0 0 0 0
-13.427628 -2.8685389 0.87494278 3.5 0 0 0 0
-7.3529415 -2.7416258 0.64090419 24 0 0 0 0
-16.826763 -2.5042763 0.73823404 60.25 0 0 0 0
-16.783415 -2.4927673 0.72252929 57 0 0 0 0
-13.285975 -2.6331742 0.63588941 50.146866 0 0 0 0
-7.281621 -2.6123977 0.81858003 40.137386 0 0 0 0
-16.877073 -2.2039387 0.82747161 75.913513 0 0 0 0
-13.347015 -2.2303557 0.665012 57.160278 0 0 0 0
-7.2772994 -2.3332391 0.78435826 71.330757 0 0 0 0
-0.0029796944 -2.1654906 0.77345455 30.573143 0 0 0 0
0.032908976 -2.1280663 0.72828615 38.388393 0 0 0 0
0.64075744 -2.1701078 0.76800883 20.031084 0 0 0 0
-7.6038032 -2.0468724 0.82862747 7.9660645 0 0 0 0
-7.4779019 -2.0863593 0.86765754 36 0 0 0 0
0.23940489 -1.9896528 0.68964392 66.375694 0 0 0 0
0.42590806 -1.9557604 0.67729914 69.873489 0 0 0 0
-16.880068 -1.7231858 0.86571002 82.761093 0 0 0 0
0.17189455 -1.6458414 0.67795873 64.190277 0 0 0 0
0.55399096 -1.7528883 0.8503052 20.073549 0 0 0 0
0.67997503 -1.7283447 0.87383151 2.9751067 0 0 0 0
0.91583991 -1.6931336 0.74863201 22.163958 0 0 0 0
-16.869688 -1.2490079 0.85932636 49.594208 0 0 0 0
0.36777884 -1.4743381 0.85412192 2 0 0 0 0
-16.892235 -1.134208 0.78442156 38.303284 0 0 0 0
-0.043847553 -0.98235172 0.79968983 1 0 0 0 0
0.20884445 -1.0112084 0.74843484 1.3818182 0 0 0 0
0.40365821 -1.1192343 0.68518537 0.46153846 0 0 0 0
-16.996588 -0.78562915 0.6823684 4.3443499 0 0 0 0
-0.053920031 -0.8196311 0.83659649 0 0 0 0 0
0.08333458 -0.89433372 0.78263485 0.44444445 0 0 0 0
-17.068882 -0.12925091 0.66280377 2.265625 0 0 0 0
-17.108864 0.22186914 0.79494852 1 0 0 0 0
-17.039997 0.17241284 0.69068277 4.4673996 0 0 0 0
-17.06308 0.40556437 0.70661807 2 0 0 0 0
-17.05728 0.64644045 0.78503942 2 0 0 0 0
-16.986725 1.7522428 0.89672875 2 0 0 0 0
-2.4562783 1.7205768 0.87586886 0 0 0 0 0
-1.9578707 1.8746575 0.75604975 12.546332 0 0 0 0
-17.150974 3.496825 0.63209182 2 0 0 0 0
-18.367752 4.2902584 0.69945532 3.875 0 0 0 0
-18.1231 4.3351965 0.69283831 4.8525391 0 0 0 0
-17.791899 4.3137922 0.82656008 4.578125 0 0 0 0
-17.644024 4.31532 0.80416012 5.78125 0 0 0 0
-17.185844 4.3166513 0.78549492 10.25 0 0 0 0
-16.933098 4.3783369 0.74251872 39.242233 0 0 0 0
-16.9016 4.7528038 0.83318835 61.59359 0 0 0 0
-16.9018 4.8498611 0.76278949 63.339535 0 0 0 0
-16.895725 5.3089857 0.8106873 68.413017 0 0 0 0
-13.883476 5.2792826 0.71000826 9.110137 0 0 0 0
-13.73904 5.2636938 0.74939823 10.567871 0 0 0 0
-13.412045 5.3613844 0.66795659 28.683456 0 0 0 0
-0.010718268 5.3923254 0.87097043 28.193268 0 0 0 0
0.024314228 5.3900261 0.69786143 28.770412 0 0 0 0
0.40403756 5.3941579 0.73377866 23.136072 0 0 0 0
-16.921957 5.6291313 0.79957163 32.099998 0 0 0 0
-13.318604 5.6623092 0.66308641 36.743977 0 0 0 0
0.44849581 5.4090099 0.63811421 14.72265 0 0 0 0
0.68885821 5.5504632 0.77813673 20.407166 0 0 0 0
-16.942245 5.7870417 0.82615912 23.066822 0 0 0 0
-13.313511 5.7622786 0.70598334 36.907848 0 0 0 0
-17.163944 6.0682411 0.7216695 8 0 0 0 0
-16.980644 6.066968 0.84196365 6.0202637 0 0 0 0
-13.331973 6.0604649 0.82929307 1.75 0 0 0 0
-18.198246 6.5922122 0.62298959 46 0 0 0 0
-18.347864 6.7419128 0.70231587 51.5 0 0 0 0
-18.134144 6.7658172 0.71231073 96 0 0 0 0
-17.002201 7.7166576 0.70002848 86.984619 0 0 0 0
-16.988384 7.8989849 0.7875374 84.9123 0 0 0 0
-16.987738 8.2828541 0.74364138 82.318527 0 0 0 0
-7.5740485 8.2159481 0.79659718 6.3130698 0 0 0 0
-7.4473233 8.2079983 0.63356721 26.604362 0 0 0 0
-7.0516806 8.2450314 0.75307727 42.642242 0 0 0 0
-6.6749549 8.2840128 0.80235511 13.360712 0 0 0 0
-5.7923374 8.2476082 0.81023633 12.63524 0 0 0 0
-5.5822759 8.2432537 0.84202278 46.623215 0 0 0 0
-5.2924247 8.2528801 0.72135437 48.742149 0 0 0 0
-4.9988441 8.3330574 0.79281306 12.887912 0 0 0 0
-16.995811 8.4781551 0.70679605 64.011719 0 0 0 0
-6.6420269 8.4797535 0.66041207 8.09375 0 0 0 0
-6.4454498 8.5952263 0.71376467 1.5718918 0 0 0 0
-6.1767683 8.5811825 0.75842857 1 0 0 0 0
-4.990922 8.5774593 0.68028432 5.5429688 0 0 0 0
-16.984402 8.8082476 0.74814832 75.551971 0 0 0 0
-4.985539 8.7627316 0.78388631 5.0602818 0 0 0 0
-16.993793 9.2542305 0.81441581 77.65876 0 0 0 0
-4.9886665 9.1304188 0.81178349 4.9146338 0 0 0 0
-16.981888 9.3347054 0.7686221 73.07579 0 0 0 0
-4.9925098 9.4123058 0.68872058 4.5993333 0 0 0 0
-16.987276 9.8360043 0.81821805 77.486252 0 0 0 0
-4.99436 9.7927189 0.84848833 4.3370781 0 0 0 0
-16.990627 9.9668217 0.71065456 76.89225 0 0 0 0
-5.0099602 10.090664 0.80124402 4.2265625 0 0 0 0
-16.986328 10.376257 0.75423592 79.463142 0 0 0 0
-5.0106201 10.365065 0.65541369 4.1077027 0 0 0 0
-16.965942 10.692077 0.76104331 28.032318 0 0 0 0
-10.716548 10.789288 0.8628388 3 0 0 0 0
-4.9764752 10.618044 0.75036979 1.0801595 0 0 0 0
-16.952034 10.841511 0.76575291 4.875 0 0 0 0
-10.638298 10.920241 0.69509637 7.8362632 0 0 0 0
-10.637777 11.256227 0.7724064 7.939497 0 0 0 0
-10.945845 11.501133 0.66624427 11.6875 0 0 0 0
-10.715068 11.50964 0.83148217 7.5 0 0 0 0
-11.522688 11.818896 0.79466414 19 0 0 0 0
-11.019137 11.77448 0.77286524 14 0 0 0 0
-11.591714 12.120628 0.89556682 31 0 0 0 0
-16.260151 -6.1661925 1.0233084 8.03125 0 0 0 0
-7.3035221 -6.1777945 1.0596435 1 0 0 0 0
-7.5639157 -5.7188663 1.019326 8.4026041 0 0 0 0
-7.4059563 -5.8489075 1.131452 0.77929688 0 0 0 0
-7.5924497 -5.6053352 1.0025392 14.975851 0 0 0 0
-13.894824 -5.2950535 1.0485404 2.6875 0 0 0 0
-13.565705 -5.2268353 1.1307769 9.3574219 0 0 0 0
-13.287256 -5.2457018 1.1024367 9.4651995 0 0 0 0
-13.030039 -5.2340927 0.96110213 12.791998 0 0 0 0
-12.701399 -5.2193279 1.0139123 13.476562 0 0 0 0
-12.464087 -5.2337189 1.0858811 11.855318 0 0 0 0
-12.162483 -5.211493 1.0670364 9.0936146 0 0 0 0
-11.873077 -5.2254162 1.1077809 9.0072479 0 0 0 0
-11.581319 -5.2088814 1.0463407 16.154469 0 0 0 0
-11.314699 -5.2216129 1.1264999 9.4881096 0 0 0 0
-10.919191 -5.2159662 1.1194632 12.581055 0 0 0 0
-10.671119 -5.2047968 0.96328545 24.862556 0 0 0 0
-10.391395 -5.1995783 1.0973303 17.121811 0 0 0 0
-10.041358 -5.198544 1.0341313 22.028847 0 0 0 0
-9.7137327 -5.2020483 1.0703149 22.074951 0 0 0 0
-9.5619097 -5.1984606 1.0112833 25.13821 0 0 0 0
-9.1422186 -5.1805515 1.0627805 18.091217 0 0 0 0
-8.8807621 -5.2125525 0.9856993 31.444803 0 0 0 0
-8.4848652 -5.1979299 1.0706465 25.663361 0 0 0 0
-8.2867126 -5.2041368 1.0291775 33.2607 0 0 0 0
-8.0240316 -5.2063646 1.06927 28.778976 0 0 0 0
-7.7287607 -5.2510533 1.0313201 29.715397 0 0 0 0
-13.344273 -2.7742667 1.0451275 23.993927 0 0 0 0
-16.850994 -2.499723 1.0650597 62.359375 0 0 0 0
-13.282887 -2.6244638 1.1062851 44.800652 0 0 0 0
-7.3025513 -2.6193571 1.1625879 29.598843 0 0 0 0
-16.863157 -2.2054253 1.0358087 75.049652 0 0 0 0
-13.393784 -2.1792819 1.0132226 46.780449 0 0 0 0
-7.3544288 -2.2365398 1.1679637 45.482742 0 0 0 0
-0.056417406 -2.2437911 1.0697377 10.561613 0 0 0 0
0.56292176 -2.1200259 1.1603196 18.994333 0 0 0 0
0.61598879 -2.1565704 1.0929012 16.292929 0 0 0 0
-16.881767 -2.0632758 1.1729541 67 0 0 0 0
-13.559364 -2.0457163 1.0593885 3.6041665 0 0 0 0
-13.444953 -2.0940247 1.1429503 25.526367 0 0 0 0
-7.5698509 -2.0407693 0.99369818 14.664647 0 0 0 0
-7.4745679 -2.0703766 0.93726683 33.75 0 0 0 0
0.27941704 -2.026504 0.97831833 49.436508 0 0 0 0
0.36320686 -2.0261807 0.96527433 41.385826 0 0 0 0
-16.887608 -1.6691489 0.99601662 87.466995 0 0 0 0
0.47129279 -1.6739089 0.90663248 8.966403 0 0 0 0
0.62124449 -1.6640131 0.91920304 1.6444445 0 0 0 0
-30.379242 -1.4760829 1.1797242 15 0 0 0 0
-16.874184 -1.287756 1.1509218 55.085609 0 0 0 0
-30.400486 -1.1414038 1.1615454 28 0 0 0 0
-16.891979 -1.1564128 0.9951629 43.601673 0 0 0 0
-30.395679 -0.80273473 1.1646354 22 0 0 0 0
-17.012539 -0.8676309 1.0873266 2.375 0 0 0 0
-30.38957 -0.55386353 1.1610985 22.5 0 0 0 0
-30.420595 0.62714231 1.1845769 17 0 0 0 0
-30.390202 1.1715314 1.1481138 7 0 0 0 0
-16.998428 1.6860424 1.0754244 2 0 0 0 0
-2.4564807 1.7160854 0.90225542 0 0 0 0 0
-30.405561 1.854049 1.184587 18 0 0 0 0
-1.8956404 1.9258947 1.1967815 0.75 0 0 0 0
-2.3748653 2.1054854 1.1751735 0 0 0 0 0
-30.3997 2.4866333 1.1730021 19 0 0 0 0
-30.41778 2.9911251 1.1679672 17 0 0 0 0
-30.430214 3.1213346 1.1715581 22 0 0 0 0
-30.415092 3.5078473 1.1842834 22 0 0 0 0
-30.401842 3.7458959 1.1748469 24.5 0 0 0 0
-30.475298 4.1470728 1.1796068 11 0 0 0 0
-30.423962 4.3042917 1.1855359 11 0 0 0 0
-18.365652 4.3159389 1.144174 3 0 0 0 0
-18.090178 4.3118315 0.97535342 4.2792969 0 0 0 0
-17.85598 4.3304834 1.1022429 4.40625 0 0 0 0
-17.578873 4.3340859 1.0332744 4.34375 0 0 0 0
-17.177483 4.2785683 1.1030825 7 0 0 0 0
-16.918978 4.404377 0.98819673 45.670845 0 0 0 0
-30.432373 4.7030396 1.1269011 9.1875 0 0 0 0
-16.898893 4.7527151 1.0678374 64.519791 0 0 0 0
-30.392931 4.8353043 1.1552693 9.5 0 0 0 0
-29.97695 4.9313393 1.1369731 8.8125 0 0 0 0
-16.905233 4.8400006 1.1120152 62.5802 0 0 0 0
-29.928104 5.2645988 1.1248758 8.625 0 0 0 0
-16.900354 5.2984247 1.1225767 58.601433 0 0 0 0
-13.969664 5.2646847 0.94340897 4.6367188 0 0 0 0
-13.562849 5.3302798 1.0306244 19.687729 0 0 0 0
-13.359436 5.3231478 0.99003887 35.371025 0 0 0 0
-7.3883824 5.3488526 1.093388 1 0 0 0 0
-0.04191494 5.3917613 1.0151876 25.119263 0 0 0 0
0.25771612 5.3964224 1.0458457 39.630302 0 0 0 0
0.32610583 5.3956633 0.92802328 37.283783 0 0 0 0
-29.915863 5.5802221 1.0641379 7 0 0 0 0
-16.900486 5.6212902 1.0932505 48.026207 0 0 0 0
-13.305159 5.5827961 1.0027041 39.167984 0 0 0 0
-7.399477 5.4363475 1.1249592 0.59895837 0 0 0 0
-0.069648273 5.4061108 1.0872378 12 0 0 0 0
0.29677689 5.402154 0.9808048 38.547161 0 0 0 0
0.51925647 5.4559078 1.0747474 50.974945 0 0 0 0
0.67805612 5.5479422 1.1367844 42.809074 0 0 0 0
-16.945469 5.7764082 0.99889302 14.521093 0 0 0 0
-13.313696 5.8233809 1.0372859 38.926075 0 0 0 0
-17.023811 6.1099787 1.0629874 8.0432053 0 0 0 0
-13.319112 6.0568681 1.0519887 3.1875 0 0 0 0
-17.021732 6.3570924 1.0674264 7.6875 0 0 0 0
-30.18284 6.7768307 0.99536109 7 0 0 0 0
-16.988937 7.7635641 1.0291145 90.365234 0 0 0 0
-16.982975 7.9022913 1.1074071 87.444237 0 0 0 0
-16.988827 8.2509117 1.1482551 72.536293 0 0 0 0
-7.5544834 8.213377 0.95508337 7.0581865 0 0 0 0
-7.3046379 8.2179317 1.0952811 23.800701 0 0 0 0
-7.1268921 8.2390041 1.0677807 39.598961 0 0 0 0
-6.677917 8.3292046 0.99635136 16.270718 0 0 0 0
-5.8726664 8.2950783 1.0717313 4.0042315 0 0 0 0
-5.5159726 8.2431374 1.0791755 52.198723 0 0 0 0
-5.2811794 8.2467909 0.99514121 51.25 0 0 0 0
-5.013351 8.3095465 1.0259478 16.988976 0 0 0 0
-16.989086 8.6079502 1.0781105 85.525391 0 0 0 0
-6.6091461 8.5735874 1.0733376 12.4875 0 0 0 0
-6.5247269 8.5746632 1.0228503 7.1414728 0 0 0 0
-6.2293572 8.5906057 1.0320231 2.2550018 0 0 0 0
-4.9900188 8.5937576 1.0479711 6.8781252 0 0 0 0
-16.986546 8.8018188 1.1105425 83.705482 0 0 0 0
-4.9888601 8.7451572 0.94923681 4.4653015 0 0 0 0
-16.996819 9.2475071 1.0403006 80.549316 0 0 0 0
-4.9913759 9.1716394 0.9384805 4.6312876 0 0 0 0
-17.000641 9.337923 1.1046164 77.089447 0 0 0 0
-5.0098486 9.469101 1.04775 4.8979168 0 0 0 0
-17.006466 9.7292156 1.1086283 71.477783 0 0 0 0
-4.9903936 9.6660519 1.0471737 4.5983238 0 0 0 0
-17.011456 10.097479 1.0919201 73.666664 0 0 0 0
-5.0019875 10.020982 0.99419928 4.25 0 0 0 0
-16.98418 10.257357 0.97222525 81.866867 0 0 0 0
-4.9945288 10.389832 0.97142881 3.7942355 0 0 0 0
-17.015047 10.655149 1.1184161 50.648438 0 0 0 0
-10.644117 10.679493 1.0705373 6.4404073 0 0 0 0
-4.9812994 10.608381 0.99958825 1.3355035 0 0 0 0
-17.026119 10.816431 1.0581055 11.75 0 0 0 0
-10.648302 10.854809 0.96375489 4.5153942 0 0 0 0
-17.179579 11.340902 1.196317 4 0 0 0 0
-10.649355 11.166279 1.0273521 6.7711229 0 0 0 0
-11.572781 12.17995 0.95810258 21 0 0 0 0
-12.366786 12.562686 1.1360141 13 0 0 0 0
-12.270333 12.442728 1.1009309 13.421875 0 0 0 0
-11.677511 12.424663 1.0526282 29 0 0 0 0
-2.8733625 33.193344 1.1311077 9.625 0 0 0 0
-2.6795981 33.263145 1.1801099 9 0 0 0 0
-16.283283 -6.1584473 1.2579975 12 0 0 0 0
-16.163675 -6.153945 1.2788628 10 0 0 0 0
-15.637458 -6.1252542 1.4829783 10 0 0 0 0
-15.334357 -6.1261177 1.4605762 9 0 0 0 0
-15.178261 -6.1549144 1.4968345 8 0 0 0 0
-14.904718 -6.1643801 1.4817848 10.5 0 0 0 0
-14.612033 -6.1142688 1.482077 4 0 0 0 0
-13.26678 -6.0313349 1.4512653 36.203125 0 0 0 0
-13.171915 -6.124918 1.4572842 19.3125 0 0 0 0
-12.789116 -6.145844 1.4356889 11 0 0 0 0
-12.467517 -6.140605 1.4417171 8.3564453 0 0 0 0
-12.20441 -6.1417427 1.4425117 9.5 0 0 0 0
-11.941902 -6.1200104 1.4627652 12.3125 0 0 0 0
-11.447092 -6.1207104 1.4426396 17 0 0 0 0
-11.302458 -6.1248102 1.4612461 17 0 0 0 0
-10.933086 -6.1117435 1.4738827 19.027832 0 0 0 0
-10.665741 -6.1041279 1.4515374 18.75 0 0 0 0
-10.339449 -6.1024847 1.4357505 20.804688 0 0 0 0
-10.07688 -6.1044049 1.4813311 22.25 0 0 0 0
-9.794735 -6.0973482 1.4884622 21.072916 0 0 0 0
-9.471509 -6.1064663 1.3942708 18.75 0 0 0 0
-9.1154375 -6.0993347 1.4682536 16.248116 0 0 0 0
-8.8313437 -6.1111889 1.3853431 9.125 0 0 0 0
-8.4476128 -6.1225076 1.3708916 4.151619 0 0 0 0
-8.298399 -6.1165171 1.4163556 1.6239414 0 0 0 0
-7.2818003 -6.1004877 1.3852624 1.5000343 0 0 0 0
-13.606856 -5.7381601 1.3854377 9 0 0 0 0
-13.333881 -5.9268537 1.4308534 31.910156 0 0 0 0
-7.645566 -5.7759094 1.2980547 0.90625 0 0 0 0
-7.3080549 -5.9197893 1.3673973 1.2531536 0 0 0 0
-13.99197 -5.4639907 1.3212298 3 0 0 0 0
-13.718629 -5.6692104 1.4178264 2 0 0 0 0
-13.9778 -5.3553605 1.2957796 3 0 0 0 0
-13.608332 -5.3294611 1.2852244 5.6875 0 0 0 0
-13.187032 -5.2425928 1.2699515 2 0 0 0 0
-12.751306 -5.2498183 1.2304264 1.5 0 0 0 0
-12.130383 -5.2349758 1.2371658 1 0 0 0 0
-11.879394 -5.2401762 1.2410923 1.75 0 0 0 0
-11.535098 -5.2601409 1.2005969 2 0 0 0 0
-11.237443 -5.2290978 1.2163243 2 0 0 0 0
-11.013289 -5.2541833 1.2166466 1 0 0 0 0
-10.262836 -5.2384653 1.2208645 1.5 0 0 0 0
-9.9160728 -5.2212563 1.2031871 2 0 0 0 0
-9.7786522 -5.2266207 1.2157992 1 0 0 0 0
-8.5249424 -5.2106948 1.2116256 2 0 0 0 0
-8.1429882 -5.2439542 1.2077061 1 0 0 0 0
-13.392496 -2.7573218 1.3131168 6.90625 0 0 0 0
-16.861105 -2.4646025 1.3565156 69.953125 0 0 0 0
-13.30831 -2.6111374 1.2981784 33.127907 0 0 0 0
-7.3076334 -2.5882993 1.2310029 29.033871 0 0 0 0
-16.856533 -2.2065444 1.3471339 66.68174 0 0 0 0
-13.589163 -2.1116059 1.416496 3 0 0 0 0
-13.310375 -2.2890878 1.2784274 50.695419 0 0 0 0
-7.3390207 -2.2571964 1.2143722 46.032581 0 0 0 0
0.12605339 -2.1338758 1.4624662 28.722149 0 0 0 0
0.52649796 -2.1172342 1.2627716 27.52029 0 0 0 0
0.60088712 -2.237906 1.3295845 4.5 0 0 0 0
-16.857174 -1.8409486 1.2411554 69.25 0 0 0 0
-13.607947 -2.0791264 1.3163888 2.59375 0 0 0 0
-13.434723 -2.0846241 1.2090642 19.25 0 0 0 0
0.20067559 -2.0852706 1.4881375 19.6 0 0 0 0
0.41662693 -2.0815253 1.3213158 29.41111 0 0 0 0
-30.384445 -1.5554526 1.2981309 25.75 0 0 0 0
-16.86006 -1.6728354 1.4267933 59.576164 0 0 0 0
-30.391876 -1.3002323 1.3305 22.80957 0 0 0 0
-16.866127 -1.2338753 1.4680338 48.496353 0 0 0 0
-30.394493 -0.93992388 1.2812178 24.46875 0 0 0 0
-16.906376 -1.1037166 1.3980681 31.941532 0 0 0 0
-30.392899 -0.67921317 1.3441837 21.137043 0 0 0 0
-17.012451 -0.87406963 1.3142359 1.796875 0 0 0 0
-30.40258 -0.38254285 1.3108735 19.03125 0 0 0 0
-30.404173 -0.089220315 1.3397608 23.110025 0 0 0 0
-30.406393 0.49504161 1.3145032 17.546875 0 0 0 0
-30.409618 0.79395759 1.3155897 20.734375 0 0 0 0
-30.403248 1.0297903 1.2543976 22.194174 0 0 0 0
-3.5634003 1.0206974 1.4822787 12.5 0 0 0 0
-30.407211 1.3785143 1.3075917 23.876953 0 0 0 0
-3.5599093 1.3464515 1.4951125 19.880102 0 0 0 0
-30.410286 1.6198833 1.2427623 17.40324 0 0 0 0
-17.061659 1.5948734 1.3021978 2 0 0 0 0
-2.4682744 1.7032485 1.3983688 0 0 0 0 0
-1.8967285 1.7750477 1.2149875 0.765625 0 0 0 0
-30.407631 2.0216308 1.3433726 21.375 0 0 0 0
-3.9859891 1.8916581 1.481456 8.5310736 0 0 0 0
-3.5585108 2.0741227 1.4891893 3.5 0 0 0 0
-2.4637389 1.9338856 1.3780357 3.375 0 0 0 0
-2.1843653 1.858398 1.2992783 1.9518881 0 0 0 0
-1.9041479 1.9555807 1.2210534 0.4351908 0 0 0 0
-30.415409 2.2134247 1.2529523 17.889309 0 0 0 0
-3.5543675 2.1554646 1.4926558 2.9355729 0 0 0 0
-30.41474 2.5046988 1.2545427 18.53125 0 0 0 0
-3.5442619 2.6797237 1.4897978 12 0 0 0 0
-30.427368 2.7996216 1.268842 15.894775 0 0 0 0
-30.409561 3.1027272 1.291001 17.6875 0 0 0 0
-30.411396 3.3849285 1.289438 23.07373 0 0 0 0
-30.412174 3.7209444 1.3398337 16.451172 0 0 0 0
-30.419239 4.0324697 1.2833421 17.544922 0 0 0 0
-30.416256 4.3381715 1.4042332 17.713623 0 0 0 0
-18.345697 4.3104162 1.4295421 3.1875 0 0 0 0
-18.19121 4.3566823 1.3475761 5.296875 0 0 0 0
-17.851391 4.3318663 1.3877079 4.4189529 0 0 0 0
-17.550116 4.3315492 1.2406217 5 0 0 0 0
-17.157532 4.2786098 1.3237251 13.854167 0 0 0 0
-16.960806 4.3631973 1.271728 21.53861 0 0 0 0
-30.444828 4.6156988 1.329815 23.171875 0 0 0 0
-16.918554 4.7290955 1.3431772 37.826595 0 0 0 0
-30.339314 4.8942666 1.32671 13 0 0 0 0
-30.015099 4.9354806 1.4380569 17 0 0 0 0
-29.956001 4.95294 1.3862603 17.629883 0 0 0 0
-16.924202 4.9010615 1.3998523 26.571487 0 0 0 0
-29.936977 5.1577344 1.3468573 16.295166 0 0 0 0
-16.920015 5.3196902 1.3153862 45.989578 0 0 0 0
-13.875126 5.2550225 1.4181288 4.7595377 0 0 0 0
-13.720154 5.287859 1.3821725 13.187053 0 0 0 0
-13.344982 5.3142939 1.4368665 29.594238 0 0 0 0
-7.4512677 5.380877 1.2760688 0 0 0 0 0
0.14873149 5.398551 1.2851801 42.305794 0 0 0 0
0.5240165 5.396987 1.2303793 44.450001 0 0 0 0
-29.90519 5.5592165 1.3147017 14.5 0 0 0 0
-16.920731 5.6580734 1.3781142 34.6875 0 0 0 0
-13.32485 5.4612589 1.2632288 37.808578 0 0 0 0
-7.3666477 5.5831904 1.4018407 0.015625 0 0 0 0
0.1093892 5.4030714 1.4217317 41.611599 0 0 0 0
0.51396573 5.4070029 1.3001894 41.843052 0 0 0 0
0.66328585 5.554328 1.3029695 62.997398 0 0 0 0
-16.920975 5.7733798 1.3659233 23.278727 0 0 0 0
-13.309027 5.7710238 1.2786672 30.879631 0 0 0 0
-16.960939 6.1299376 1.3555036 5.7838545 0 0 0 0
-13.324663 6.058773 1.3353605 1.84375 0 0 0 0
-17.018284 6.3688841 1.250845 4.875 0 0 0 0
-30.151096 6.7979989 1.3002846 7 0 0 0 0
-17.120964 7.7959089 1.4109447 2 0 0 0 0
-17.003704 7.7551799 1.2965031 19.15625 0 0 0 0
-17.125765 7.9145803 1.2923762 3 0 0 0 0
-16.997065 7.8451786 1.2737112 33.910603 0 0 0 0
-17.147303 8.1622429 1.3143374 3 0 0 0 0
-17.035769 8.2799282 1.2569618 40.89209 0 0 0 0
-7.5312452 8.2393379 1.4570874 7 0 0 0 0
-7.382843 8.2235928 1.272938 15.675453 0 0 0 0
-6.9567637 8.2262602 1.4005485 27.027187 0 0 0 0
-6.8510737 8.2319565 1.3392828 32.467319 0 0 0 0
-6.3711615 8.2445669 1.3991961 19.581055 0 0 0 0
-6.1974506 8.2495804 1.308892 17.155437 0 0 0 0
-5.7665958 8.2467499 1.4505265 24.067265 0 0 0 0
-5.5824914 8.2443132 1.3039353 37.360851 0 0 0 0
-5.118762 8.3033705 1.4028544 21.625744 0 0 0 0
-5.0696182 8.3240776 1.3422704 19.888414 0 0 0 0
-17.118624 8.5786257 1.4462626 3 0 0 0 0
-17.03997 8.6263666 1.2660968 15.455566 0 0 0 0
-6.6207161 8.5427418 1.2112602 42.166664 0 0 0 0
-6.5223656 8.5627632 1.2173387 4.3055553 0 0 0 0
-6.216321 8.5513268 1.2113241 2 0 0 0 0
-4.9895668 8.6768646 1.427702 5.9000001 0 0 0 0
-17.017838 8.8148232 1.2744085 25.92334 0 0 0 0
-4.9956722 8.7744436 1.2938795 4.6027288 0 0 0 0
-17.001266 9.1364832 1.258649 26.394531 0 0 0 0
-5.0023651 9.245676 1.349113 4.787199 0 0 0 0
-17.122038 9.3285036 1.3888452 1 0 0 0 0
-17.037157 9.3886948 1.2773088 19.9375 0 0 0 0
-4.993022 9.3334293 1.3197955 4.9577818 0 0 0 0
-17.138683 9.8219051 1.3779505 13.336914 0 0 0 0
-17.06451 9.763319 1.2698913 20.737806 0 0 0 0
-4.9997225 9.8359318 1.3792605 5.0016518 0 0 0 0
-17.13419 10.103949 1.3711514 16.844076 0 0 0 0
-17.050556 10.075224 1.2432725 37.463539 0 0 0 0
-5.0011339 10.021911 1.2846363 4.4765625 0 0 0 0
-17.145645 10.273216 1.3654625 13.959473 0 0 0 0
-17.078192 10.287977 1.2653582 39.30827 0 0 0 0
-10.649868 10.467175 1.2156758 5.5 0 0 0 0
-5.001986 10.310802 1.3340299 4.0725508 0 0 0 0
-17.162476 10.721514 1.4013648 11.34375 0 0 0 0
-17.083517 10.720572 1.2492251 14 0 0 0 0
-10.664661 10.779026 1.3041785 5.5050459 0 0 0 0
-4.961122 10.556344 1.3919616 1.7952372 0 0 0 0
-17.158138 10.882196 1.407124 4.625 0 0 0 0
-17.072208 10.832185 1.2015378 2 0 0 0 0
-10.628471 11.003872 1.2949227 6.8698092 0 0 0 0
-17.208204 11.370993 1.3012769 3 0 0 0 0
-10.657707 11.230492 1.3374705 6.3798013 0 0 0 0
-17.180855 11.440292 1.3225453 4 0 0 0 0
-10.675513 11.425798 1.4262271 2.6875 0 0 0 0
-12.879961 11.724103 1.4966694 5 0 0 0 0
-12.880102 12.850794 1.4525324 12.229166 0 0 0 0
-12.167833 12.770069 1.2648635 26.03125 0 0 0 0
-12.850898 12.908496 1.412719 25 0 0 0 0
-12.31192 13.004965 1.3476877 25 0 0 0 0
-12.248749 13.033382 1.3816006 21.75 0 0 0 0
-12.354886 13.263858 1.464924 14 0 0 0 0
-13.330237 30.365343 1.3268542 9 0 0 0 0
-3.1138678 32.931522 1.3645791 8 0 0 0 0
-2.8529754 32.787312 1.4931996 6 0 0 0 0
-3.1835411 33.089348 1.3250294 8 0 0 0 0
-2.9300346 33.13102 1.2751509 10.203125 0 0 0 0
-2.6448903 33.125031 1.3396699 8 0 0 0 0
-2.7116065 33.36784 1.2992489 9 0 0 0 0
-16.320015 -6.1040087 1.7260994 6 0 0 0 0
-16.058233 -6.1450205 1.6537917 8.135416 0 0 0 0
-15.802874 -6.1340942 1.6358839 8.1080322 0 0 0 0
-15.484916 -6.1443548 1.6824907 9.4023438 0 0 0 0
-15.077427 -6.1387854 1.5879103 12.327077 0 0 0 0
-14.950117 -6.1302886 1.6197702 8.5746765 0 0 0 0
-14.682818 -6.1119652 1.7365229 9.5 0 0 0 0
-13.269939 -6.0402865 1.7032747 31.025715 0 0 0 0
-13.044718 -6.1249924 1.5896962 19.200195 0 0 0 0
-12.852903 -6.138133 1.5795072 11.215549 0 0 0 0
-12.345049 -6.1373491 1.6929877 11.314291 0 0 0 0
-12.246811 -6.1329193 1.6592954 10.434039 0 0 0 0
-11.738604 -6.1195331 1.6738958 14.392294 0 0 0 0
-11.648869 -6.1211901 1.674927 15.858162 0 0 0 0
-11.229092 -6.1135011 1.5872281 17.276123 0 0 0 0
-10.966299 -6.1117239 1.5935955 19.003254 0 0 0 0
-10.574784 -6.110261 1.7066102 20.547138 0 0 0 0
-10.416616 -6.1044092 1.6898652 20.804478 0 0 0 0
-9.9950504 -6.1030593 1.5566418 21.4375 0 0 0 0
-9.804141 -6.0977554 1.582469 20.643681 0 0 0 0
-9.3615646 -6.0992546 1.7124343 15.868596 0 0 0 0
-9.1776638 -6.0971084 1.5578809 15.541363 0 0 0 0
-8.7401266 -6.1099091 1.6391246 5.3813639 0 0 0 0
-8.573226 -6.1229362 1.6528816 3.6229889 0 0 0 0
-8.3690205 -6.1369419 1.7131472 1.0989584 0 0 0 0
-7.2844143 -6.0803094 1.7379903 2.8134809 0 0 0 0
-13.600066 -5.7643828 1.677796 10.5 0 0 0 0
-13.409315 -5.8206444 1.7107716 27.186867 0 0 0 0
-7.3484392 -5.8570499 1.6896975 1.2466562 0 0 0 0
-13.745192 -5.659749 1.6933336 1.25 0 0 0 0
-13.374575 -2.7189822 1.6693437 16.5 0 0 0 0
-7.4129062 -2.7089179 1.7125051 11.083333 0 0 0 0
-16.846252 -2.5319586 1.6894125 70.562988 0 0 0 0
-13.349935 -2.6543543 1.754681 19.45158 0 0 0 0
-7.3413577 -2.6102891 1.6051364 21.16254 0 0 0 0
-16.85759 -2.1626058 1.5722951 66.699615 0 0 0 0
-13.641877 -2.1021037 1.5467389 1.5 0 0 0 0
-13.376562 -2.2315636 1.7411494 25.790117 0 0 0 0
-7.5114117 -2.1286745 1.6527917 17.25 0 0 0 0
-7.4345927 -2.1972401 1.6381989 23.889034 0 0 0 0
-0.0049571814 -2.2892118 1.7219746 17.416668 0 0 0 0
0.036250412 -2.214643 1.7550962 21.539251 0 0 0 0
0.41353306 -2.1046302 1.6256828 26.972301 0 0 0 0
-16.839647 -1.8071611 1.512833 60.5 0 0 0 0
-13.631603 -2.0765748 1.5263182 1.5 0 0 0 0
0.4040733 -2.093919 1.6951941 27.844835 0 0 0 0
-30.396969 -1.5626405 1.6929986 20.6875 0 0 0 0
-16.858574 -1.7473795 1.5817908 63.471241 0 0 0 0
-30.389051 -1.2787666 1.7331259 20.466766 0 0 0 0
-16.866611 -1.2400913 1.6724966 48.70874 0 0 0 0
-30.391975 -1.0752013 1.5860698 20.551514 0 0 0 0
-16.947872 -1.0398071 1.6621029 22.275482 0 0 0 0
-30.39188 -0.66359502 1.7120657 20.482513 0 0 0 0
-16.988186 -0.88516307 1.5605426 4.5 0 0 0 0
-30.395863 -0.44870067 1.6199725 16.401367 0 0 0 0
-30.399521 -0.082155764 1.71188 16.582634 0 0 0 0
-30.402397 0.12134956 1.622983 18.580811 0 0 0 0
-30.390358 0.52304125 1.7185533 12.296906 0 0 0 0
-30.40424 0.7117061 1.6199836 17.759155 0 0 0 0
-30.397038 1.1248728 1.7255803 22.160919 0 0 0 0
-3.5567679 0.99507487 1.5283868 26.109465 0 0 0 0
-30.41107 1.379281 1.632678 17.549316 0 0 0 0
-3.5573049 1.2606506 1.5159299 19.897678 0 0 0 0
-30.40786 1.7072606 1.7369908 17.884033 0 0 0 0
-3.6084061 1.736995 1.5794711 9.145833 0 0 0 0
-3.5841262 1.7224309 1.5456603 15.090322 0 0 0 0
-30.402927 1.8690368 1.6559815 18.234375 0 0 0 0
-3.9541261 2.0727439 1.5492884 1.6922262 0 0 0 0
-3.8900051 2.0501482 1.5655053 0.625 0 0 0 0
-3.5771894 2.0165648 1.5448326 2.0862033 0 0 0 0
-30.403704 2.3338742 1.7181869 16.233948 0 0 0 0
-3.9568484 2.1104279 1.5674287 0.03125 0 0 0 0
-3.5537083 2.1487937 1.5151756 2.772083 0 0 0 0
-30.429657 2.5358746 1.6728961 15.524414 0 0 0 0
-30.427505 2.8288355 1.6700395 17.618134 0 0 0 0
-3.569423 2.7440319 1.6940123 10.256952 0 0 0 0
-30.412691 3.1195049 1.6957978 10.514648 0 0 0 0
-30.416842 3.4384604 1.6150124 17.059462 0 0 0 0
-30.427986 3.7166474 1.7386634 26.041016 0 0 0 0
-17.024212 3.8965139 1.7884427 2 0 0 0 0
-30.414711 3.9715157 1.5856419 20.799238 0 0 0 0
-30.425385 4.3853273 1.7000599 20.397623 0 0 0 0
-18.370295 4.325079 1.6954471 4 0 0 0 0
-18.148413 4.3375101 1.7245278 4.984375 0 0 0 0
-17.79147 4.3162603 1.7026192 4.140625 0 0 0 0
-17.517128 4.3253727 1.6508353 4.90625 0 0 0 0
-17.294245 4.2901568 1.6491129 5.484375 0 0 0 0
-16.993877 4.3169856 1.6004784 34.105549 0 0 0 0
-30.422447 4.6622438 1.5868835 23.555122 0 0 0 0
-16.933504 4.6375914 1.5868742 12.516928 0 0 0 0
-30.187237 4.8939009 1.6309886 18.25 0 0 0 0
-29.962637 4.9384308 1.704396 17.015381 0 0 0 0
-16.958765 4.8821058 1.6118543 4.296875 0 0 0 0
-29.928892 5.2388926 1.5710422 19.636066 0 0 0 0
-16.961704 5.3417511 1.6525028 3.8062224 0 0 0 0
-13.84717 5.2970271 1.7137895 16.35022 0 0 0 0
-13.651756 5.2993078 1.5519383 18.640625 0 0 0 0
-13.374688 5.3491793 1.712101 32.555321 0 0 0 0
0.037845343 5.3983779 1.7178264 36.760414 0 0 0 0
0.43198043 5.3989334 1.6494362 41.857143 0 0 0 0
-16.952555 5.5799627 1.6034064 5.0898438 0 0 0 0
-13.385958 5.4360914 1.6489427 30.964958 0 0 0 0
-7.3779702 5.5968981 1.6522114 0.59345514 0 0 0 0
-0.010850606 5.4082999 1.7603414 26.890476 0 0 0 0
0.033228222 5.4027381 1.6554112 36.694805 0 0 0 0
0.42099991 5.4123507 1.6814222 43.754547 0 0 0 0
0.6746515 5.5570517 1.605992 47.430359 0 0 0 0
-16.939369 5.7397346 1.7084196 13.315938 0 0 0 0
-13.313751 5.7400188 1.7222388 35.862206 0 0 0 0
-16.931381 6.0881739 1.6660178 4.140625 0 0 0 0
-13.326133 6.0689397 1.6427289 2 0 0 0 0
-17.125292 8.0139084 1.7994438 3 0 0 0 0
-17.061255 8.0863314 1.7451742 3 0 0 0 0
-17.129761 8.2524681 1.7566473 3 0 0 0 0
-17.077677 8.3239536 1.7315161 3 0 0 0 0
-7.533823 8.2188873 1.7694994 15.081315 0 0 0 0
-7.4405379 8.2223444 1.6060584 17.078957 0 0 0 0
-7.0441232 8.2313242 1.7011418 24.598532 0 0 0 0
-6.8732471 8.2232075 1.5909946 25.703125 0 0 0 0
-6.4742289 8.2452164 1.6888049 24.028225 0 0 0 0
-6.1864285 8.2435417 1.632988 25.791666 0 0 0 0
-5.888658 8.2514505 1.6161903 24.937355 0 0 0 0
-5.5025086 8.2619896 1.711301 24.068182 0 0 0 0
-5.3206072 8.271944 1.6843395 23.232624 0 0 0 0
-5.0072885 8.2912483 1.62931 18.4125 0 0 0 0
-17.125683 8.5384684 1.6592671 3 0 0 0 0
-17.042591 8.5350666 1.733034 2.5 0 0 0 0
-4.9892521 8.6268625 1.5953703 5.0809674 0 0 0 0
-17.112816 8.9458485 1.7444503 3 0 0 0 0
-17.078346 8.8935251 1.7651882 3 0 0 0 0
-4.9922876 8.8328886 1.6286201 6.4260416 0 0 0 0
-17.106405 9.0916948 1.7707915 3 0 0 0 0
-4.9957595 9.2059784 1.6693983 4.7566409 0 0 0 0
-4.9957161 9.4126854 1.7440522 4.658854 0 0 0 0
-17.214336 9.7942829 1.5821398 5.0766144 0 0 0 0
-17.073105 9.7670345 1.7432382 3.75 0 0 0 0
-5.0006676 9.7243843 1.6785133 4.5208473 0 0 0 0
-17.166069 10.016342 1.5916696 11.917833 0 0 0 0
-17.058161 10.152932 1.6842604 3 0 0 0 0
-5.0101719 9.9866934 1.6267761 5.125 0 0 0 0
-17.146626 10.379707 1.6473333 11.732829 0 0 0 0
-5.0111914 10.35433 1.6947913 4.1676435 0 0 0 0
-17.157742 10.725401 1.5446923 10.222656 0 0 0 0
-4.9664249 10.549316 1.5952218 2.3932292 0 0 0 0
-17.17112 10.86904 1.7175193 4.666667 0 0 0 0
-17.093641 10.908682 1.6102872 3 0 0 0 0
-10.673006 11.071102 1.5199395 3 0 0 0 0
-12.905257 11.199328 1.574217 2 0 0 0 0
-10.686451 11.240284 1.5591297 3.6289062 0 0 0 0
-12.924431 11.687871 1.5376202 3 0 0 0 0
-12.92656 11.89266 1.7164658 4.552083 0 0 0 0
-12.868999 11.840607 1.5853294 4.2753906 0 0 0 0
-12.907892 12.074207 1.7348236 5.3769531 0 0 0 0
-12.875418 12.174096 1.7073221 6.78125 0 0 0 0
-12.941789 12.396585 1.6533852 4.3125 0 0 0 0
-12.882041 12.476691 1.6447773 6.0175781 0 0 0 0
-12.9238 12.65414 1.5620346 3.375 0 0 0 0
-12.842329 12.64712 1.7383864 5 0 0 0 0
-13.903404 13.348889 1.6679769 7.25 0 0 0 0
-13.764967 13.4201 1.633177 9.25 0 0 0 0
-13.416856 13.45738 1.7693894 21.25 0 0 0 0
-12.839086 13.358563 1.5988846 21.395834 0 0 0 0
-13.384279 30.147774 1.7148032 13.5 0 0 0 0
-5.1593757 32.379448 1.7529194 16 0 0 0 0
-4.8823662 32.37809 1.6690817 12.5 0 0 0 0
-3.7848413 32.210064 1.6964247 9.75 0 0 0 0
-5.1537051 32.441776 1.6269686 9 0 0 0 0
-4.9814768 32.427887 1.7935652 15.5 0 0 0 0
-3.3616195 32.508171 1.7726811 8.75 0 0 0 0
-3.2555518 32.599014 1.6905448 7.5 0 0 0 0
-3.1907825 32.906029 1.6551864 10.375 0 0 0 0
-2.7456021 32.723648 1.5044003 8 0 0 0 0
-3.2264841 33.058739 1.5800936 11.5 0 0 0 0
-2.534646 33.154842 1.655782 8 0 0 0 0
-5.8557949 33.934383 1.6871128 10 0 0 0 0
-5.6395626 34.215473 1.723897 13 0 0 0 0
-16.255127 -6.1371813 2.0131459 8 0 0 0 0
-15.986633 -6.1324534 1.9526479 8.953125 0 0 0 0
-15.7263 -6.11343 1.9413331 8.5935898 0 0 0 0
-15.387757 -6.1310844 1.8732513 11.1875 0 0 0 0
-15.162823 -6.1231251 1.9432284 10.065491 0 0 0 0
-14.804858 -6.1361284 1.9007874 10.382324 0 0 0 0
-14.674647 -6.1285162 1.8814797 11.5 0 0 0 0
-13.261201 -6.1003866 1.8971484 34.361164 0 0 0 0
-13.041869 -6.1309919 2.0049188 14.858322 0 0 0 0
-12.776073 -6.1279631 1.9114705 9.0926104 0 0 0 0
-12.425417 -6.1200418 1.8932457 11.85618 0 0 0 0
-12.123837 -6.1310129 1.9921892 10.046977 0 0 0 0
-11.883427 -6.118638 2.0362813 14.263651 0 0 0 0
-11.553974 -6.1076307 1.9328661 19.765625 0 0 0 0
-11.289376 -6.1111813 1.8947709 17.678215 0 0 0 0
-10.962929 -6.1129456 2.0344059 16.517334 0 0 0 0
-10.659021 -6.0996675 2.0287902 17.664724 0 0 0 0
-10.460009 -6.0977879 1.8839447 19.166668 0 0 0 0
-10.022194 -6.0935702 1.95436 17.11986 0 0 0 0
-9.8006163 -6.102119 1.944134 18.25 0 0 0 0
-9.4651299 -6.1030016 1.9737203 14.116927 0 0 0 0
-9.096405 -6.1073208 1.9472592 6.7027345 0 0 0 0
-8.93993 -6.1139994 1.9726059 5.0709267 0 0 0 0
-8.5089855 -6.1292276 1.841644 1.2897949 0 0 0 0
-8.3991833 -6.1329556 2.0548058 1 0 0 0 0
-7.2651715 -6.0780582 1.9342647 3.951263 0 0 0 0
-13.638727 -5.7686849 2.0091963 7.255208 0 0 0 0
-13.38157 -5.865962 1.8908521 27.997181 0 0 0 0
-7.5363007 -5.7580719 1.9162235 1 0 0 0 0
-7.323885 -5.8849945 1.9722579 1.844698 0 0 0 0
-13.709693 -5.6360536 1.8658125 2 0 0 0 0
-13.387442 -2.7244163 2.0715785 10.023438 0 0 0 0
-16.847649 -2.5193453 1.9390147 67.546143 0 0 0 0
-13.260231 -2.4528704 2.062284 37.062843 0 0 0 0
-7.3151226 -2.5519862 1.88428 24.566586 0 0 0 0
-16.853111 -2.1971719 1.920011 63.362968 0 0 0 0
-13.537518 -2.1166711 1.9944856 5.5 0 0 0 0
-13.342127 -2.2705112 1.9135652 30.249752 0 0 0 0
-7.5380459 -2.1058855 1.9929664 23.5 0 0 0 0
-7.3272085 -2.3092632 1.8983579 28.912031 0 0 0 0
-0.0077375174 -2.2851 1.9323742 14.666666 0 0 0 0
0.021203617 -2.2325883 1.8358829 20.193462 0 0 0 0
0.5603866 -2.1996005 1.9499191 15.304166 0 0 0 0
0.61268675 -2.2349005 2.0245333 3.8398438 0 0 0 0
-16.856646 -2.0865211 1.9047587 65 0 0 0 0
-13.547702 -2.0906341 2.0656447 4.25 0 0 0 0
-7.58218 -2.0642905 1.9867159 7.2500811 0 0 0 0
0.27853948 -2.0790949 2.0510948 27.159859 0 0 0 0
0.32834202 -2.0718744 2.052326 26.209633 0 0 0 0
-30.399078 -1.5349288 2.0016632 21 0 0 0 0
-16.865219 -1.7030394 1.9482126 54.22377 0 0 0 0
-30.394327 -1.4214029 1.9361063 21.134439 0 0 0 0
-16.864014 -1.2431463 1.9201353 54.555035 0 0 0 0
-30.403336 -1.045377 1.970296 21.304688 0 0 0 0
-16.865898 -1.1585274 2.0177734 52.198383 0 0 0 0
-30.388882 -0.83156133 1.9194475 25.061605 0 0 0 0
-16.86377 -0.70258832 1.9818701 49.315617 0 0 0 0
-30.405684 -0.444267 1.9798998 19.1875 0 0 0 0
-30.409285 -0.10825393 1.9671385 16.351095 0 0 0 0
-16.878025 -0.18930501 1.9686449 46.533737 0 0 0 0
-30.403931 0.16379406 1.9692847 17.645834 0 0 0 0
-16.869331 0.27616832 1.957152 46.615944 0 0 0 0
-30.398235 0.46324328 1.9444933 16.489258 0 0 0 0
-16.88863 0.34045988 1.9707949 55.390232 0 0 0 0
-30.401636 0.70490712 1.9816345 13.402344 0 0 0 0
-16.871965 0.75597245 1.958625 53.77317 0 0 0 0
-30.41222 1.0938076 1.9968808 17.538696 0 0 0 0
-16.978056 1.023638 1.8490226 2 0 0 0 0
-30.393639 1.2987989 1.9803286 16.484375 0 0 0 0
-16.860893 1.2876794 1.970001 55.890766 0 0 0 0
-30.403303 1.665496 1.990039 18.785095 0 0 0 0
-16.868603 1.7596433 1.9922044 62.571198 0 0 0 0
-4.10816 1.7916589 1.9261701 0 0 0 0 0
-30.414612 1.8689133 1.9517447 15.052083 0 0 0 0
-16.949619 1.9250114 1.9016398 32.758808 0 0 0 0
-4.0689607 2.0045795 1.9023771 0 0 0 0 0
-30.421915 2.1787732 1.8937546 15.597168 0 0 0 0
-16.903774 2.2777686 1.9328704 41.5186 0 0 0 0
-30.411137 2.4728317 1.8539534 15.3125 0 0 0 0
-16.939474 2.4764912 1.8294463 4 0 0 0 0
-30.409012 2.7555439 1.9078449 14.938802 0 0 0 0
-16.9044 2.7386174 1.9034994 30.042416 0 0 0 0
-3.5657825 2.7681558 1.8037914 13 0 0 0 0
-30.438835 3.0411448 1.8609899 12.104166 0 0 0 0
-16.8699 3.2654488 2.0014207 71.629395 0 0 0 0
-30.43055 3.4660144 1.895529 16.854113 0 0 0 0
-16.897121 3.37626 1.9115988 43.940964 0 0 0 0
-30.411201 3.6358461 1.9188818 17.408529 0 0 0 0
-16.885433 3.7855964 2.0100951 83.120911 0 0 0 0
-30.419439 4.0503159 1.9170449 20.418091 0 0 0 0
-17.017048 4.0928144 1.8311532 5 0 0 0 0
-30.410831 4.3056459 1.9418815 22.518555 0 0 0 0
-18.314131 4.3243804 1.9022434 4 0 0 0 0
-18.080029 4.3037224 1.8690569 3 0 0 0 0
-17.910843 4.316227 1.8686523 3.875 0 0 0 0
-17.671328 4.3506274 1.838361 4 0 0 0 0
-17.305616 4.2783108 1.8334408 4.5 0 0 0 0
-16.897511 4.328949 2.019546 61.479332 0 0 0 0
-30.393028 4.6629267 1.9037964 17.982422 0 0 0 0
-16.941383 4.7684565 1.9650722 6.8858442 0 0 0 0
-30.378101 4.8262491 1.9936948 18.25 0 0 0 0
-30.026215 4.8065329 1.8958305 14 0 0 0 0
-29.932484 5.0004263 1.990203 18.301147 0 0 0 0
-16.946611 4.8620014 1.9450479 5.0570517 0 0 0 0
-29.921848 5.2542024 1.9330721 19.171875 0 0 0 0
-16.96233 5.2554507 1.9484799 5.4507666 0 0 0 0
-13.902161 5.2643108 1.9427054 9.6415625 0 0 0 0
-13.565641 5.307723 2.0394578 15.29008 0 0 0 0
-13.349128 5.3469872 1.9635254 30.341146 0 0 0 0
-0.046201233 5.3971128 1.9939849 20.722223 0 0 0 0
0.014370119 5.3983784 1.8629582 35.285713 0 0 0 0
0.31648335 5.3979821 1.9429699 51.5 0 0 0 0
-29.910469 5.5613127 1.963697 17 0 0 0 0
-16.935143 5.6937971 2.0170078 24.333334 0 0 0 0
-13.307434 5.5490379 1.9673841 35.070312 0 0 0 0
-7.3585052 5.5255518 1.9704984 0.99999857 0 0 0 0
-0.023788426 5.4049807 1.9512968 32.991955 0 0 0 0
0.14695914 5.4053702 1.9507875 39.942841 0 0 0 0
0.31860381 5.4059424 1.9616852 43.383667 0 0 0 0
0.67408407 5.5603223 1.9512911 16.508862 0 0 0 0
-16.952309 5.7737074 1.9602464 12.797725 0 0 0 0
-13.310786 5.7540503 1.8170042 32.605991 0 0 0 0
-17.126688 6.0965266 1.8181 1 0 0 0 0
-16.937866 6.106349 1.8552051 3.8046875 0 0 0 0
-13.317085 6.0749936 1.9665508 1.8125 0 0 0 0
-7.5851769 8.2095098 1.9940326 5.5385542 0 0 0 0
-7.3135438 8.2331905 2.0169725 24.811718 0 0 0 0
-7.1305771 8.2319202 1.9036391 24.658283 0 0 0 0
-6.6915951 8.2380505 2.0368228 24.784557 0 0 0 0
-6.5069437 8.2443838 1.8362697 25.697186 0 0 0 0
-6.049387 8.2492332 1.9118402 24.03322 0 0 0 0
-5.9671812 8.243475 1.9659854 24.181179 0 0 0 0
-5.560101 8.2548809 2.0239115 23.121784 0 0 0 0
-5.2108927 8.2631721 2.008662 24.202126 0 0 0 0
-5.0530214 8.3364429 1.9540012 16.128107 0 0 0 0
-17.002439 8.5591717 1.8790208 3 0 0 0 0
-4.9960032 8.5102558 1.9178817 7.988802 0 0 0 0
-4.9885964 8.7894306 2.0075607 4.4424591 0 0 0 0
-17.08646 9.0260649 1.8000584 3 0 0 0 0
-5.0010724 9.2832108 1.9938686 4.0339651 0 0 0 0
-5.0012102 9.3167496 1.8606117 3.599998 0 0 0 0
-17.181376 9.7777157 1.936362 4.9570312 0 0 0 0
-17.0832 9.7533503 2.0357773 3 0 0 0 0
-5.0035305 9.713129 1.9051726 4.466125 0 0 0 0
-17.160305 9.9877701 1.9422069 12.119099 0 0 0 0
-5.0060024 10.130604 1.8947606 5.2766924 0 0 0 0
-17.143766 10.264919 1.9320583 13.316608 0 0 0 0
-5.0009718 10.273895 1.998765 3.9209447 0 0 0 0
-17.136057 10.651108 2.0157132 11.550781 0 0 0 0
-4.9955406 10.58132 2.0114391 2.1269646 0 0 0 0
-17.147066 10.867495 1.8821985 5.953125 0 0 0 0
-17.096613 10.925981 2.0032146 4 0 0 0 0
-10.534999 11.184834 2.0924575 3 0 0 0 0
-10.451796 11.218432 2.069037 4.75 0 0 0 0
-12.921925 11.927282 1.9269594 4.6289062 0 0 0 0
-12.87206 11.859982 1.8446833 5.8359375 0 0 0 0
-12.928136 12.113842 1.8700321 3.8125 0 0 0 0
-12.877817 12.228555 1.9431303 3.9811523 0 0 0 0
-12.911839 12.392861 1.9525789 5.234375 0 0 0 0
-12.890606 12.457619 2.0249307 6.574544 0 0 0 0
-12.913321 12.796944 1.8686488 5.3046875 0 0 0 0
-12.88273 12.80188 1.9485723 4.7961679 0 0 0 0
-12.917177 13.127157 2.0173669 4.75 0 0 0 0
-12.866558 12.977789 1.8670526 4.65625 0 0 0 0
-14.138297 13.340772 2.0991633 5 0 0 0 0
-14.011108 13.385235 1.8718123 10.828125 0 0 0 0
-13.607309 13.437246 2.0443997 25.5 0 0 0 0
-13.483707 13.441103 1.8022261 29 0 0 0 0
-12.95687 13.391491 1.9787241 10.671875 0 0 0 0
-12.881144 13.418154 2.0440316 9.1744785 0 0 0 0
-13.328791 13.606796 1.9191585 20.578125 0 0 0 0
-12.98244 13.61859 1.9862133 10.5 0 0 0 0
-12.869504 13.55265 2.0269103 7.75 0 0 0 0
-1.6276954 29.38493 2.0002596 9.5 0 0 0 0
-13.603228 29.692642 1.9852173 25 0 0 0 0
-1.8929471 29.505167 2.0569172 8 0 0 0 0
-13.51444 29.776688 2.0209198 23.666666 0 0 0 0
-13.416901 30.039171 2.0316098 17 0 0 0 0
-13.345705 30.41515 2.0242391 10 0 0 0 0
-1.4923995 30.603184 2.0937769 8 0 0 0 0
-4.3067427 31.679218 2.0970907 6 0 0 0 0
-4.1559992 31.776016 2.0048907 8 0 0 0 0
-4.2279024 32.041103 2.0296342 15 0 0 0 0
-3.9913874 31.865097 2.0036471 14.25 0 0 0 0
-3.7515597 32.079041 1.9585183 19 0 0 0 0
-5.1950788 32.38036 1.861053 13.625 0 0 0 0
-4.8634572 32.340611 1.8912759 17.148438 0 0 0 0
-4.6365814 32.344833 1.995652 17.25 0 0 0 0
-4.2524314 32.356327 1.9176359 12 0 0 0 0
-3.953342 32.132553 1.938071 12.25 0 0 0 0
-3.7593794 32.162682 1.9453217 15.375 0 0 0 0
-3.5268927 32.192635 1.9718456 11.5 0 0 0 0
-5.4942327 32.642288 2.0347199 10.5 0 0 0 0
-5.1451206 32.487488 1.9503158 13.71875 0 0 0 0
-5.0297394 32.424938 1.9262704 15 0 0 0 0
-4.6697216 32.425591 1.9335794 13.5 0 0 0 0
-4.3583064 32.423027 1.9058897 9 0 0 0 0
-3.3183515 32.535084 1.8765901 7.5 0 0 0 0
-2.9635603 32.505646 1.9050492 9 0 0 0 0
-5.4746742 32.730549 2.0528276 11 0 0 0 0
-5.2590961 32.725838 1.9725111 13 0 0 0 0
-3.0881658 32.772316 1.9392107 5 0 0 0 0
-2.7922261 33.113827 1.8785391 8 0 0 0 0
-2.5632441 33.109886 1.9765441 9.15625 0 0 0 0
-2.0742481 33.256905 2.0500107 11 0 0 0 0
-1.7503786 33.256721 2.0855324 8 0 0 0 0
-5.802865 33.804657 1.9041488 11 0 0 0 0
-5.6169543 33.981846 1.9643759 12 0 0 0 0
-16.304756 -6.1374202 2.152993 4 0 0 0 0
-15.9442 -6.1295033 2.3446555 9.40625 0 0 0 0
-15.752101 -6.1406155 2.2581096 9.3618164 0 0 0 0
-15.427257 -6.1318383 2.1978509 11.168095 0 0 0 0
-15.157377 -6.1204848 2.2478294 10.34375 0 0 0 0
-14.828306 -6.1218057 2.1985967 9.552002 0 0 0 0
-14.688216 -6.1215391 2.231493 9 0 0 0 0
-13.259039 -6.072258 2.2154696 29.304361 0 0 0 0
-13.09815 -6.1292048 2.2440095 14.148438 0 0 0 0
-12.697201 -6.1234212 2.253257 10.099152 0 0 0 0
-12.498535 -6.1341767 2.1883073 10.277122 0 0 0 0
-12.108896 -6.1224022 2.3499784 13.886719 0 0 0 0
-11.870388 -6.1251173 2.1531751 13.008118 0 0 0 0
-11.53397 -6.1112123 2.2676668 13.975284 0 0 0 0
-11.340818 -6.1110744 2.3325255 14.554457 0 0 0 0
-10.839146 -6.1073303 2.1947827 18.041668 0 0 0 0
-10.688839 -6.0982485 2.131824 18.608171 0 0 0 0
-10.335516 -6.1003389 2.3574901 17.615086 0 0 0 0
-10.073154 -6.0989437 2.1872327 19.291668 0 0 0 0
-9.6216621 -6.1055722 2.190598 11.651456 0 0 0 0
-9.5159473 -6.1011705 2.2131302 8.7161465 0 0 0 0
-9.1783266 -6.1141386 2.3491282 4.4875002 0 0 0 0
-8.8752308 -6.1210809 2.1670532 2.6591156 0 0 0 0
-8.6509457 -6.143693 2.1657367 1.0228107 0 0 0 0
-7.2600164 -6.0986891 2.3509598 7.5454407 0 0 0 0
-13.591482 -5.7198448 2.2188816 8.6790991 0 0 0 0
-13.385664 -5.8336744 2.3493648 32.539722 0 0 0 0
-7.5876756 -5.7657089 2.1064038 1 0 0 0 0
-7.3481836 -5.8471756 2.28403 4.332408 0 0 0 0
-13.605368 -5.6968222 2.1412013 6 0 0 0 0
-13.432121 -2.7632718 2.1712608 3.2675781 0 0 0 0
-16.850998 -2.5274527 2.2753744 69.268494 0 0 0 0
-13.305002 -2.59571 2.3133969 27.517712 0 0 0 0
-7.3445807 -2.5987372 2.3470383 20.053362 0 0 0 0
-16.857483 -2.1714191 2.2768381 65.77047 0 0 0 0
-13.538404 -2.1135941 2.1964574 9.9736328 0 0 0 0
-13.405271 -2.1814435 2.2822499 16.27544 0 0 0 0
-7.3658094 -2.2508111 2.3302145 26.026398 0 0 0 0
0.17976964 -2.1041975 2.1720836 25.164303 0 0 0 0
0.51976037 -2.1458192 2.3319936 22.781944 0 0 0 0
-16.859539 -1.8948686 2.2208672 60.203125 0 0 0 0
-13.545477 -2.0787325 2.2696965 3.2431641 0 0 0 0
-13.494366 -2.0872552 2.1984921 5 0 0 0 0
-7.6242647 -2.0859537 2.1675735 8.0110674 0 0 0 0
0.23239651 -2.0880775 2.1281793 25.945805 0 0 0 0
0.45133758 -2.0932877 2.3889623 24.25 0 0 0 0
-30.378544 -1.5520353 2.2244058 21.5 0 0 0 0
-16.872395 -1.6895412 2.2678437 57.866341 0 0 0 0
-30.396439 -1.2920905 2.2239351 22.835938 0 0 0 0
-16.858879 -1.2652504 2.2540143 57.368328 0 0 0 0
-30.3792 -1.0929379 2.1729398 21.527344 0 0 0 0
-16.851627 -1.1565049 2.2384443 63.595055 0 0 0 0
-30.397842 -0.70487845 2.1629753 16.869141 0 0 0 0
-16.840988 -0.66195697 2.2257848 97.643158 0 0 0 0
-30.400948 -0.48873162 2.212636 16.849609 0 0 0 0
-16.83659 -0.40465534 2.2525644 79.5 0 0 0 0
-30.3867 -0.20904025 2.2019091 17.596252 0 0 0 0
-16.844374 -0.2033644 2.2197247 99.595779 0 0 0 0
-30.410748 0.10074791 2.1858704 19.258301 0 0 0 0
-16.845724 0.25031003 2.2126188 100.9702 0 0 0 0
-30.414951 0.50033784 2.272212 16.783691 0 0 0 0
-16.845709 0.34076011 2.2791531 88.381897 0 0 0 0
-30.393318 0.74761069 2.2602513 17.018066 0 0 0 0
-16.84771 0.83493096 2.2391963 96.572739 0 0 0 0
-30.391106 1.0742495 2.2617145 18.306641 0 0 0 0
-16.835766 1.0738342 2.3091145 88.25 0 0 0 0
-30.412777 1.328832 2.2619634 16.429443 0 0 0 0
-16.850746 1.3091838 2.2541654 90.58992 0 0 0 0
-30.406216 1.6488624 2.2668118 18.208984 0 0 0 0
-16.853043 1.7196871 2.2038927 97.631714 0 0 0 0
-30.414436 1.8820753 2.2669125 17.446533 0 0 0 0
-16.848675 1.8391018 2.2145345 101.19031 0 0 0 0
-30.414236 2.3609414 2.1449792 13.953766 0 0 0 0
-16.850586 2.3045983 2.2067142 95.861397 0 0 0 0
-30.430637 2.4891939 2.3125753 19.495117 0 0 0 0
-16.853867 2.5931063 2.2713788 104.1875 0 0 0 0
-30.434698 2.9388957 2.1837177 15.983917 0 0 0 0
-16.858131 2.8269382 2.1771021 99.187653 0 0 0 0
-3.6186442 2.7243319 2.2534795 2.4263103 0 0 0 0
-3.5917091 2.7536678 2.317313 8.0486107 0 0 0 0
-30.429106 3.1915174 2.1838279 13.022461 0 0 0 0
-16.863939 3.2449007 2.2248304 101.29062 0 0 0 0
-30.429726 3.5109029 2.2238822 15.221069 0 0 0 0
-16.857559 3.3636329 2.1508536 97.459671 0 0 0 0
-30.411552 3.8073518 2.2834039 21.370605 0 0 0 0
-16.870571 3.7489502 2.2149007 92.776123 0 0 0 0
-30.424812 4.0720205 2.2760592 18.280273 0 0 0 0
-16.877174 4.0858183 2.2228637 101.14844 0 0 0 0
-30.434982 4.3966026 2.3164606 20.28125 0 0 0 0
-16.861526 4.2503252 2.1890314 89.255165 0 0 0 0
-30.418415 4.6558833 2.2785833 21.344971 0 0 0 0
-16.926365 4.6860929 2.2465754 27.046589 0 0 0 0
-30.356106 4.87433 2.1962378 17.875 0 0 0 0
-30.128319 4.8975978 2.2591128 19.75 0 0 0 0
-29.929108 5.0293798 2.2039218 18.5 0 0 0 0
-16.917297 4.968595 2.2761297 28.6875 0 0 0 0
-29.917223 5.2171278 2.2193286 19.903645 0 0 0 0
-16.960571 5.3096199 2.1918962 13.470703 0 0 0 0
-14.14315 5.3117085 2.3135922 3 0 0 0 0
-13.908645 5.2622461 2.2042928 5.4013672 0 0 0 0
-13.659114 5.3183985 2.1485007 14.615469 0 0 0 0
-13.351624 5.3484774 2.2038321 35.173935 0 0 0 0
-7.3545051 5.3881855 2.3372667 1.25 0 0 0 0
0.18871692 5.3892584 2.1445711 37.874359 0 0 0 0
0.49465248 5.3953366 2.3457665 36.375 0 0 0 0
-16.930103 5.6726708 2.2024574 30.654297 0 0 0 0
-13.319982 5.4412656 2.2540371 34.385525 0 0 0 0
-7.360117 5.4729013 2.29424 1.3312762 0 0 0 0
0.19174019 5.4085717 2.209239 38.570175 0 0 0 0
0.52101612 5.4224591 2.3323174 37.903419 0 0 0 0
0.6786921 5.5645223 2.2945819 50.712204 0 0 0 0
-29.902246 5.8024745 2.3191679 7 0 0 0 0
-16.932835 5.8917484 2.2937729 30.177494 0 0 0 0
-13.318422 5.7705684 2.3058429 29.626278 0 0 0 0
-16.979198 6.1311994 2.2731481 2.5625 0 0 0 0
-13.32645 6.0735025 2.2445045 2.1728516 0 0 0 0
-17.05121 8.0307388 2.3022058 3 0 0 0 0
-17.130215 8.1958694 2.3219442 2 0 0 0 0
-17.066868 8.3746424 2.3035827 2 0 0 0 0
-7.5960913 8.2318268 2.1141691 4 0 0 0 0
-7.3228359 8.2344017 2.2922194 22.159351 0 0 0 0
-6.9819069 8.2238598 2.3025017 24.818527 0 0 0 0
-6.707747 8.2383442 2.2126741 24.571075 0 0 0 0
-6.3211746 8.2482224 2.3415551 25.209755 0 0 0 0
-6.2446928 8.2545185 2.3477569 24.118542 0 0 0 0
-5.7240734 8.2486105 2.2483826 21 0 0 0 0
-5.5970755 8.2584362 2.2171342 22.420046 0 0 0 0
-5.1374321 8.3111019 2.3146176 19.04575 0 0 0 0
-5.0548763 8.2921772 2.2260823 20.14082 0 0 0 0
-17.127541 8.5709276 2.2674732 2.5 0 0 0 0
-17.08786 8.5208979 2.2983897 2.5 0 0 0 0
-4.991436 8.5772886 2.1747191 7.0625 0 0 0 0
-17.016792 8.8177624 2.3409185 3 0 0 0 0
-4.9988365 8.8331423 2.2707827 4.6338544 0 0 0 0
-17.123219 9.2413015 2.3365119 4 0 0 0 0
-17.079456 9.0930557 2.3301725 3.5 0 0 0 0
-4.9923286 9.1982746 2.3630905 4.6256104 0 0 0 0
-17.117092 9.4606457 2.3146431 3.5 0 0 0 0
-17.071276 9.479805 2.316277 3.25 0 0 0 0
-4.9989133 9.3268871 2.3250155 4.479167 0 0 0 0
-17.161961 9.8044987 2.2447515 4.7138672 0 0 0 0
-4.9903021 9.7626972 2.3037663 4.3199472 0 0 0 0
-17.165405 10.081413 2.226831 12.26049 0 0 0 0
-5.0167837 10.183194 2.2275724 4.75 0 0 0 0
-17.144012 10.262113 2.3072872 11.730689 0 0 0 0
-17.088791 10.255145 2.2805097 3 0 0 0 0
-5.0048113 10.278634 2.291333 4.7439947 0 0 0 0
-17.143984 10.717662 2.2612374 8.5346069 0 0 0 0
-17.094076 10.72175 2.3404481 7.416667 0 0 0 0
-10.501359 10.769701 2.3373737 19 0 0 0 0
-10.321148 10.734839 2.3692691 16.5 0 0 0 0
-4.9825182 10.600473 2.3197846 1.6510416 0 0 0 0
-17.140568 10.875745 2.2945504 6.38973 0 0 0 0
-17.087976 11.081574 2.1994753 3 0 0 0 0
-10.560772 10.958607 2.2061214 3.5 0 0 0 0
-10.383169 10.872442 2.3095384 11.914539 0 0 0 0
-17.153023 11.127806 2.3258886 3.75 0 0 0 0
-10.503839 11.207906 2.1084669 4.5 0 0 0 0
-10.431017 11.152023 2.1694524 6.3444009 0 0 0 0
-12.918995 12.395947 2.1591215 5.21875 0 0 0 0
-12.963503 12.749227 2.3446445 3.3359375 0 0 0 0
-12.865941 12.748974 2.2017741 8.3834639 0 0 0 0
-14.012597 12.929051 2.3875651 19 0 0 0 0
-12.916641 13.046606 2.2376993 3.25 0 0 0 0
-12.867949 13.08074 2.2345495 5.1875 0 0 0 0
-15.300057 13.470967 2.3993397 4 0 0 0 0
-14.28476 13.42681 2.3746758 12.125 0 0 0 0
-13.815494 13.389302 2.2216752 29 0 0 0 0
-13.577856 13.428139 2.2484164 20.34375 0 0 0 0
-13.376207 13.463239 2.3195066 23.75 0 0 0 0
-12.916464 13.320181 2.2699533 10.189047 0 0 0 0
-12.873165 13.284197 2.2174573 12.653646 0 0 0 0
-15.939836 13.623459 2.3559418 4 0 0 0 0
-13.320899 13.59108 2.1838615 21.66341 0 0 0 0
-13.085524 13.638316 2.2393699 13.583334 0 0 0 0
-12.86262 13.685109 2.2676697 10.057292 0 0 0 0
-12.923604 13.856462 2.3689945 3.5 0 0 0 0
-16.428419 14.249766 2.3979051 6 0 0 0 0
-15.764461 14.389143 2.3487923 9 0 0 0 0
-13.322604 14.154114 2.3198423 41.5 0 0 0 0
-13.858013 29.630899 2.2180614 23 0 0 0 0
-13.738927 29.587595 2.3126903 21 0 0 0 0
-1.8917127 29.594227 2.2844853 9.5 0 0 0 0
-1.7734346 29.513643 2.2693796 13 0 0 0 0
-13.454854 29.802273 2.3829842 26 0 0 0 0
-2.0772452 29.737518 2.2627077 8 0 0 0 0
-1.3322693 29.788452 2.3081267 9 0 0 0 0
-13.400342 30.048201 2.2458708 19 0 0 0 0
-2.1806848 30.005859 2.3987391 13 0 0 0 0
-13.339851 30.41222 2.2874842 11 0 0 0 0
-1.4327519 30.589272 2.152801 11 0 0 0 0
-1.5807794 30.715935 2.1448991 8 0 0 0 0
-1.2617024 30.650869 2.2072179 5.5 0 0 0 0
-13.784852 31.942198 2.3064313 32 0 0 0 0
-13.735525 32.228867 2.3511527 31.75 0 0 0 0
-4.8776731 32.339142 2.1566169 15 0 0 0 0
-4.5574784 32.339977 2.2337942 11.65625 0 0 0 0
-4.4461775 32.375214 2.2161138 9 0 0 0 0
-3.7072706 32.13681 2.1476622 14.5 0 0 0 0
-3.5399044 32.214916 2.191716 8 0 0 0 0
-13.87891 32.603622 2.1819303 16 0 0 0 0
-5.4497409 32.594475 2.2118547 11.71875 0 0 0 0
-5.2150364 32.643566 2.1514354 17.375 0 0 0 0
-4.9921527 32.577484 2.1751466 11.875 0 0 0 0
-4.7037268 32.408119 2.1795709 10 0 0 0 0
-4.3362408 32.428467 2.1723986 7.4375 0 0 0 0
-0.95694149 32.695068 2.208559 9 0 0 0 0
-14.193538 32.835369 2.2502925 25 0 0 0 0
-13.788321 32.819344 2.3098452 28 0 0 0 0
-5.1133237 32.780041 2.3339438 10 0 0 0 0
-2.7856786 32.98019 2.2084229 11 0 0 0 0
-2.5878935 32.932137 2.1925073 8.5 0 0 0 0
-2.3420196 32.83683 2.2683759 9 0 0 0 0
-1.0472972 32.838394 2.3306992 9 0 0 0 0
-0.76303542 32.796188 2.3188519 7.0058594 0 0 0 0
-13.832355 33.204853 2.1418178 19 0 0 0 0
-2.7054036 33.064198 2.1751618 9 0 0 0 0
-2.6382051 33.130676 2.2507424 6.875 0 0 0 0
-1.7630404 33.133102 2.1574578 8.5 0 0 0 0
-2.2104213 33.759506 2.3848393 8 0 0 0 0
-4.6456108 34.021828 2.3860846 13.5 0 0 0 0
-4.406579 34.029408 2.3837526 13.5 0 0 0 0
-3.4295022 34.460266 2.3745725 11.5 0 0 0 0
-13.670312 34.733299 2.2931964 33 0 0 0 0
-3.3710501 34.661545 2.3327637 14 0 0 0 0
-3.1857724 34.724632 2.3105688 11.5 0 0 0 0
-13.728466 34.861885 2.3505981 34 0 0 0 0
-3.6671157 34.80262 2.1358535 9 0 0 0 0
-3.3825321 34.820259 2.1768525 15.5 0 0 0 0
-3.1662183 34.858414 2.2434754 10 0 0 0 0
-2.2680941 35.354717 2.3981674 18 0 0 0 0
-2.194284 35.508099 2.28422 12.5 0 0 0 0
-16.234684 -6.1323905 2.5172362 9.5625 0 0 0 0
-16.075394 -6.1329393 2.5269349 8.5480957 0 0 0 0
-15.715596 -6.1267061 2.5712569 9.9329424 0 0 0 0
-15.50231 -6.1243558 2.5152419 9.8789062 0 0 0 0
-15.071895 -6.121541 2.5812879 8.8676548 0 0 0 0
-14.912713 -6.1308465 2.520844 9.9899292 0 0 0 0
-14.696704 -6.1272664 2.4135022 12 0 0 0 0
-13.232269 -6.0913939 2.4648037 24.440947 0 0 0 0
-13.089739 -6.1076598 2.5106075 14.511322 0 0 0 0
-12.813932 -6.1281357 2.6506407 12.839413 0 0 0 0
-12.474829 -6.1193857 2.4850454 15.945312 0 0 0 0
-12.184037 -6.1204395 2.5462732 9.5887375 0 0 0 0
-11.924517 -6.1198053 2.4784064 13.758057 0 0 0 0
-11.540748 -6.1126585 2.5411844 14.723196 0 0 0 0
-11.226566 -6.1125388 2.5740747 16.421875 0 0 0 0
-10.946874 -6.100378 2.5727165 16.974947 0 0 0 0
-10.556884 -6.0976448 2.6378708 16.161457 0 0 0 0
-10.361543 -6.1022511 2.4178371 16.918068 0 0 0 0
-9.9176769 -6.1031733 2.5772605 9.7460613 0 0 0 0
-9.8770227 -6.1014452 2.6812017 8.7038059 0 0 0 0
-9.4007387 -6.1100926 2.6009364 3.75 0 0 0 0
-9.1728001 -6.1151938 2.4529185 3.7625549 0 0 0 0
-8.8976221 -6.1297226 2.6266093 1.5006666 0 0 0 0
-8.6274891 -6.127316 2.4444873 1 0 0 0 0
-7.2574472 -6.1370578 2.6198583 6.8100643 0 0 0 0
-13.63192 -5.7298875 2.5015583 4.671875 0 0 0 0
-13.38723 -5.8620949 2.5078428 25.856527 0 0 0 0
-7.5263805 -5.7456999 2.6534319 2.1500001 0 0 0 0
-7.3027396 -5.8770518 2.5653501 9.8684301 0 0 0 0
-13.656795 -5.6684222 2.5803003 2.9375 0 0 0 0
-13.399413 -2.7456067 2.6659796 6 0 0 0 0
-7.4100747 -2.7047646 2.6819448 2.375 0 0 0 0
-16.847572 -2.5365667 2.564523 51.001125 0 0 0 0
-16.667179 -2.448482 2.670701 28.25 0 0 0 0
-13.305914 -2.5922322 2.4544921 25.152523 0 0 0 0
-7.2921028 -2.475688 2.5946953 24.75507 0 0 0 0
-16.851269 -2.134516 2.6219728 57.651711 0 0 0 0
-16.790102 -2.2110944 2.595222 50.588543 0 0 0 0
-16.418859 -2.2752349 2.6946192 13 0 0 0 0
-16.03702 -2.2899451 2.6631367 11.4375 0 0 0 0
-15.750491 -2.2413683 2.6730533 13.34375 0 0 0 0
-15.49041 -2.277215 2.6492014 10.1875 0 0 0 0
-15.186337 -2.1908073 2.6584339 15 0 0 0 0
-14.922848 -2.2019081 2.6487675 12.09375 0 0 0 0
-14.536716 -2.1802802 2.6413951 13.125 0 0 0 0
-13.807456 -2.1167667 2.6789825 10 0 0 0 0
-13.513854 -2.1518548 2.5660765 18 0 0 0 0
-13.313276 -2.2806668 2.4278674 31.972134 0 0 0 0
-7.3307405 -2.3007855 2.6526082 24.135082 0 0 0 0
0.10339523 -2.1360664 2.5282063 23.549885 0 0 0 0
0.47459477 -2.1073828 2.4124901 25.302172 0 0 0 0
-16.860771 -2.0996337 2.6118913 74 0 0 0 0
-13.590382 -2.0573502 2.5284653 2 0 0 0 0
-7.5290556 -2.0926385 2.6853442 16.630951 0 0 0 0
0.46128631 -2.0979085 2.4273369 25.03022 0 0 0 0
-30.383526 -1.5405393 2.5863068 17.5 0 0 0 0
-16.864651 -1.6681687 2.6478829 56.335762 0 0 0 0
-30.381535 -1.3676758 2.5861409 20.391731 0 0 0 0
-16.860321 -1.2227819 2.5335364 53.999077 0 0 0 0
-30.389044 -1.107565 2.4249377 19.631186 0 0 0 0
-16.858604 -1.1454608 2.6229112 61.588692 0 0 0 0
-30.392048 -0.78321004 2.5694208 18.535648 0 0 0 0
-16.827747 -0.70792907 2.576056 88.455368 0 0 0 0
-30.402727 -0.41636646 2.5130863 17.549316 0 0 0 0
-16.814575 -0.32692325 2.4478507 75.5 0 0 0 0
-30.395458 -0.18602693 2.6354713 18.66943 0 0 0 0
-16.828518 -0.20734683 2.5664916 82.035904 0 0 0 0
-16.789242 -0.23643859 2.5923657 67.71875 0 0 0 0
-30.389717 0.242374 2.5133419 23.658203 0 0 0 0
-16.825605 0.26965871 2.5947647 76.350624 0 0 0 0
-30.396667 0.38068634 2.6342292 17.185211 0 0 0 0
-16.83033 0.33561048 2.5637083 78.761765 0 0 0 0
-16.796392 0.32988399 2.6376462 67.125 0 0 0 0
-30.398876 0.79928601 2.6441696 20.395832 0 0 0 0
-16.843672 0.75266588 2.5790911 86.531494 0 0 0 0
-30.385891 1.0227818 2.6181827 18.144894 0 0 0 0
-30.393024 1.3497734 2.6267359 19.856771 0 0 0 0
-16.812191 1.2914801 2.5827174 59.182167 0 0 0 0
-16.797304 1.2766595 2.5561128 64.026039 0 0 0 0
-30.402353 1.6982057 2.5677493 17.719166 0 0 0 0
-16.844196 1.7452788 2.5427802 83.061234 0 0 0 0
-30.421099 1.9214625 2.6282413 21.436199 0 0 0 0
-16.846714 1.8300493 2.5604825 83.793098 0 0 0 0
-30.411976 2.2707872 2.5657926 16.784069 0 0 0 0
-16.848621 2.3340425 2.5567393 88.738136 0 0 0 0
-30.407639 2.6316273 2.6202271 20.897135 0 0 0 0
-16.85693 2.5483456 2.5925679 91.083328 0 0 0 0
-30.419014 2.8675861 2.625489 17.304653 0 0 0 0
-16.849707 2.8144462 2.4941359 82.604088 0 0 0 0
-30.402401 3.1810205 2.5827227 18.989584 0 0 0 0
-16.857796 3.2643785 2.5537055 89.175133 0 0 0 0
-30.41634 3.4451182 2.5829649 18.505453 0 0 0 0
-16.859207 3.3172994 2.5111642 89.29438 0 0 0 0
-30.423279 3.7212615 2.5330341 18.330513 0 0 0 0
-16.853489 3.7896023 2.5356822 67.773109 0 0 0 0
-30.440845 4.0289421 2.6187496 19.802572 0 0 0 0
-16.842945 3.9112189 2.5597699 75.75 0 0 0 0
-30.412006 4.3007383 2.57198 15.953776 0 0 0 0
-16.875004 4.2690191 2.6161644 79.849159 0 0 0 0
-30.415005 4.6066628 2.6554134 18.137695 0 0 0 0
-30.163761 4.6128302 2.6986513 21 0 0 0 0
-16.896379 4.7337403 2.5827389 60.263618 0 0 0 0
-30.379719 4.8451548 2.6067052 18.125 0 0 0 0
-30.138863 4.897912 2.5845525 16.875 0 0 0 0
-29.918653 5.0138669 2.4909508 23.536377 0 0 0 0
-16.894156 4.8248844 2.4919133 46.624008 0 0 0 0
-29.912994 5.1871977 2.5464191 18.765625 0 0 0 0
-16.880856 5.2660918 2.5505061 47.799007 0 0 0 0
-16.773911 5.221662 2.6166997 41.833336 0 0 0 0
-16.296446 5.32864 2.6022911 9.9375 0 0 0 0
-16.072941 5.3267546 2.6343126 13.367188 0 0 0 0
-15.767551 5.3761349 2.6209774 11.65332 0 0 0 0
-15.524321 5.3193569 2.6109917 11.1875 0 0 0 0
-15.09306 5.3549504 2.5681708 9.461792 0 0 0 0
-14.853315 5.3240499 2.6454129 12.453613 0 0 0 0
-14.494511 5.3178406 2.6121838 13.203125 0 0 0 0
-14.245087 5.3316841 2.500648 8.0075788 0 0 0 0
-13.933338 5.3314862 2.6147335 15.460052 0 0 0 0
-13.719597 5.3017411 2.495461 13.59375 0 0 0 0
-13.386129 5.3789463 2.5779166 28.95223 0 0 0 0
-7.387475 5.3792272 2.5217543 1.0020142 0 0 0 0
-29.936079 5.683917 2.4389663 14 0 0 0 0
-16.913645 5.6308517 2.5957761 32 0 0 0 0
-16.604273 5.5950656 2.620374 7 0 0 0 0
-16.261793 5.4686246 2.5848639 6 0 0 0 0
-16.162663 5.5150776 2.5357027 3.4375 0 0 0 0
-15.742964 5.4651203 2.5823293 7.7265625 0 0 0 0
-15.49989 5.5732574 2.5767958 5 0 0 0 0
-15.212083 5.5090675 2.5795527 5.578125 0 0 0 0
-14.951855 5.4733191 2.5644007 7.25 0 0 0 0
-13.324274 5.4500246 2.4393477 35.902977 0 0 0 0
-7.3544631 5.572371 2.5885792 3.5642235 0 0 0 0
0.066924974 5.4124727 2.5408912 32.668236 0 0 0 0
0.43712911 5.4191833 2.5661316 36.973888 0 0 0 0
0.67079318 5.5626884 2.5935347 72.372482 0 0 0 0
-16.903849 5.8153052 2.4626489 36.543148 0 0 0 0
-16.624254 5.8727026 2.5601826 8.5 0 0 0 0
-16.393877 5.8830099 2.6276376 4.125 0 0 0 0
-16.110777 5.8167467 2.5941143 3.875 0 0 0 0
-15.659828 5.7418909 2.5968294 4 0 0 0 0
-15.374299 5.7291059 2.5790019 1 0 0 0 0
-13.307702 5.7602043 2.598032 39.738079 0 0 0 0
-16.939423 6.1906767 2.5520315 5.4650269 0 0 0 0
-16.693069 6.1978412 2.6035714 4.6875 0 0 0 0
-16.341558 6.0200691 2.6049895 5.75 0 0 0 0
-16.01685 6.013577 2.6387687 6 0 0 0 0
-13.851429 6.2476854 2.6471045 6.5 0 0 0 0
-13.630028 6.2523737 2.6782079 11.6875 0 0 0 0
-13.390732 6.0369439 2.4899769 12.25 0 0 0 0
-14.40494 6.592536 2.5584815 10 0 0 0 0
-14.187135 6.5050282 2.5726581 12.5 0 0 0 0
-13.888546 6.4957747 2.5971503 11.583618 0 0 0 0
-13.66255 6.3388443 2.647635 20.83374 0 0 0 0
-15.068749 6.8626261 2.5264368 7 0 0 0 0
-14.807041 6.6631756 2.6099126 10.5 0 0 0 0
-14.497133 6.7286882 2.5771799 12.65625 0 0 0 0
-14.27391 6.6697264 2.5871336 13.15625 0 0 0 0
-13.872399 6.786974 2.6243367 11.452189 0 0 0 0
-13.730414 6.7662525 2.6514971 11.734945 0 0 0 0
-15.391588 6.9694114 2.5618007 6 0 0 0 0
-15.121964 6.9634423 2.5753293 9.0319004 0 0 0 0
-14.835865 7.0333271 2.566853 8.796875 0 0 0 0
-14.587856 7.0190649 2.5717096 8.8701172 0 0 0 0
-14.317093 7.1516685 2.5701408 10.15625 0 0 0 0
-13.951423 7.0940838 2.5918117 19.28125 0 0 0 0
-13.73251 7.1328001 2.5829682 23.28125 0 0 0 0
-16.243765 7.4609957 2.6038694 11 0 0 0 0
-16.030121 7.3994617 2.5881543 8.515625 0 0 0 0
-15.720661 7.3601499 2.5682421 9.71875 0 0 0 0
-15.507801 7.4017906 2.5963435 10.126627 0 0 0 0
-15.139235 7.4590883 2.5723033 12.339844 0 0 0 0
-14.878525 7.3022318 2.5749383 11.21875 0 0 0 0
-14.524839 7.4368677 2.566534 12.289062 0 0 0 0
-14.280876 7.3217697 2.5790162 16.431641 0 0 0 0
-13.829389 7.2684727 2.591531 22.858969 0 0 0 0
-13.748884 7.3269553 2.6206465 17.428772 0 0 0 0
-16.964901 7.6569157 2.4711938 4.375 0 0 0 0
-16.605156 7.7674456 2.5529079 9.7890625 0 0 0 0
-16.368179 7.6627655 2.5556703 8.9375 0 0 0 0
-16.091427 7.5340662 2.5775931 10.25 0 0 0 0
-15.715014 7.6708441 2.5683651 11.71875 0 0 0 0
-15.465591 7.5592566 2.5591364 11.375 0 0 0 0
-15.153817 7.6695714 2.5818834 13.188477 0 0 0 0
-14.863821 7.6848536 2.5566764 12.3125 0 0 0 0
-14.618572 7.7034979 2.5857506 17.735107 0 0 0 0
-14.330434 7.7214708 2.5570614 17.78125 0 0 0 0
-13.834269 7.7118998 2.6126788 16.228189 0 0 0 0
-13.726801 7.67663 2.5764074 23.847656 0 0 0 0
-16.922913 7.9502549 2.5043163 6.1265564 0 0 0 0
-16.736744 7.9560337 2.574981 13.21875 0 0 0 0
-16.331108 7.9821296 2.5563865 12.125 0 0 0 0
-16.107811 7.9073882 2.5707378 12.268555 0 0 0 0
-15.639011 8.0332623 2.5515623 12.421875 0 0 0 0
-15.408338 7.9018965 2.5746989 18.8125 0 0 0 0
-15.230311 7.930357 2.5696807 12.75 0 0 0 0
-14.882595 8.0197716 2.5584579 15.210938 0 0 0 0
-14.546682 7.9678102 2.5780342 16.21875 0 0 0 0
-14.222466 7.9866405 2.5647426 17.96875 0 0 0 0
-13.865136 7.9788337 2.5850754 19.761963 0 0 0 0
-13.681713 7.9842167 2.5832403 26.554688 0 0 0 0
-16.911774 8.2384682 2.5229704 11.541016 0 0 0 0
-16.705935 8.1923237 2.5611024 11.958333 0 0 0 0
-16.301754 8.2497663 2.5380964 11.234375 0 0 0 0
-16.034588 8.3219433 2.5442762 12.375 0 0 0 0
-15.82021 8.2380819 2.5722742 11.8125 0 0 0 0
-15.509036 8.1851807 2.5523715 15.460938 0 0 0 0
-15.097258 8.1960812 2.5616901 12.25 0 0 0 0
-14.852896 8.1767616 2.5589967 15.806641 0 0 0 0
-14.571388 8.3231277 2.559114 14.371094 0 0 0 0
-14.333805 8.1523905 2.5653362 14.835938 0 0 0 0
-13.851219 8.2093754 2.5919573 15.850586 0 0 0 0
-13.698685 8.211771 2.5912209 24.598091 0 0 0 0
-7.5401182 8.2371712 2.5598254 10.453723 0 0 0 0
-7.3788939 8.2357893 2.4887786 20.654675 0 0 0 0
-6.9533062 8.2428942 2.5665174 23.376358 0 0 0 0
-6.8395472 8.2405586 2.5291188 23.58292 0 0 0 0
-6.3890324 8.248888 2.5918565 24.803988 0 0 0 0
-6.2329912 8.25243 2.5890622 23.577507 0 0 0 0
-5.8191938 8.2585478 2.5922737 22.917248 0 0 0 0
-5.5320673 8.2504749 2.4469886 22.25 0 0 0 0
-5.2241197 8.2641859 2.5763459 23.315323 0 0 0 0
-4.9974613 8.3675756 2.6239104 9.7781248 0 0 0 0
-16.944229 8.4559956 2.4520831 5.3170853 0 0 0 0
-16.646217 8.5966129 2.56598 12 0 0 0 0
-16.424282 8.58922 2.5658526 10.476562 0 0 0 0
-15.962641 8.6303997 2.5628467 12.125 0 0 0 0
-15.845873 8.4660473 2.5674758 12.601562 0 0 0 0
-15.38389 8.5129147 2.52157 11.539062 0 0 0 0
-15.222934 8.6373425 2.5676584 13.386719 0 0 0 0
-14.795757 8.5962267 2.5441422 13.558228 0 0 0 0
-14.587049 8.614254 2.5667548 13.5 0 0 0 0
-14.347897 8.6002464 2.5555561 15.125 0 0 0 0
-14.008656 8.536026 2.5516419 12.516805 0 0 0 0
-13.686533 8.614439 2.5917635 13.332764 0 0 0 0
-4.9812136 8.4894924 2.6576955 6.0806804 0 0 0 0
-16.908249 8.7831545 2.5318422 7.7119141 0 0 0 0
-16.736923 8.7547302 2.5521343 14.351562 0 0 0 0
-16.389881 8.8329287 2.5304172 11.75 0 0 0 0
-15.958912 8.8969917 2.5767655 12.703125 0 0 0 0
-15.757334 8.8178673 2.5390086 13.875 0 0 0 0
-15.358803 8.8091516 2.5655286 15.6875 0 0 0 0
-15.120562 8.7814312 2.5472727 15.28125 0 0 0 0
-14.893799 8.8161945 2.5434124 13.265625 0 0 0 0
-14.529453 8.8298283 2.5585213 12.34375 0 0 0 0
-14.307304 8.8078804 2.5649436 12.328125 0 0 0 0
-13.89724 8.8245497 2.5896673 9.3125 0 0 0 0
-13.731237 8.8861055 2.5986509 9.2016602 0 0 0 0
-4.9910436 8.788456 2.4670949 4.3616333 0 0 0 0
-16.918863 9.1927671 2.5106626 11.230469 0 0 0 0
-16.693268 9.0801907 2.569262 12.074544 0 0 0 0
-16.415831 9.2262897 2.5374255 13 0 0 0 0
-16.069675 9.1532393 2.5443084 12.957031 0 0 0 0
-15.701933 9.178977 2.5494041 12.578125 0 0 0 0
-15.352117 9.1264 2.5556328 13.640625 0 0 0 0
-15.107367 9.154707 2.5554068 10.671875 0 0 0 0
-14.883639 9.0983887 2.5485611 11.9375 0 0 0 0
-14.501072 9.0797348 2.5520051 10.375 0 0 0 0
-14.295851 9.09373 2.5556281 10.3125 0 0 0 0
-13.964756 9.0704412 2.5567904 9.125 0 0 0 0
-13.694372 9.0150423 2.5984139 5.46875 0 0 0 0
-4.9950905 9.1327019 2.5724654 4.6352444 0 0 0 0
-16.888855 9.373518 2.4884768 5.921875 0 0 0 0
-16.742077 9.3881435 2.5381768 10.75 0 0 0 0
-16.356709 9.4692526 2.5495081 13.4375 0 0 0 0
-16.047848 9.4971724 2.5567975 13.25 0 0 0 0
-15.812971 9.3904133 2.5620341 13.195312 0 0 0 0
-15.431721 9.3983974 2.5523791 11.5 0 0 0 0
-15.167325 9.4843493 2.5480866 11.984375 0 0 0 0
-14.785559 9.5100355 2.5594535 7.0625 0 0 0 0
-14.569085 9.4215736 2.5330329 7.4140625 0 0 0 0
-14.092068 9.4756889 2.5872419 3 0 0 0 0
-4.9956074 9.3636284 2.5714312 4.6476607 0 0 0 0
-17.170321 9.8174009 2.4492781 4.4375 0 0 0 0
-16.953775 9.7573128 2.5174131 13.816406 0 0 0 0
-16.590206 9.7369518 2.5455439 15.375 0 0 0 0
-16.339952 9.7856236 2.5452037 13.53125 0 0 0 0
-16.025162 9.7425747 2.5516315 11.578125 0 0 0 0
-15.714294 9.6450157 2.5481229 11.5 0 0 0 0
-15.49969 9.6658821 2.524183 8.635417 0 0 0 0
-15.123674 9.6982746 2.5341203 7.9375 0 0 0 0
-14.665713 9.6273489 2.520659 3 0 0 0 0
-5.0022526 9.6782246 2.4529247 4.4550834 0 0 0 0
-17.142071 10.070086 2.4494653 10.375 0 0 0 0
-17.023796 10.083992 2.5507998 14.056641 0 0 0 0
-16.767378 10.135531 2.5300345 14 0 0 0 0
-16.299248 10.073589 2.5648363 13.0625 0 0 0 0
-15.997232 10.083802 2.545537 10 0 0 0 0
-15.728062 10.104338 2.5360141 10.5 0 0 0 0
-15.537115 10.035488 2.5699162 8.625 0 0 0 0
-10.410534 10.130737 2.675045 19.358074 0 0 0 0
-5.0029287 10.126175 2.5314999 5.2596025 0 0 0 0
-17.142168 10.27035 2.4371576 11.84375 0 0 0 0
-16.911629 10.367495 2.548234 14.046875 0 0 0 0
-16.672012 10.312132 2.5381672 14.875 0 0 0 0
-16.351177 10.255672 2.5331118 11.953125 0 0 0 0
-16.12302 10.435426 2.5528209 8.421875 0 0 0 0
-15.851274 10.220886 2.566792 10.5 0 0 0 0
-10.519627 10.223513 2.6268678 5 0 0 0 0
-10.36228 10.436082 2.5894821 15.042482 0 0 0 0
-5.0012159 10.291107 2.5274553 4.225564 0 0 0 0
-17.127739 10.690572 2.4556565 13.25 0 0 0 0
-17.018568 10.597336 2.5504525 12.351562 0 0 0 0
-16.594616 10.609142 2.5385752 11.375 0 0 0 0
-16.355654 10.557055 2.5187783 11 0 0 0 0
-10.573839 10.502175 2.4694424 2 0 0 0 0
-10.310184 10.644442 2.5434825 9.6945162 0 0 0 0
-10.197465 10.56494 2.6642823 13 0 0 0 0
-4.9677587 10.597418 2.6225572 1.6776247 0 0 0 0
-17.147633 10.945396 2.4209599 5.0625 0 0 0 0
-16.901237 10.84336 2.5335743 14 0 0 0 0
-16.678263 10.895886 2.4906988 5 0 0 0 0
-10.275702 10.904301 2.5118058 26.14632 0 0 0 0
-17.188852 11.155413 2.4456897 6 0 0 0 0
-13.675571 11.329414 2.6541755 4.8125 0 0 0 0
-13.884533 11.554713 2.5605836 4 0 0 0 0
-13.735476 11.465602 2.6003184 6.0055962 0 0 0 0
-14.42301 11.962389 2.5603576 5 0 0 0 0
-14.202253 11.842569 2.4995079 7.125 0 0 0 0
-13.845158 11.820343 2.5320096 9.375 0 0 0 0
-13.732459 11.789832 2.5601635 11.762274 0 0 0 0
-14.547129 12.133583 2.5003314 3.125 0 0 0 0
-14.295933 12.095919 2.4971523 7.625 0 0 0 0
-13.968258 12.123848 2.502537 13.125 0 0 0 0
-13.601231 12.12755 2.58918 6 0 0 0 0
-14.713994 12.541461 2.5357175 8 0 0 0 0
-14.569693 12.460066 2.5208681 10.4375 0 0 0 0
-14.257292 12.449134 2.5119929 12.5 0 0 0 0
-13.990293 12.453867 2.5578151 5.5 0 0 0 0
-13.745985 12.370991 2.5802994 10.5 0 0 0 0
-15.44332 12.86091 2.5162096 6.25 0 0 0 0
-15.188976 12.685184 2.5052471 5.6875 0 0 0 0
-14.925516 12.701454 2.5217214 6.8125 0 0 0 0
-14.651537 12.730759 2.5013494 9 0 0 0 0
-14.303517 12.682761 2.5112083 4.625 0 0 0 0
-13.837247 12.808363 2.5041933 18.078125 0 0 0 0
-13.730782 12.793922 2.5300875 32.227264 0 0 0 0
-12.952869 12.822823 2.4123161 2.5 0 0 0 0
-15.660263 13.025588 2.5120535 4 0 0 0 0
-15.428894 12.989555 2.4803307 5.875 0 0 0 0
-15.080704 13.127039 2.472542 7.953125 0 0 0 0
-14.78363 12.970161 2.4656425 4.5 0 0 0 0
-14.297035 13.143156 2.4861288 18.5 0 0 0 0
-13.855782 12.972933 2.4723835 25.34375 0 0 0 0
-13.67396 13.107021 2.5586638 50.351562 0 0 0 0
-12.986083 13.030883 2.4541373 2.875 0 0 0 0
-12.879529 13.077021 2.4051833 6.25 0 0 0 0
-15.655527 13.381405 2.495307 4.890625 0 0 0 0
-15.565741 13.268995 2.4504161 5.25 0 0 0 0
-15.090326 13.31859 2.4955244 7.125 0 0 0 0
-14.938423 13.225277 2.5309243 5 0 0 0 0
-14.576896 13.305758 2.5312433 6.90625 0 0 0 0
-14.31849 13.37492 2.4526644 16.324219 0 0 0 0
-13.90029 13.358011 2.4350696 21.478516 0 0 0 0
-13.66397 13.290367 2.5484245 37.329124 0 0 0 0
-13.411867 13.488005 2.621912 30.333332 0 0 0 0
-12.971363 13.356333 2.4794664 14.8125 0 0 0 0
-12.8685 13.362574 2.5216904 11.0625 0 0 0 0
-16.490944 13.7571 2.4466412 5 0 0 0 0
-16.001585 13.701263 2.4617012 3.5 0 0 0 0
-15.690678 13.623169 2.514545 4.25 0 0 0 0
-15.411133 13.517053 2.4405086 5 0 0 0 0
-14.987431 13.668057 2.5293207 4 0 0 0 0
-14.349452 13.569257 2.4938183 12.5625 0 0 0 0
-13.316427 13.651728 2.4924474 21.164307 0 0 0 0
-13.069194 13.635508 2.4605346 19.375 0 0 0 0
-12.873825 13.607323 2.4362829 7.2951393 0 0 0 0
8.0199308 13.604439 2.6400068 2.0625 0 0 0 0
8.1660461 13.598082 2.693172 2.6224976 0 0 0 0
-16.559839 14.08403 2.4672689 4 0 0 0 0
-16.358763 13.934139 2.4946308 5.375 0 0 0 0
-16.106617 13.938044 2.5000486 6.75 0 0 0 0
-15.793497 13.846221 2.5224955 4 0 0 0 0
-12.971203 13.928391 2.4001629 2 0 0 0 0
-12.866922 13.872932 2.454896 3 0 0 0 0
-16.891987 14.278368 2.4761138 4 0 0 0 0
-16.449661 14.250667 2.488759 10 0 0 0 0
-16.048557 14.124222 2.501564 4 0 0 0 0
-15.709872 14.331861 2.5248137 11.5 0 0 0 0
-15.436365 14.288582 2.4898849 9.875 0 0 0 0
-15.192334 14.162712 2.4993012 16 0 0 0 0
-13.392155 14.236201 2.602221 44.15625 0 0 0 0
-16.60815 14.453421 2.4864244 6 0 0 0 0
-15.758327 14.518099 2.4688056 18 0 0 0 0
-15.591244 14.459727 2.483696 19 0 0 0 0
-13.609218 14.628388 2.5381932 18 0 0 0 0
-15.991769 14.713943 2.4911799 10 0 0 0 0
-13.646493 14.777571 2.568892 18.5 0 0 0 0
-13.730355 29.347252 2.4518049 27 0 0 0 0
-13.601158 29.584448 2.5747256 34.5 0 0 0 0
-1.6034982 29.561333 2.4699025 6.75 0 0 0 0
-1.3721639 29.583961 2.4603205 5 0 0 0 0
-2.2313995 29.976528 2.5677023 12.828125 0 0 0 0
-1.9442208 29.92976 2.5292706 11.666666 0 0 0 0
-13.438214 30.213125 2.6046026 14 0 0 0 0
-2.4146819 30.041599 2.5233183 8 0 0 0 0
-2.3169122 30.067835 2.5511694 9.75 0 0 0 0
-1.7906786 30.008213 2.6968849 0 0 0 0 0
-13.31531 30.360182 2.5303271 11.333333 0 0 0 0
-4.6545277 31.447323 2.6930077 7.5 0 0 0 0
-13.638595 31.583075 2.578547 27.5 0 0 0 0
-4.2610269 31.513371 2.611665 5 0 0 0 0
-2.8688049 31.618826 2.6813128 9 0 0 0 0
-4.0378447 32.003819 2.6937382 14 0 0 0 0
-3.6977975 32.053722 2.589541 8.0625 0 0 0 0
-3.4741635 32.024002 2.6091866 10.5 0 0 0 0
-3.0393882 31.858829 2.6515739 13 0 0 0 0
-2.9221046 31.810558 2.5898807 10.5 0 0 0 0
-13.705634 32.169926 2.4072847 32 0 0 0 0
-4.7300119 32.371964 2.4998593 6.5 0 0 0 0
-4.3585491 32.236008 2.5807652 17.375 0 0 0 0
-4.0712156 32.227997 2.6519923 10.09375 0 0 0 0
-13.745659 32.451786 2.5719008 30 0 0 0 0
-2.4652815 32.906433 2.4008422 9 0 0 0 0
-0.95202804 32.934593 2.427737 8 0 0 0 0
-0.72292221 32.776089 2.4320602 10.5 0 0 0 0
-13.736954 33.046818 2.5633078 31 0 0 0 0
-4.2500992 33.123596 2.6859303 8 0 0 0 0
-4.0488815 33.226009 2.6465631 11.125 0 0 0 0
-3.7472177 33.135773 2.620486 8.75 0 0 0 0
-3.3220067 33.182034 2.6438246 14 0 0 0 0
-3.0691147 33.24567 2.5977116 11 0 0 0 0
-2.8874002 33.283272 2.5475183 9 0 0 0 0
-2.5851519 33.256676 2.4290731 9 0 0 0 0
-13.682162 33.401115 2.6642008 34.5 0 0 0 0
-3.8003898 33.334332 2.6228037 11 0 0 0 0
-3.2644873 33.470398 2.4970551 11.40625 0 0 0 0
-1.0933895 33.48307 2.5826795 9 0 0 0 0
-5.9687209 33.684185 2.6968668 11 0 0 0 0
-5.2296948 33.803471 2.5339954 10 0 0 0 0
-4.97155 33.825638 2.5744443 12 0 0 0 0
-4.0845218 33.876328 2.6278791 11.5 0 0 0 0
-3.7649145 33.882862 2.5223064 14 0 0 0 0
-3.4040673 33.763947 2.5304019 13.5 0 0 0 0
-3.2136288 33.741886 2.5363259 15.5 0 0 0 0
-2.269866 33.83844 2.407367 8 0 0 0 0
-1.0359149 33.644695 2.5795207 8 0 0 0 0
-13.659485 34.011604 2.5951138 31.5 0 0 0 0
-4.9941769 34.026466 2.4750051 14.75 0 0 0 0
-4.6882553 34.079437 2.4875255 15.164062 0 0 0 0
-4.2562938 34.038704 2.5766711 12.25 0 0 0 0
-4.1211977 34.003471 2.5088758 15.5 0 0 0 0
-3.7140141 33.95266 2.5236664 17.25 0 0 0 0
-3.541357 33.969124 2.5396276 17.3125 0 0 0 0
-3.4569664 34.45591 2.4204247 15 0 0 0 0
-13.72482 34.503796 2.5723877 26 0 0 0 0
-3.8556221 34.619926 2.4601724 9 0 0 0 0
-3.4772978 34.588669 2.4483392 14.5 0 0 0 0
-3.2538481 34.676781 2.4130306 12 0 0 0 0
-13.710047 34.867989 2.5090542 33.5 0 0 0 0
-2.4346478 34.965363 2.6741931 9 0 0 0 0
-2.5967464 35.244495 2.4701977 5 0 0 0 0
-2.3016436 35.565357 2.4350584 13 0 0 0 0
-16.638248 -6.1379361 2.9715207 9 0 0 0 0
-16.270845 -6.1133938 2.9017196 7.7089844 0 0 0 0
-16.170141 -6.1276283 2.9182472 11.077271 0 0 0 0
-15.814789 -6.1304903 2.7728186 8.8747559 0 0 0 0
-15.466957 -6.1243615 2.83604 9.6082363 0 0 0 0
-15.211437 -6.1365218 2.9358768 10.006231 0 0 0 0
-14.900797 -6.1133289 2.8878202 11.210938 0 0 0 0
-14.668877 -6.1210113 2.8467145 9.625 0 0 0 0
-13.270952 -6.0468054 2.8777204 28.318552 0 0 0 0
-13.080524 -6.1301689 2.809761 13.661051 0 0 0 0
-12.766384 -6.1142926 2.8136024 11.411865 0 0 0 0
-12.388325 -6.1033888 2.9279351 10.575567 0 0 0 0
-12.257856 -6.1152577 2.9186716 10.808024 0 0 0 0
-11.769844 -6.1091785 2.7573576 14.117804 0 0 0 0
-11.669558 -6.1130238 2.8034577 14.225992 0 0 0 0
-11.282238 -6.0978661 2.8822584 14.234456 0 0 0 0
-10.99989 -6.0980196 2.8068337 15.6875 0 0 0 0
-10.553036 -6.0957489 2.8546016 13.042303 0 0 0 0
-10.389504 -6.0913067 2.8223393 12.53125 0 0 0 0
-10.077051 -6.1076775 2.8895235 7.0197916 0 0 0 0
-9.8424339 -6.1047068 2.7240107 6.4333334 0 0 0 0
-9.4674501 -6.1156292 2.8781886 2.9899921 0 0 0 0
-9.0906563 -6.1417036 2.8678825 1 0 0 0 0
-8.8336258 -6.1227493 2.7403483 1.0039062 0 0 0 0
-8.4909477 -6.1066198 2.9458847 1 0 0 0 0
-8.3250523 -6.0978842 2.9095442 1 0 0 0 0
-7.2439489 -6.0836892 2.9166846 12.998964 0 0 0 0
-13.508873 -5.7808504 2.8659079 16.525 0 0 0 0
-13.410566 -5.8151445 2.8758092 23.596634 0 0 0 0
-7.531992 -5.7341723 2.795537 2.2805538 0 0 0 0
-7.3934994 -5.7637286 2.8417418 7.1055703 0 0 0 0
-13.390724 -2.7183731 2.8179941 6.526042 0 0 0 0
-7.4323711 -2.7160461 2.7344699 2 0 0 0 0
-16.687981 -2.4799738 2.7423553 17 0 0 0 0
-13.364803 -2.662317 2.9111016 13.991045 0 0 0 0
-7.3520441 -2.6103678 2.7751565 17.84314 0 0 0 0
-16.829033 -2.1761575 2.8256214 49.263023 0 0 0 0
-16.620674 -2.2155805 2.8231373 19.041666 0 0 0 0
-16.361044 -2.1902642 2.8119731 16.25 0 0 0 0
-15.953732 -2.1645985 2.8070407 8.9648438 0 0 0 0
-15.769325 -2.1743662 2.7998495 13.847656 0 0 0 0
-15.547742 -2.1500232 2.8672891 11 0 0 0 0
-15.238832 -2.1564684 2.8241854 10.765625 0 0 0 0
-14.958173 -2.1390705 2.8268483 14.119792 0 0 0 0
-14.50279 -2.1715012 2.8019114 11.51709 0 0 0 0
-14.286209 -2.1551061 2.8169551 19.08073 0 0 0 0
-13.995716 -2.1563873 2.9055467 14.660156 0 0 0 0
-13.508335 -2.1307364 2.8471487 14 0 0 0 0
-13.339088 -2.2796168 2.8441238 29.567352 0 0 0 0
-7.5342903 -2.1114373 2.7756319 15.375697 0 0 0 0
-7.4584827 -2.1389599 2.7876062 22.018055 0 0 0 0
-16.857517 -2.0533216 2.8241613 64.786461 0 0 0 0
-15.9906 -2.0966041 2.859159 3 0 0 0 0
-15.876399 -2.0805571 2.9833002 5 0 0 0 0
-14.565111 -2.085927 2.8166583 7 0 0 0 0
-7.5552292 -2.0831852 2.7510359 14.256832 0 0 0 0
-7.4936142 -2.0950425 2.7780409 16 0 0 0 0
0.3660931 -2.0663342 2.7896142 17.232386 0 0 0 0
-30.353306 -1.5695491 2.7916417 19.75 0 0 0 0
-30.21484 -1.5801046 2.8463881 17 0 0 0 0
-16.858318 -1.7315055 2.8932042 58.52874 0 0 0 0
-30.348932 -1.357608 2.7486048 18.75 0 0 0 0
-30.127354 -1.4131193 2.8222597 18.4375 0 0 0 0
-29.915276 -1.306414 2.9582934 14 0 0 0 0
-16.863668 -1.2172828 2.8217549 57.882252 0 0 0 0
-30.351522 -1.0706871 2.7854464 18.107422 0 0 0 0
-30.13896 -0.93594146 2.8139501 14.875 0 0 0 0
-29.955648 -1.0112813 2.8829446 16 0 0 0 0
-16.859528 -1.1223527 2.8348091 63.581543 0 0 0 0
-30.394276 -0.74584556 2.7279987 19.875 0 0 0 0
-30.102879 -0.84199005 2.8090334 17.75 0 0 0 0
-29.909836 -0.73602343 2.9383469 15.25 0 0 0 0
-16.82584 -0.70228833 2.7782903 81.89003 0 0 0 0
-30.362141 -0.47085124 2.7769475 18.996094 0 0 0 0
-30.165014 -0.38734302 2.8189402 18.53125 0 0 0 0
-29.921791 -0.36070573 2.89345 17 0 0 0 0
-30.359665 -0.0789821 2.7502654 21.25 0 0 0 0
-30.156029 -0.24123681 2.8287296 16.5 0 0 0 0
-29.904713 -0.16186449 2.9648638 11.5 0 0 0 0
-16.828753 -0.22034676 2.8222339 83.541664 0 0 0 0
-16.786634 -0.21828361 2.7654891 65 0 0 0 0
-30.36438 0.14854342 2.7413149 21.171387 0 0 0 0
-30.133369 0.21139634 2.8334556 16.90625 0 0 0 0
-29.964647 0.26458088 2.8916528 12 0 0 0 0
-16.839077 0.28238046 2.9167309 87.57135 0 0 0 0
-30.355011 0.50689518 2.7638073 20.5 0 0 0 0
-30.136089 0.49352074 2.8496304 20.25 0 0 0 0
-29.917877 0.3759281 2.9545841 12.15625 0 0 0 0
-16.833479 0.31468731 2.7776406 80.872391 0 0 0 0
-16.794432 0.4002111 2.7525203 62.5 0 0 0 0
-30.379936 0.6695869 2.7492235 16.904297 0 0 0 0
-30.104628 0.80428618 2.8068459 18.75 0 0 0 0
-29.943398 0.76700068 2.937223 11.609375 0 0 0 0
-16.845371 0.80115777 2.8232305 88.369858 0 0 0 0
-30.380058 1.1311033 2.7448955 20.5625 0 0 0 0
-30.059082 1.050467 2.841116 14 0 0 0 0
-29.91885 0.97534919 2.9315212 13.46875 0 0 0 0
-16.842609 1.0984595 2.8637974 78.75 0 0 0 0
-30.341156 1.3371902 2.7535458 21.296875 0 0 0 0
-30.123699 1.3704796 2.8267753 18.8125 0 0 0 0
-29.937157 1.3126369 2.9496224 13.6875 0 0 0 0
-16.848228 1.3094501 2.8442888 76.300125 0 0 0 0
-30.386017 1.6363283 2.7413707 16.625 0 0 0 0
-30.152018 1.6749454 2.7897582 19.25 0 0 0 0
-29.925514 1.7162817 2.9544477 12.808594 0 0 0 0
-16.849579 1.7596661 2.9444411 101.14433 0 0 0 0
-30.357483 1.9306031 2.7512026 15.4375 0 0 0 0
-30.116901 1.9544873 2.8084211 17.546875 0 0 0 0
-29.939358 1.9064015 2.9267511 14.8125 0 0 0 0
-16.853121 1.8164384 2.8722062 90.958984 0 0 0 0
-30.387522 2.2005703 2.7578058 16.0625 0 0 0 0
-30.188156 2.3031785 2.7965612 14.75 0 0 0 0
-29.90571 2.276248 2.9656305 9.9492188 0 0 0 0
-16.857841 2.3056118 2.9372745 98.64296 0 0 0 0
-30.348162 2.4865305 2.7470534 16 0 0 0 0
-30.207869 2.5790639 2.7927265 16.3125 0 0 0 0
-29.928276 2.5310571 2.8923507 12.828125 0 0 0 0
-16.86274 2.5255382 2.8929424 102 0 0 0 0
-30.387108 2.8056817 2.7605872 19.9375 0 0 0 0
-30.112474 2.9380608 2.8141997 18.875 0 0 0 0
-29.949736 2.8171887 2.9620969 12.9375 0 0 0 0
-16.854496 2.8293939 2.9256611 97.12751 0 0 0 0
-30.376328 3.242379 2.7194037 17.625 0 0 0 0
-30.104042 3.1621575 2.8309498 16.609375 0 0 0 0
-29.948736 3.0631235 2.8510401 15.484375 0 0 0 0
-16.848438 3.2138176 2.8179402 87.0625 0 0 0 0
-30.364117 3.3910322 2.7855387 18.25 0 0 0 0
-30.159695 3.4204645 2.7785177 16.625 0 0 0 0
-29.935173 3.4571013 2.9727991 10.855469 0 0 0 0
-16.868 3.3409958 2.8568728 98.903732 0 0 0 0
-30.330109 3.7464075 2.7599597 16.5 0 0 0 0
-30.090637 3.6913626 2.8123305 18.421875 0 0 0 0
-29.944412 3.7170358 2.908864 14.227051 0 0 0 0
-16.875942 3.7916696 2.9434323 99.940628 0 0 0 0
-30.371382 3.9002635 2.7223039 15 0 0 0 0
-30.136539 4.0041776 2.756628 17 0 0 0 0
-29.952911 3.9762735 2.7978225 10.600424 0 0 0 0
-16.868811 4.0812201 2.8474863 104.125 0 0 0 0
-30.356638 4.4174118 2.7201982 18.5 0 0 0 0
-30.145584 4.4000549 2.7808166 16.96875 0 0 0 0
-29.92252 4.298666 2.9177272 12.532715 0 0 0 0
-16.887981 4.3617792 2.8639398 58.672867 0 0 0 0
-30.366463 4.5779076 2.7268732 14 0 0 0 0
-30.115299 4.546216 2.7896318 18.125 0 0 0 0
-29.937172 4.6881695 2.9334631 16.240887 0 0 0 0
-16.892853 4.751801 2.8004637 56.281841 0 0 0 0
-30.155355 4.869122 2.8738279 17 0 0 0 0
-29.927851 4.95438 2.8217061 18.063694 0 0 0 0
-16.892658 4.831696 2.8897104 55.486366 0 0 0 0
-29.928221 5.2577906 2.7872434 12.958334 0 0 0 0
-16.873667 5.2071166 2.8466728 52.058838 0 0 0 0
-16.601065 5.3145466 2.8052917 23.742188 0 0 0 0
-16.364021 5.3379221 2.872695 20.932228 0 0 0 0
-16.044781 5.3150258 2.8836691 22.151773 0 0 0 0
-15.680341 5.3085184 2.7861094 23.368748 0 0 0 0
-15.369957 5.3346753 2.8831563 20.435463 0 0 0 0
-15.14408 5.3159962 2.8858688 22.079788 0 0 0 0
-14.86684 5.3166189 2.8176575 25.744629 0 0 0 0
-14.600596 5.3262711 2.8269594 27.941288 0 0 0 0
-14.293686 5.309392 2.8018885 23.797531 0 0 0 0
-14.028046 5.3287678 2.8519628 21.536556 0 0 0 0
-13.644917 5.3374481 2.8774312 15.5 0 0 0 0
-13.353191 5.3453293 2.7654469 29.686367 0 0 0 0
-7.5170422 5.3929734 2.7123721 1 0 0 0 0
-7.4409857 5.3704171 2.7587547 1 0 0 0 0
-0.088443875 5.3551321 2.9108002 27.333334 0 0 0 0
-29.925436 5.4916401 2.8315921 9.5 0 0 0 0
-13.388084 5.4607124 2.7755783 26.061523 0 0 0 0
-7.5089941 5.4178214 2.9026058 0 0 0 0 0
-7.3521557 5.483139 2.8912919 4.9064455 0 0 0 0
-0.035298459 5.4212513 2.8922319 21.831772 0 0 0 0
0.014856728 5.4134135 2.8877115 34.018753 0 0 0 0
0.36994162 5.4161701 2.7908263 36.062584 0 0 0 0
0.65005267 5.5734377 2.7983739 63.48111 0 0 0 0
-16.873787 5.8453031 2.7239151 3 0 0 0 0
-16.313732 5.9602475 2.7161381 3 0 0 0 0
-13.357758 5.8334327 2.8427043 28.830971 0 0 0 0
-7.2658501 5.7354198 2.9572239 9.7838545 0 0 0 0
-7.1763916 5.7211857 2.9791555 7.5 0 0 0 0
-13.835824 6.2439036 2.7159982 3.5 0 0 0 0
-13.569119 6.2491159 2.9387412 33.251686 0 0 0 0
-13.484823 6.1263003 2.8350682 40.166668 0 0 0 0
-13.823307 6.4029274 2.7026229 6 0 0 0 0
-13.596987 6.3719692 2.8675761 20.312208 0 0 0 0
-13.611328 6.7943954 2.8239017 10.745852 0 0 0 0
-13.486548 6.8741403 2.9495246 30 0 0 0 0
-19.692965 7.1032276 2.9094584 4 0 0 0 0
-13.610836 6.9711924 2.8256001 17.539715 0 0 0 0
-13.595783 7.3575039 2.8379955 26.732571 0 0 0 0
-20.843481 7.6534123 2.9068172 6 0 0 0 0
-13.624636 7.7590494 2.8037057 11.044538 0 0 0 0
-13.489157 7.7170792 2.914968 28.5 0 0 0 0
-13.593271 7.9523907 2.895463 24.111607 0 0 0 0
-13.644224 8.3116741 2.7875929 8.0803795 0 0 0 0
-7.5529461 8.2424583 2.7762413 8.2870741 0 0 0 0
-7.3598452 8.2258596 2.8423672 19.506649 0 0 0 0
-7.1467762 8.2428179 2.96083 19.871861 0 0 0 0
-6.7371206 8.2476635 2.9715209 21.834637 0 0 0 0
-6.5132723 8.2531424 2.7764676 23.713789 0 0 0 0
-6.0558853 8.2545223 2.8926172 25.585985 0 0 0 0
-5.9068065 8.2557335 2.7824664 24.284531 0 0 0 0
-5.4370689 8.2625751 2.8934405 23.16637 0 0 0 0
-5.3662648 8.2663822 2.7882793 24.215679 0 0 0 0
-5.0006485 8.3670149 2.8632145 10.501569 0 0 0 0
-13.649591 8.490243 2.8992834 7.1894226 0 0 0 0
-4.9918585 8.4723721 2.7645726 6.5781898 0 0 0 0
-19.706596 8.8222418 2.8701508 4 0 0 0 0
-13.643567 8.8359051 2.8503771 5.9404559 0 0 0 0
-4.9889164 8.8091202 2.8172157 5.4367175 0 0 0 0
-20.159702 9.292408 2.9444137 8 0 0 0 0
-19.909864 9.2508774 2.8806818 12 0 0 0 0
-13.64855 9.0115376 2.9765882 3 0 0 0 0
-4.9991121 9.2673473 2.7417676 4.2660313 0 0 0 0
-20.784834 9.5143423 2.9011655 9.5 0 0 0 0
-20.202232 9.5534735 2.9192214 8 0 0 0 0
-19.671734 9.393652 2.8818877 5 0 0 0 0
-4.9996347 9.4270716 2.8232024 4.9569497 0 0 0 0
-20.821566 9.6889992 2.8946216 8 0 0 0 0
-20.447029 9.6945734 2.9352608 12 0 0 0 0
-20.297668 9.7403822 2.9264023 10 0 0 0 0
-19.680822 9.6910744 2.8619847 4.5 0 0 0 0
-10.505957 9.7572947 2.8685982 5 0 0 0 0
-10.292318 9.8008242 2.9371524 33.512169 0 0 0 0
-5.0006199 9.8099499 2.89609 4.5709958 0 0 0 0
-20.457596 10.169667 2.8771961 9 0 0 0 0
-20.251053 10.19243 2.9224734 5.5 0 0 0 0
-10.506886 9.9540787 2.7509704 7 0 0 0 0
-10.461115 9.9582729 2.76724 14.533205 0 0 0 0
-5.0073657 10.039538 2.7697589 4.4270835 0 0 0 0
-20.203083 10.463039 2.9085362 11 0 0 0 0
-19.905285 10.315516 2.9231076 6 0 0 0 0
-10.220921 10.325473 2.8780408 35.396996 0 0 0 0
-10.180523 10.329234 2.9434128 37.177086 0 0 0 0
-5.0104489 10.325073 2.8578038 4.0260406 0 0 0 0
-20.440838 10.57939 2.852272 6.5 0 0 0 0
-20.274397 10.661895 2.8399458 8.083333 0 0 0 0
-19.641953 10.646234 2.816859 5.375 0 0 0 0
-10.24539 10.748678 2.8651016 45.865952 0 0 0 0
-10.114393 10.702663 2.9860079 38.958336 0 0 0 0
-4.9856062 10.572098 2.8144584 2.4002686 0 0 0 0
-19.94886 10.973206 2.8906813 11 0 0 0 0
-19.660604 10.931185 2.8816085 7.125 0 0 0 0
-10.255188 10.888336 2.8449833 42.694618 0 0 0 0
-10.115515 10.846554 2.9403243 40.5625 0 0 0 0
-22.230913 11.239661 2.9105804 8 0 0 0 0
-20.976688 11.395335 2.8761117 7 0 0 0 0
-20.608486 11.136492 2.918889 8 0 0 0 0
-20.246738 11.256241 2.8831267 8.75 0 0 0 0
-13.647678 11.317932 2.8522034 4.3476562 0 0 0 0
-13.675585 11.563271 2.8044219 7.0699725 0 0 0 0
8.5757818 11.65006 2.999974 3 0 0 0 0
-22.219902 11.938993 2.835603 5 0 0 0 0
-20.869175 11.704337 2.8186963 4 0 0 0 0
-13.649742 11.827909 2.8351862 11.291933 0 0 0 0
8.6107197 11.890432 2.9926624 5 0 0 0 0
-13.583552 12.102799 2.8587189 4.4832716 0 0 0 0
8.6323214 12.162345 2.991946 4.6875 0 0 0 0
-13.664774 12.53936 2.8352163 12.125 0 0 0 0
8.6524544 12.382599 2.985805 3.3812866 0 0 0 0
-13.659353 12.663412 2.8933306 16.938374 0 0 0 0
8.645895 12.68041 2.9596367 6.5215454 0 0 0 0
-13.645225 12.978895 2.8094814 26.230469 0 0 0 0
8.6417656 12.975305 2.9536517 4.1076713 0 0 0 0
-13.546621 13.311198 2.7896943 33.738636 0 0 0 0
-13.416481 13.450815 2.7576647 44 0 0 0 0
8.6541767 13.271371 2.9368057 4.4990616 0 0 0 0
-13.356237 13.638501 2.7585881 29.041666 0 0 0 0
8.0118656 13.604309 2.769803 2.733541 0 0 0 0
8.3256674 13.581902 2.7770543 5.4739914 0 0 0 0
8.475111 13.56937 2.8560345 6.3612871 0 0 0 0
-13.349495 13.835609 2.715992 17 0 0 0 0
7.7985168 13.855526 2.993103 2 0 0 0 0
-13.421133 14.170304 2.729126 12 0 0 0 0
-13.371384 29.868103 2.7322898 18 0 0 0 0
-13.380195 30.172884 2.7987771 16.25 0 0 0 0
-4.4165349 31.17082 2.7942283 8 0 0 0 0
-2.9959214 31.023474 2.9914877 9 0 0 0 0
-13.685492 31.452045 2.9471877 40 0 0 0 0
-4.8523822 31.452112 2.7991967 8 0 0 0 0
-4.7431331 31.402328 2.8102512 8.78125 0 0 0 0
-4.3399534 31.356768 2.8888927 13.626953 0 0 0 0
-4.0443783 31.46129 2.9364996 15.613281 0 0 0 0
-3.0805194 31.344473 2.9666333 10.5 0 0 0 0
-2.9146323 31.3843 2.9011025 10.734375 0 0 0 0
-2.5868387 31.434866 2.9201436 6.5 0 0 0 0
-13.65324 31.557096 2.8829892 27 0 0 0 0
-3.9883623 31.631145 2.9081931 18.273438 0 0 0 0
-3.8851068 31.790752 2.8642206 15.5 0 0 0 0
-3.4402444 31.781294 2.9364295 15 0 0 0 0
-3.1081901 31.682423 2.879127 9.015625 0 0 0 0
-2.936882 31.646742 2.7944782 12.875 0 0 0 0
-1.6424918 31.69767 2.9062145 13 0 0 0 0
-1.084386 31.744558 2.9878047 8 0 0 0 0
-13.663602 31.89772 2.8840129 23 0 0 0 0
-4.0406365 32.043785 2.7448123 13 0 0 0 0
-3.6531973 31.9226 2.7865491 10.96875 0 0 0 0
-3.3566058 31.91766 2.8746033 12.328125 0 0 0 0
-3.1267247 31.85445 2.8129425 11.6875 0 0 0 0
-2.8783474 31.809635 2.7286105 13.625 0 0 0 0
-2.6958294 31.954855 2.7636728 9 0 0 0 0
-1.7018642 31.906178 2.8119295 8.5 0 0 0 0
-1.3716629 31.867922 2.8875294 4.5 0 0 0 0
-13.691916 32.376984 2.7458899 37 0 0 0 0
-4.6501331 32.343788 2.7471242 8.5 0 0 0 0
-4.3448138 32.258217 2.7782116 10 0 0 0 0
-4.1187572 32.171921 2.7554231 14 0 0 0 0
-3.6962609 32.140785 2.7741921 18 0 0 0 0
-3.5133262 32.181641 2.9262531 17 0 0 0 0
-13.694157 32.440151 2.9665585 35 0 0 0 0
-13.672298 32.788811 2.879606 34.125 0 0 0 0
-6.0714202 32.732708 2.7766857 8 0 0 0 0
-5.9811754 32.826523 2.8155591 11 0 0 0 0
-5.5767083 32.972282 2.9585981 21.75 0 0 0 0
-0.53966904 32.927353 2.9114034 9 0 0 0 0
-13.619152 33.171463 2.8390474 31 0 0 0 0
-5.2865319 33.197468 2.9119673 13 0 0 0 0
-3.9800329 33.164631 2.7614563 9 0 0 0 0
-3.8044381 33.119328 2.7227256 10.5 0 0 0 0
-3.3137343 33.200294 2.7316926 9 0 0 0 0
-13.65239 33.361382 2.8278372 30 0 0 0 0
-5.2314835 33.427231 2.8682864 11 0 0 0 0
-4.9210196 33.434799 2.7884622 9 0 0 0 0
-4.7892084 33.427475 2.787174 12 0 0 0 0
-3.1120005 33.311749 2.7437191 8 0 0 0 0
-13.637852 33.668774 2.8567531 37 0 0 0 0
-6.0413275 33.676804 2.8270583 14.75 0 0 0 0
-5.8776617 33.664318 2.9142599 17.375 0 0 0 0
-2.5989711 33.68433 2.8866196 9 0 0 0 0
-1.0807711 33.871399 2.7774112 8 0 0 0 0
-13.697126 34.028767 2.8505311 33.5 0 0 0 0
-1.2639021 34.030331 2.8952572 10 0 0 0 0
-1.1889596 34.114521 2.7500906 11 0 0 0 0
-13.710083 34.307533 2.7886915 33.5 0 0 0 0
-13.788112 34.655231 2.879894 34 0 0 0 0
-1.0034424 34.568958 2.8305416 7.5 0 0 0 0
-0.77216697 34.616348 2.8883159 7 0 0 0 0
-2.8512158 35.66185 2.8684764 9 0 0 0 0
-7.2831841 -6.3072152 3.2720668 1 0 0 0 0
-6.7819953 -6.329504 3.2557211 4.3333335 0 0 0 0
-6.1529589 -6.3221908 3.2702672 2 0 0 0 0
-5.9414883 -6.3727589 3.2933433 0 0 0 0 0
-5.5483403 -6.3081861 3.2729185 1.5 0 0 0 0
-5.3208127 -6.336319 3.2712302 1 0 0 0 0
-4.7731285 -6.3120537 3.2640369 1 0 0 0 0
-4.2718792 -6.3048086 3.2790356 2.5 0 0 0 0
-3.0649414 -6.3206201 3.2800872 0.5 0 0 0 0
-2.4989052 -6.3036928 3.2780542 0 0 0 0 0
-2.2728333 -6.3147926 3.2852929 1 0 0 0 0
2.7307956 -6.3145008 3.2625666 0.5 0 0 0 0
3.8734281 -6.3134837 3.2400124 0 0 0 0 0
-16.557102 -6.1157794 3.1198874 9.71875 0 0 0 0
-16.413847 -6.1250334 3.1800156 8.8671875 0 0 0 0
-16.026304 -6.1125689 3.184751 8.6236506 0 0 0 0
-15.845681 -6.1271467 3.0827971 10.739197 0 0 0 0
-15.418622 -6.1271167 3.1232734 8.0184736 0 0 0 0
-15.088099 -6.0997496 3.1307316 8.6722212 0 0 0 0
-14.807522 -6.1091051 3.1759603 9.4760437 0 0 0 0
-14.630808 -6.1098762 3.1692529 11 0 0 0 0
-13.232819 -6.0826879 3.0744524 25.5 0 0 0 0
-13.089695 -6.0616951 3.0916872 19.372452 0 0 0 0
-12.675508 -6.0713987 3.1984801 14.257812 0 0 0 0
-12.485231 -6.0847416 3.2349763 15.840115 0 0 0 0
-12.155054 -6.1117764 3.1153793 12.01397 0 0 0 0
-11.871786 -6.1037216 3.1153607 13.532562 0 0 0 0
-11.490434 -6.0533586 3.2259526 19.95546 0 0 0 0
-11.310452 -6.0966487 3.0516591 16.205566 0 0 0 0
-10.880016 -6.0742369 3.109664 15.051844 0 0 0 0
-10.694479 -6.0711422 3.1993957 14.545928 0 0 0 0
-10.254265 -6.0789003 3.101892 9.3665905 0 0 0 0
-10.133846 -6.0955667 3.0802972 7.454566 0 0 0 0
-9.6793594 -6.0621972 3.2145102 3.8691273 0 0 0 0
-9.3430567 -6.0432677 3.2652507 1.8453386 0 0 0 0
-9.1168842 -6.0996046 3.1201668 1.0039064 0 0 0 0
-8.9239693 -6.1101656 3.1169295 1 0 0 0 0
-8.5041265 -6.0578728 3.2408957 1 0 0 0 0
-8.2625666 -6.0586901 3.2349594 1.5 0 0 0 0
-7.2310162 -6.1020508 3.1106434 16.813633 0 0 0 0
-6.9964948 -6.0859823 3.241168 21.114584 0 0 0 0
-6.7658997 -6.2042656 3.2738152 15.772558 0 0 0 0
-6.4027233 -6.2253685 3.265712 11.280828 0 0 0 0
-6.0964823 -6.1862974 3.2738786 17.383778 0 0 0 0
-5.9788694 -6.1147051 3.2759738 21.25 0 0 0 0
-5.6388884 -6.1536498 3.2850163 22.848606 0 0 0 0
-5.3024883 -6.1275005 3.290808 22.78677 0 0 0 0
-5.0012808 -6.1057873 3.2911682 19.713108 0 0 0 0
-4.552012 -6.1364832 3.2840524 16.853874 0 0 0 0
-4.2718263 -6.1590695 3.2839131 15.040413 0 0 0 0
-3.9772701 -6.1186004 3.2878773 19.367682 0 0 0 0
-3.7653584 -6.2109327 3.2748785 13.222203 0 0 0 0
-3.4049153 -6.1952224 3.2793345 11.19095 0 0 0 0
-3.146884 -6.1452627 3.2858777 15.926144 0 0 0 0
-2.7922804 -6.0999193 3.2897286 16.217253 0 0 0 0
-2.6442361 -6.1950445 3.2789037 11.624202 0 0 0 0
-2.2898829 -6.1489935 3.2814298 12.06141 0 0 0 0
-1.969548 -6.1685629 3.2787831 10.83102 0 0 0 0
-1.6143579 -6.1132112 3.284009 11.61494 0 0 0 0
-1.4286485 -6.1796179 3.2721329 9.5316257 0 0 0 0
-0.96305203 -6.1304545 3.2759087 8.9041643 0 0 0 0
-0.77267301 -6.2110815 3.25704 5.0524073 0 0 0 0
-0.47609791 -6.1357708 3.2762566 10.369188 0 0 0 0
-0.23715779 -6.1054511 3.2732167 6.65625 0 0 0 0
1.7642801 -6.0423722 3.2628207 17.5 0 0 0 0
1.9498889 -6.1437111 3.2811651 8.4662514 0 0 0 0
2.3332148 -6.087894 3.2728324 7.3514843 0 0 0 0
2.5643923 -6.1040711 3.2762599 8.842207 0 0 0 0
2.837471 -6.0937829 3.2731044 11.591517 0 0 0 0
3.1761847 -6.0855064 3.2611213 11.382492 0 0 0 0
3.5763917 -6.1288376 3.2804437 14.713812 0 0 0 0
3.8028777 -6.1038046 3.2674322 16.879318 0 0 0 0
4.1636553 -6.0893683 3.263329 16.959328 0 0 0 0
4.3009796 -6.1106796 3.2463989 11.919712 0 0 0 0
4.6295686 -6.1412525 3.2652349 11.326624 0 0 0 0
4.8934603 -6.1431608 3.2610898 1.8615735 0 0 0 0
5.2533836 -6.0870323 3.2701263 0.46385193 0 0 0 0
5.610342 -6.0568962 3.2687392 3.7832572 0 0 0 0
5.9802923 -6.062067 3.2537866 5.7776461 0 0 0 0
6.1351295 -6.1337066 3.2413054 5.2454047 0 0 0 0
6.4127197 -6.1021786 3.2340739 10.115337 0 0 0 0
6.7068844 -6.0898972 3.2233257 10.349085 0 0 0 0
7.0307312 -6.0937257 3.2174325 9.6058846 0 0 0 0
7.3028955 -6.1378241 3.2216172 9.4851751 0 0 0 0
7.6962919 -6.0595341 3.2379913 10.022738 0 0 0 0
7.8843856 -6.1027451 3.1958077 10.553112 0 0 0 0
-13.54505 -5.7310052 3.1911628 16.039062 0 0 0 0
-13.395779 -5.7895689 3.1901355 18.574202 0 0 0 0
-13.119666 -5.7642241 3.2585907 29.964029 0 0 0 0
-12.670259 -5.9069595 3.2641075 17.506945 0 0 0 0
-12.528267 -5.7838192 3.2735994 26.416679 0 0 0 0
-12.061348 -5.8999653 3.2774191 19.658854 0 0 0 0
-11.951609 -5.8402247 3.2743468 24.532684 0 0 0 0
-11.519979 -5.7904577 3.2800331 25.092632 0 0 0 0
-11.279659 -5.793632 3.262886 25.630249 0 0 0 0
-10.858161 -5.8448868 3.2728462 26.526733 0 0 0 0
-10.750015 -5.8667874 3.2745876 21.78125 0 0 0 0
-10.423868 -5.8410358 3.2651315 21.031876 0 0 0 0
-10.109192 -5.794661 3.2700477 13.280388 0 0 0 0
-9.7647552 -5.8042431 3.2826152 10.236408 0 0 0 0
-9.4125195 -5.7795229 3.2831383 5.5032148 0 0 0 0
-9.0963717 -5.7944694 3.2895679 1.9356475 0 0 0 0
-8.6170998 -5.7906456 3.2908263 1 0 0 0 0
-8.2713404 -5.966464 3.275898 1 0 0 0 0
-7.8949075 -5.742466 3.2348447 1.218003 0 0 0 0
-7.6935949 -5.7200265 3.1942263 1.2916667 0 0 0 0
-7.301825 -5.7789326 3.1544507 12.916056 0 0 0 0
-7.1789742 -5.8494577 3.1945715 20.25 0 0 0 0
-6.7744541 -5.7879448 3.2821505 22.751892 0 0 0 0
-6.359848 -5.8012033 3.2907348 27.182255 0 0 0 0
-6.0747986 -5.7915339 3.2878809 24.319782 0 0 0 0
-5.6143723 -5.7820382 3.2807155 25.09338 0 0 0 0
-5.3117986 -5.769618 3.2791882 26.046219 0 0 0 0
-5.0040607 -5.7953119 3.2855239 25.322842 0 0 0 0
-4.5763593 -5.849236 3.2798641 21.259165 0 0 0 0
-4.2780981 -5.7616148 3.2820039 23.633427 0 0 0 0
-3.9410393 -5.7270503 3.2898977 21.259895 0 0 0 0
-3.8333731 -5.774869 3.2817569 18.045715 0 0 0 0
-3.4310865 -5.8098559 3.2838736 18.159586 0 0 0 0
-3.1483068 -5.7602758 3.2749758 18.457298 0 0 0 0
-2.7652364 -5.8069739 3.2817483 16.766647 0 0 0 0
-2.6221676 -5.8584652 3.2873096 15.420759 0 0 0 0
-2.3400142 -5.8176556 3.2768648 15.321794 0 0 0 0
-2.0645046 -5.7554102 3.2868931 14.553671 0 0 0 0
-1.5846587 -5.7227058 3.2727942 12.170612 0 0 0 0
-1.2988298 -5.8011522 3.2819419 11.725725 0 0 0 0
-0.94521898 -5.7477293 3.2727647 10.019198 0 0 0 0
-0.86271894 -5.7718668 3.2651491 13.227095 0 0 0 0
-0.41345593 -5.8064666 3.2902162 14.288979 0 0 0 0
-0.21136519 -5.9448791 3.2658904 18.630665 0 0 0 0
1.6807883 -5.7424526 3.2583265 8.2265625 0 0 0 0
2.0319388 -5.8759632 3.2808242 8.3448477 0 0 0 0
2.2275934 -5.7372437 3.2748456 10.392439 0 0 0 0
2.5678444 -5.7341499 3.2742834 12.308912 0 0 0 0
2.8462796 -5.7928667 3.2698448 13.874758 0 0 0 0
3.0799069 -5.775322 3.270474 14.671286 0 0 0 0
3.5292673 -5.768682 3.2686195 19.160042 0 0 0 0
3.7321525 -5.7757626 3.2658806 17.89625 0 0 0 0
4.1101508 -5.7258611 3.2630913 11.503196 0 0 0 0
4.2711768 -5.7527437 3.2617688 9.6311398 0 0 0 0
4.6191587 -5.8051109 3.2689111 4.5592003 0 0 0 0
4.8536806 -5.7739725 3.2680056 2.7270713 0 0 0 0
5.2993011 -5.8896914 3.2637439 2.1788194 0 0 0 0
5.6331902 -5.7832088 3.266077 4.3241463 0 0 0 0
5.9411783 -5.7236662 3.2369251 12.954086 0 0 0 0
6.1988811 -5.7680397 3.2351875 13.821366 0 0 0 0
6.4387054 -5.7244368 3.2371917 14.811342 0 0 0 0
6.696908 -5.7759819 3.2346811 13.812068 0 0 0 0
7.1177559 -5.7365398 3.2306247 13.2556 0 0 0 0
7.3579006 -5.8515511 3.2353144 13.483292 0 0 0 0
7.5627232 -5.7310619 3.238307 15.001933 0 0 0 0
7.842804 -5.745615 3.2141294 19.617958 0 0 0 0
-13.555593 -5.5932593 3.2007265 5.661438 0 0 0 0
-13.42132 -5.5159254 3.2362237 12.209595 0 0 0 0
-13.05953 -5.580555 3.2576237 19.78125 0 0 0 0
-12.856537 -5.6692972 3.2664986 32 0 0 0 0
-12.450661 -5.5524163 3.2645473 28.181513 0 0 0 0
-12.054195 -5.5825586 3.2796428 24.891113 0 0 0 0
-11.956799 -5.5219469 3.2720029 23.220581 0 0 0 0
-11.500977 -5.5279312 3.27038 26.49004 0 0 0 0
-11.177269 -5.5865688 3.2844858 27.553385 0 0 0 0
-10.879837 -5.5711842 3.2721059 27.810717 0 0 0 0
-10.727615 -5.5975571 3.2663903 28.604166 0 0 0 0
-10.409825 -5.6347551 3.273139 25.451334 0 0 0 0
-10.113758 -5.6284237 3.2710474 18.662844 0 0 0 0
-9.695961 -5.5978632 3.2654099 12.898154 0 0 0 0
-9.3603153 -5.5968738 3.2663581 9.5479279 0 0 0 0
-9.0990152 -5.6382675 3.2704253 4.7458506 0 0 0 0
-8.8569956 -5.5262046 3.2845449 2.6238608 0 0 0 0
-8.6219454 -5.5829544 3.2892857 1.3186138 0 0 0 0
-8.2301006 -5.6280804 3.2951684 1 0 0 0 0
-7.8711739 -5.6575561 3.2789807 1.1055746 0 0 0 0
-7.6458797 -5.4677277 3.2772622 0.72916663 0 0 0 0
-7.4706573 -5.6531281 3.2531528 4.9223766 0 0 0 0
-7.0421467 -5.500493 3.2846899 10.166667 0 0 0 0
-6.7741356 -5.6172352 3.2775664 20.457809 0 0 0 0
-6.3469257 -5.637413 3.2858922 25.400196 0 0 0 0
-6.0786877 -5.5988197 3.281069 25.957382 0 0 0 0
-5.926465 -5.6393118 3.2909744 25.158854 0 0 0 0
-5.6478939 -5.6298866 3.2870436 24.974915 0 0 0 0
-5.2942038 -5.5973501 3.2861919 24.976807 0 0 0 0
-5.006238 -5.6344743 3.2825489 22.717659 0 0 0 0
-4.5313501 -5.6259947 3.2872615 21.803604 0 0 0 0
-4.2480707 -5.5264955 3.2728899 22.166107 0 0 0 0
-3.9406142 -5.6149616 3.2700157 20.934803 0 0 0 0
-3.85464 -5.6581974 3.2744379 17.165215 0 0 0 0
-3.4993188 -5.4962473 3.270371 16.225246 0 0 0 0
-3.1990464 -5.5729647 3.2767434 18.032673 0 0 0 0
-2.7918146 -5.6378241 3.2751088 16.748903 0 0 0 0
-2.5048761 -5.4493151 3.2763269 14 0 0 0 0
-2.2136586 -5.6135163 3.2745304 15.584267 0 0 0 0
-2.0271993 -5.5913224 3.2739353 12.338566 0 0 0 0
-1.6280732 -5.6591296 3.2701049 12.318231 0 0 0 0
-1.2622143 -5.4994607 3.2533092 9.270833 0 0 0 0
-1.0478568 -5.6111059 3.2674739 10.918185 0 0 0 0
-0.75294095 -5.4924073 3.2670343 14.868056 0 0 0 0
-0.54927421 -5.6473765 3.2824545 15.438145 0 0 0 0
-0.16855668 -5.5505486 3.2605159 10.02276 0 0 0 0
1.4490012 -5.4843812 3.2435987 18 0 0 0 0
1.5850506 -5.5167465 3.266176 13.993088 0 0 0 0
1.9278083 -5.5847397 3.2527635 11.663542 0 0 0 0
2.3198214 -5.615459 3.2710109 10.506778 0 0 0 0
2.5769618 -5.6800461 3.2732968 11.038282 0 0 0 0
2.7373085 -5.5573931 3.2595527 14.549488 0 0 0 0
3.1163385 -5.6731071 3.2742469 16.528896 0 0 0 0
3.5021124 -5.621295 3.2629898 18.899105 0 0 0 0
3.7903123 -5.6306548 3.2591207 16.549026 0 0 0 0
4.1062222 -5.6398954 3.2568569 13.811245 0 0 0 0
4.3306365 -5.6591825 3.2708759 6.625 0 0 0 0
4.6681528 -5.5707388 3.2678113 1.7107689 0 0 0 0
4.9268713 -5.6473532 3.2700806 2.1627903 0 0 0 0
5.3268394 -5.6469698 3.2468195 7.3207569 0 0 0 0
5.4773436 -5.6439266 3.2491508 9.6601152 0 0 0 0
5.9598927 -5.6831803 3.2411838 12.873398 0 0 0 0
6.0414391 -5.6700749 3.2345612 13.225882 0 0 0 0
6.5079141 -5.6624064 3.2372262 13.594875 0 0 0 0
6.6924758 -5.6671486 3.2354097 12.757837 0 0 0 0
7.0579815 -5.6873941 3.2316976 13.424644 0 0 0 0
7.4185715 -5.608232 3.2362833 13.875 0 0 0 0
7.6206846 -5.6725531 3.232703 14.588867 0 0 0 0
7.9234257 -5.6351743 3.2176776 17.385891 0 0 0 0
-13.538652 -5.2218065 3.1858068 3.5359192 0 0 0 0
-13.32623 -5.187448 3.2556627 17.811197 0 0 0 0
-13.017645 -5.2386365 3.2611477 24.146666 0 0 0 0
-12.722879 -5.3258944 3.2481408 27.333332 0 0 0 0
-12.48295 -5.2002201 3.2470284 30.411715 0 0 0 0
-12.055944 -5.2380123 3.2585461 27.365887 0 0 0 0
-11.959116 -5.24576 3.2761536 24.985516 0 0 0 0
-11.450074 -5.2873321 3.2713356 27.397087 0 0 0 0
-11.151622 -5.2768235 3.261075 28.360321 0 0 0 0
-10.842088 -5.3376722 3.2582564 26.984039 0 0 0 0
-10.770541 -5.2097034 3.2505457 27.009403 0 0 0 0
-10.358727 -5.2736092 3.2568781 26.456665 0 0 0 0
-10.107525 -5.2207117 3.2544127 24.060574 0 0 0 0
-9.6989136 -5.2463908 3.2550387 22.255398 0 0 0 0
-9.3597126 -5.348361 3.2475491 16.6875 0 0 0 0
-9.1314983 -5.2095156 3.2574635 16.180523 0 0 0 0
-8.9864044 -5.1269679 3.2797775 12 0 0 0 0
-8.5358696 -5.2654781 3.2832475 3.0913739 0 0 0 0
-8.2150402 -5.1302824 3.2755466 1.25 0 0 0 0
-8.0070314 -5.1769629 3.2941976 1.1271973 0 0 0 0
-7.6917458 -5.3140974 3.2729495 1 0 0 0 0
-7.4205713 -5.183475 3.292006 1.4432261 0 0 0 0
-7.1332273 -5.2288938 3.2874939 2.7887039 0 0 0 0
-6.8011074 -5.1806288 3.2777786 9.0966263 0 0 0 0
-6.3436866 -5.1391172 3.2688541 18.20929 0 0 0 0
-6.0940037 -5.2000198 3.2828612 24.277714 0 0 0 0
-5.7257361 -5.1548381 3.2712426 23.4 0 0 0 0
-5.6683102 -5.2049036 3.2796264 25.854462 0 0 0 0
-5.2997231 -5.199615 3.275661 25.490976 0 0 0 0
-5.0177827 -5.2120361 3.2774179 23.39175 0 0 0 0
-4.5527453 -5.1515474 3.2754996 21.597729 0 0 0 0
-4.3364658 -5.199297 3.2729578 21.695402 0 0 0 0
-3.9441595 -5.1343665 3.2749228 19.392246 0 0 0 0
-3.8846188 -5.2332544 3.270077 19.121944 0 0 0 0
-3.4358122 -5.2715268 3.2723227 16.458242 0 0 0 0
-3.1328373 -5.2254629 3.2548938 18.932222 0 0 0 0
-2.7632694 -5.1633892 3.2736664 17.168327 0 0 0 0
-2.6679964 -5.2849088 3.2695088 16.481466 0 0 0 0
-2.3584168 -5.1673536 3.2807875 14.693597 0 0 0 0
-2.0507746 -5.2458677 3.2735262 14.858231 0 0 0 0
-1.5886033 -5.1789932 3.2634895 15.586332 0 0 0 0
-1.4517577 -5.3136616 3.2557468 12.223415 0 0 0 0
-0.99113393 -5.2382479 3.2687333 14.565292 0 0 0 0
-0.82505977 -5.3535309 3.2656512 18.396875 0 0 0 0
-0.4953948 -5.1836348 3.2618036 18.47995 0 0 0 0
-0.18611783 -5.2754288 3.2480879 18.839941 0 0 0 0
1.4742323 -5.2183976 3.2565572 14.1148 0 0 0 0
1.6443473 -5.2186232 3.2572918 17.101145 0 0 0 0
1.9227526 -5.2150211 3.2540727 12.580914 0 0 0 0
2.2665234 -5.2543068 3.2523978 11.765864 0 0 0 0
2.5283718 -5.2415533 3.2596507 12.169773 0 0 0 0
2.8158503 -5.2366543 3.2513268 17.694506 0 0 0 0
3.1138804 -5.2259722 3.256918 16.74966 0 0 0 0
3.4328017 -5.2120543 3.2585244 18.304607 0 0 0 0
3.7165318 -5.2396502 3.2577007 8.0038595 0 0 0 0
4.0520048 -5.2980824 3.2659612 2.6191249 0 0 0 0
4.3165059 -5.1630507 3.2583799 4.5269032 0 0 0 0
4.61549 -5.2299252 3.2652273 6.364254 0 0 0 0
4.8957739 -5.1644731 3.2488813 12.760184 0 0 0 0
5.2992563 -5.2128057 3.24406 17.275255 0 0 0 0
5.468781 -5.2256517 3.2476113 18.114365 0 0 0 0
5.9588594 -5.2046843 3.2267244 17.065697 0 0 0 0
6.209784 -5.2843757 3.2222495 14.963951 0 0 0 0
6.4539728 -5.2215366 3.2309098 12.457951 0 0 0 0
6.6764574 -5.2690029 3.2316709 12.244398 0 0 0 0
7.0581961 -5.2205739 3.2267845 12.208805 0 0 0 0
7.433917 -5.2443991 3.2213368 12.325809 0 0 0 0
7.6649256 -5.1985006 3.2244079 11.248843 0 0 0 0
7.8385653 -5.2328973 3.2277398 13.060717 0 0 0 0
-13.609245 -5.032218 3.1981082 3 0 0 0 0
-13.329723 -4.9604464 3.2523274 12.794434 0 0 0 0
-13.060368 -4.9295397 3.2491846 21.822701 0 0 0 0
-12.719543 -4.8836451 3.2341094 26.65625 0 0 0 0
-12.433632 -4.934545 3.2266467 32.398193 0 0 0 0
-12.083908 -4.999455 3.2544432 27.088543 0 0 0 0
-11.902867 -5.0143733 3.265769 27.805908 0 0 0 0
-11.524174 -4.9005947 3.2622116 25.645584 0 0 0 0
-11.196499 -4.9474225 3.258446 29.264648 0 0 0 0
-10.87081 -5.0253358 3.2572522 28.678387 0 0 0 0
-10.72888 -4.9790668 3.2569227 27.463541 0 0 0 0
-10.347126 -4.9093447 3.2580438 30.688843 0 0 0 0
-10.083414 -4.9674191 3.2594492 24.495441 0 0 0 0
-9.7138262 -4.9885349 3.2564232 26.63681 0 0 0 0
-9.4110041 -4.9604335 3.2512052 27.026367 0 0 0 0
-9.065258 -4.905201 3.262373 22.458733 0 0 0 0
-8.9791594 -5.0122919 3.2723677 17.1875 0 0 0 0
-8.5222511 -4.9053059 3.2754741 8.8248558 0 0 0 0
-8.2763987 -4.9610753 3.2768657 3.140625 0 0 0 0
-7.8945904 -5.0088358 3.2969854 1.1093198 0 0 0 0
-7.2861686 -5.0296669 3.2901711 1.0104167 0 0 0 0
-7.1196623 -4.9814215 3.2912281 1.2851562 0 0 0 0
-6.8352385 -5.0557899 3.2867818 5.2761345 0 0 0 0
-6.4032946 -4.9934788 3.2524469 17.469076 0 0 0 0
-6.0988693 -5.0618229 3.2781644 21.364843 0 0 0 0
-5.6394029 -5.0839963 3.2788038 24.595573 0 0 0 0
-5.2830029 -4.9744239 3.2769876 24.561523 0 0 0 0
-4.9864483 -4.9553046 3.2693141 22.916668 0 0 0 0
-4.232739 -4.960474 3.2678216 21.559803 0 0 0 0
-4.0070453 -5.0240798 3.2722902 19.388237 0 0 0 0
-3.8517637 -4.8228855 3.2690115 17.955849 0 0 0 0
-3.4640388 -4.9332814 3.275279 17.910038 0 0 0 0
-3.139442 -4.8861532 3.2465522 19.977654 0 0 0 0
-2.8512294 -5.039279 3.2663102 17.867153 0 0 0 0
-2.6721039 -4.8311911 3.2662494 13.480114 0 0 0 0
-2.3504047 -5.0241156 3.2713301 17.326761 0 0 0 0
-2.0051682 -4.8639727 3.2657394 13.233944 0 0 0 0
-1.7283034 -5.0920029 3.2750742 20.519402 0 0 0 0
-1.2975563 -4.9793677 3.2732418 22.370844 0 0 0 0
-1.125525 -5.0700493 3.2741315 19.6875 0 0 0 0
-0.83533138 -4.8581371 3.25453 12.75672 0 0 0 0
-0.50215894 -5.0248427 3.2674353 16.471237 0 0 0 0
-0.17221735 -4.947412 3.2350218 19.802683 0 0 0 0
1.4059076 -5.0162764 3.2566605 11.357418 0 0 0 0
1.6557734 -4.9826894 3.2515795 11.173389 0 0 0 0
2.1950693 -4.9124336 3.2493324 11.638889 0 0 0 0
2.5799489 -4.8518119 3.2527218 11.346725 0 0 0 0
2.7162797 -4.9946508 3.257328 19.545166 0 0 0 0
3.1278 -4.8058882 3.2438805 15.333333 0 0 0 0
3.4988222 -4.8230572 3.2521644 3.9088845 0 0 0 0
3.7381339 -4.9125304 3.2713509 1.0376694 0 0 0 0
4.2455277 -5.0580759 3.2490048 5.3333335 0 0 0 0
4.6928816 -5.0225239 3.2552643 9.1685925 0 0 0 0
4.9200268 -5.0711622 3.2450471 11.5 0 0 0 0
5.6651139 -4.9934759 3.2514896 17 0 0 0 0
6.537127 -4.8033218 3.2198098 12 0 0 0 0
6.6098666 -4.9473848 3.2172725 13 0 0 0 0
7.4446006 -4.8484325 3.21873 12.25 0 0 0 0
7.6621165 -4.9618254 3.2244639 11.65625 0 0 0 0
7.9057298 -4.8510199 3.220084 9.2353516 0 0 0 0
-12.398561 -4.6354518 3.2378747 31.158895 0 0 0 0
-12.212822 -4.6299038 3.2625921 26.052597 0 0 0 0
-11.941175 -4.6071844 3.2541876 28.2717 0 0 0 0
-11.472551 -4.6233521 3.2488894 26.408012 0 0 0 0
-11.154805 -4.5828142 3.2478261 23.95639 0 0 0 0
-10.868267 -4.7206659 3.2526987 27.71376 0 0 0 0
-10.743999 -4.7136216 3.2537308 26.627007 0 0 0 0
-10.358848 -4.6653128 3.2534659 28.191639 0 0 0 0
-10.074078 -4.6660147 3.2583423 27.193779 0 0 0 0
-9.7178965 -4.6480818 3.2593668 28.14226 0 0 0 0
-9.3573484 -4.7150083 3.2393107 31.903027 0 0 0 0
-9.0601568 -4.6762753 3.2541893 26.558975 0 0 0 0
-8.9458942 -4.5713587 3.2620695 27.783333 0 0 0 0
-8.4967852 -4.6722112 3.2676644 12.810425 0 0 0 0
-8.2644453 -4.5600939 3.2704949 11.492188 0 0 0 0
-7.9477682 -4.6507325 3.2829463 4.5678873 0 0 0 0
-7.5161409 -4.6262732 3.2910893 1.1339285 0 0 0 0
-7.3513899 -4.6066875 3.2907264 1.2059772 0 0 0 0
-7.117897 -4.6263685 3.2971735 0.88111687 0 0 0 0
-6.7454271 -4.6584253 3.2874923 2.0087783 0 0 0 0
-6.3811769 -4.6760225 3.2678471 6.1502829 0 0 0 0
-6.0908213 -4.6606765 3.2765148 13.615116 0 0 0 0
-5.7437563 -4.6204739 3.2817607 20.809525 0 0 0 0
-5.6166973 -4.6823316 3.2785516 22.477264 0 0 0 0
-5.3169556 -4.7284946 3.275877 24.239897 0 0 0 0
-5.0113392 -4.6980448 3.2757502 22.918991 0 0 0 0
-4.5285635 -4.6793871 3.2761121 21.118828 0 0 0 0
-4.4274302 -4.687222 3.2724137 21.853079 0 0 0 0
-3.9366245 -4.6469083 3.2681923 19.15995 0 0 0 0
-3.8751116 -4.6984453 3.2639656 18.409275 0 0 0 0
-3.4519124 -4.6993217 3.2611277 16.992577 0 0 0 0
-3.1498466 -4.6642294 3.245981 20.721889 0 0 0 0
-2.7781661 -4.613183 3.2619591 14.084772 0 0 0 0
-2.6815767 -4.7457323 3.2618113 14.627382 0 0 0 0
-2.3551812 -4.7307858 3.2650208 14.478304 0 0 0 0
-2.0323486 -4.7074976 3.2707791 12.778312 0 0 0 0
-1.6262023 -4.6360965 3.2645798 14.559424 0 0 0 0
-1.2955232 -4.6699009 3.2600839 10.245329 0 0 0 0
-1.0046214 -4.6855264 3.2607989 10.853786 0 0 0 0
-0.76037061 -4.6443663 3.2534862 6.5538197 0 0 0 0
-0.49018586 -4.7313075 3.2497516 14.400236 0 0 0 0
-0.22028798 -4.6563897 3.242835 15.029701 0 0 0 0
1.1996838 -4.512001 3.2337863 29 0 0 0 0
1.3976004 -4.6792259 3.2520483 14.495603 0 0 0 0
1.662358 -4.7233653 3.2698901 9.1755409 0 0 0 0
1.9105237 -4.7114758 3.2418013 10.610451 0 0 0 0
2.329015 -4.6695805 3.2544732 11.207802 0 0 0 0
2.4884663 -4.7514753 3.2560956 12.820906 0 0 0 0
2.7695127 -4.6254702 3.2446599 16.616158 0 0 0 0
3.0863078 -4.721983 3.2521038 13.387712 0 0 0 0
3.5036395 -4.7113819 3.2557187 2.0550814 0 0 0 0
3.7711444 -4.6281257 3.2427559 6.2986708 0 0 0 0
4.1138182 -4.6447439 3.250577 10.094828 0 0 0 0
4.3255253 -4.7007036 3.241545 13.369951 0 0 0 0
4.6730981 -4.7285957 3.2449572 20.397276 0 0 0 0
4.9004335 -4.7315321 3.2476971 21.372635 0 0 0 0
5.3119326 -4.71101 3.240859 20.451893 0 0 0 0
5.4954786 -4.6805067 3.2454057 20.820751 0 0 0 0
5.9396191 -4.7045293 3.2278132 19.437731 0 0 0 0
6.0178347 -4.6939659 3.2246518 18.110577 0 0 0 0
6.4411793 -4.7245865 3.2249722 13.312723 0 0 0 0
6.728487 -4.6282477 3.2171643 11.939453 0 0 0 0
7.0357122 -4.7101879 3.2208719 10.955194 0 0 0 0
7.307044 -4.7531395 3.2220259 10.702684 0 0 0 0
7.6267309 -4.6977644 3.223412 11.013453 0 0 0 0
7.8634253 -4.7228308 3.2230837 11.329482 0 0 0 0
-12.232914 -4.4735751 3.2905893 22 0 0 0 0
-11.78388 -4.4469414 3.2572598 23.0625 0 0 0 0
-11.630428 -4.3658748 3.2542093 21.762352 0 0 0 0
-11.333541 -4.3923817 3.2482736 25.430943 0 0 0 0
-10.881094 -4.3429704 3.2542791 27.341146 0 0 0 0
-10.761072 -4.2486019 3.2480078 25.320215 0 0 0 0
-10.364859 -4.3241444 3.2541189 28.808804 0 0 0 0
-10.079748 -4.4289651 3.2559986 26.635342 0 0 0 0
-9.6828527 -4.2920141 3.2530017 27.726833 0 0 0 0
-9.4338093 -4.3031883 3.249692 30.12207 0 0 0 0
-9.0878124 -4.2909994 3.2534227 28.760191 0 0 0 0
-8.983736 -4.2597113 3.2541265 29.257143 0 0 0 0
-8.5565624 -4.2509308 3.2552104 23.509216 0 0 0 0
-8.2352219 -4.3136578 3.2559652 19.104481 0 0 0 0
-7.9595671 -4.2717857 3.2631254 12.64169 0 0 0 0
-7.5866146 -4.4149837 3.2821684 2.85625 0 0 0 0
-7.4475946 -4.2818489 3.2774491 3.57026 0 0 0 0
-7.1269035 -4.3046465 3.2923808 1.1428994 0 0 0 0
-6.7683144 -4.2230616 3.2808535 1.0794121 0 0 0 0
-6.3487463 -4.2386284 3.2757864 1.2691448 0 0 0 0
-6.0663843 -4.2551851 3.2726045 4.4460573 0 0 0 0
-5.7377486 -4.2129478 3.269769 9.5714283 0 0 0 0
-5.6443386 -4.2407541 3.2717988 13.384717 0 0 0 0
-5.3370314 -4.2750406 3.2778697 20.063635 0 0 0 0
-5.0239944 -4.2620163 3.2715201 23.34013 0 0 0 0
-4.5141068 -4.2379546 3.2717285 21.719528 0 0 0 0
-4.2575684 -4.2256384 3.2705474 22.36771 0 0 0 0
-3.9132926 -4.2450151 3.2663636 18.523809 0 0 0 0
-3.8689175 -4.2095556 3.263932 18.417606 0 0 0 0
-3.4482589 -4.2452831 3.2655635 17.181126 0 0 0 0
-3.1528182 -4.2295074 3.2549243 17.987598 0 0 0 0
-2.7165265 -4.262743 3.2593875 14.822242 0 0 0 0
-2.541338 -4.3830862 3.262218 12.164394 0 0 0 0
-2.2751997 -4.2512665 3.2649183 15.423683 0 0 0 0
-2.0424149 -4.2916641 3.2631946 12.901316 0 0 0 0
-1.5814571 -4.2085485 3.2517028 11.72477 0 0 0 0
-1.3076274 -4.2903194 3.2598979 8.9115067 0 0 0 0
-0.95409983 -4.2386041 3.2512908 11.436771 0 0 0 0
-0.69920349 -4.4516649 3.248292 13.915344 0 0 0 0
-0.44417006 -4.2767386 3.2493806 13.188678 0 0 0 0
-0.16187303 -4.3257432 3.2369051 16.586302 0 0 0 0
1.1854628 -4.4869099 3.2318141 28 0 0 0 0
1.3291205 -4.3055058 3.2515545 9.3347893 0 0 0 0
1.615959 -4.3806992 3.2539907 10.83572 0 0 0 0
1.9613352 -4.2394648 3.2436495 14.364992 0 0 0 0
2.3172889 -4.2195902 3.2407064 11.947512 0 0 0 0
2.5504141 -4.2914391 3.2512002 9.2227039 0 0 0 0
2.8270981 -4.3212323 3.2486012 7.9703593 0 0 0 0
3.1517971 -4.287941 3.2414775 3.8199768 0 0 0 0
3.5608234 -4.216588 3.2469654 14.299337 0 0 0 0
3.7989035 -4.2356138 3.2424293 15.194241 0 0 0 0
4.0646238 -4.2425232 3.2424185 17.636974 0 0 0 0
4.2471266 -4.2432384 3.2378645 21.033369 0 0 0 0
4.6219263 -4.2547159 3.2365916 23.699314 0 0 0 0
4.9099469 -4.2257733 3.2403042 23.011049 0 0 0 0
5.2854891 -4.2313199 3.233078 20.384853 0 0 0 0
5.5983887 -4.2741537 3.2406654 19.455938 0 0 0 0
5.9512997 -4.2183595 3.2328963 17.901363 0 0 0 0
6.0413661 -4.2264743 3.2274904 16.677069 0 0 0 0
6.4363375 -4.232729 3.2260067 14.451605 0 0 0 0
6.7352867 -4.2300496 3.2169118 14.405418 0 0 0 0
6.9944944 -4.2302618 3.2163367 11.691599 0 0 0 0
7.3688164 -4.2709055 3.2185278 11.613707 0 0 0 0
7.6173987 -4.2251306 3.2167611 13.487068 0 0 0 0
7.8286567 -4.297205 3.2193484 11.896961 0 0 0 0
-11.17734 -4.1649475 3.2529397 26.1875 0 0 0 0
-10.90262 -4.1564035 3.2585797 29.5625 0 0 0 0
-10.710594 -4.0677052 3.249445 27.664001 0 0 0 0
-10.389936 -4.0692592 3.2510104 26.545347 0 0 0 0
-10.070519 -4.0828171 3.2527523 29.005222 0 0 0 0
-9.6367798 -4.0617018 3.2492194 27.15937 0 0 0 0
-9.5083246 -4.0658779 3.2544475 26.542355 0 0 0 0
-9.0768595 -4.1161652 3.2487769 28.597059 0 0 0 0
-8.9895754 -4.076767 3.2505732 27.145832 0 0 0 0
-8.5053749 -4.1850352 3.2588019 25.255156 0 0 0 0
-8.2288494 -4.0689497 3.2532449 23.692383 0 0 0 0
-7.93329 -4.1426764 3.2588072 15.605108 0 0 0 0
-7.639904 -4.1124144 3.2653489 11.1 0 0 0 0
-7.4395018 -4.1228619 3.2734067 6.5967903 0 0 0 0
-7.1627812 -4.1098018 3.2718565 2.977684 0 0 0 0
-6.7756882 -4.0766993 3.2827489 1.1987507 0 0 0 0
-6.3613586 -4.1018934 3.2861445 0.64191878 0 0 0 0
-6.0823374 -4.1372395 3.2774158 2.0994046 0 0 0 0
-5.6260843 -4.1564069 3.2735643 12.403877 0 0 0 0
-5.3204689 -4.0978808 3.2775383 21.02767 0 0 0 0
-4.9976211 -4.1686487 3.2697477 22.690685 0 0 0 0
-4.5118408 -4.1922312 3.2702997 21.368778 0 0 0 0
-4.2416096 -4.1556802 3.2649972 22.901726 0 0 0 0
-3.9478865 -4.1623654 3.2645383 19.311073 0 0 0 0
-3.8862479 -4.1680479 3.2667341 18.923775 0 0 0 0
-3.453702 -4.1523228 3.2662854 16.936428 0 0 0 0
-3.1687174 -4.1311913 3.2588327 18.182789 0 0 0 0
-2.7561665 -4.1520653 3.2624669 14.752663 0 0 0 0
-2.4038672 -4.1182714 3.2657423 12.75 0 0 0 0
-2.3503094 -4.107883 3.2614961 16.135693 0 0 0 0
-2.0570478 -4.103261 3.2549353 12.401557 0 0 0 0
-1.6253469 -4.1395721 3.2521193 10.662083 0 0 0 0
-1.2923001 -4.1100378 3.2666974 10.370855 0 0 0 0
-1.0553288 -4.1216464 3.2543912 14.274996 0 0 0 0
-0.64459002 -4.0634623 3.2506456 14.018229 0 0 0 0
-0.5136804 -4.1502504 3.2473373 12.803696 0 0 0 0
-0.16472821 -4.0727477 3.2379706 20.147009 0 0 0 0
1.1670228 -4.1157413 3.238966 20.25 0 0 0 0
1.2972972 -4.1537466 3.2423046 14.366289 0 0 0 0
1.6219592 -4.0045896 3.2429028 20.397032 0 0 0 0
1.9248415 -4.1869888 3.2408307 13.815182 0 0 0 0
2.334568 -4.1597414 3.2467084 11.142963 0 0 0 0
2.4509706 -4.1507254 3.2427926 11.333241 0 0 0 0
2.7347126 -4.0766678 3.24683 1.8906201 0 0 0 0
3.0632823 -4.1652212 3.2473524 7.7177892 0 0 0 0
3.4233193 -4.0463376 3.247376 12.141907 0 0 0 0
3.6635811 -4.0665536 3.2350814 15.006133 0 0 0 0
4.0994539 -4.1678495 3.2392263 21.538048 0 0 0 0
4.2778196 -4.1861315 3.2349401 23.583334 0 0 0 0
4.6829557 -4.1786575 3.2397518 23.707739 0 0 0 0
4.9483414 -4.1867704 3.2415242 22.739559 0 0 0 0
5.3471594 -4.1814957 3.237843 20.721205 0 0 0 0
5.5846238 -4.0246863 3.2366543 20.76918 0 0 0 0
5.9441795 -4.1876531 3.231426 17.932291 0 0 0 0
6.0194774 -4.1931486 3.2344854 17.25 0 0 0 0
6.4378481 -4.1881847 3.2259398 14.33294 0 0 0 0
6.725143 -4.1521225 3.2133141 14.050743 0 0 0 0
7.0392895 -4.1803865 3.214421 12.041178 0 0 0 0
7.3563023 -4.1736183 3.2165704 12.234375 0 0 0 0
7.6393499 -4.1628819 3.2288523 12.790934 0 0 0 0
7.8475237 -4.1476336 3.2212782 11.227722 0 0 0 0
-13.60885 -3.631793 3.1734741 2.5 0 0 0 0
-13.36828 -3.6099291 3.2141151 9.5 0 0 0 0
-10.518084 -3.8467081 3.2548862 18 0 0 0 0
-10.301709 -3.8286538 3.2474818 23.819824 0 0 0 0
-10.125334 -3.841579 3.2493234 27.099709 0 0 0 0
-9.702095 -3.753408 3.2513399 25.071733 0 0 0 0
-9.4088182 -3.7121668 3.2426767 27.325626 0 0 0 0
-9.0426617 -3.7008286 3.2455461 27.223328 0 0 0 0
-8.9870548 -3.7398348 3.2473092 27.544792 0 0 0 0
-8.5666189 -3.7221746 3.256484 26.680443 0 0 0 0
-8.2445107 -3.7441945 3.2528329 24.844383 0 0 0 0
-7.9573488 -3.6972456 3.2545364 23.057774 0 0 0 0
-7.509656 -3.7969069 3.2582047 17.002232 0 0 0 0
-7.448009 -3.7735248 3.2633305 16.731483 0 0 0 0
-7.1480699 -3.7674379 3.2585015 11.551524 0 0 0 0
-6.7998533 -3.7077222 3.2651157 6.1657848 0 0 0 0
-6.3971505 -3.7167192 3.2708251 1.5244786 0 0 0 0
-6.0872927 -3.6929264 3.2747421 0.68545067 0 0 0 0
-5.8223968 -3.7058699 3.2641158 1 0 0 0 0
-5.6268153 -3.7244675 3.2691474 3.3124902 0 0 0 0
-5.3389058 -3.7770188 3.2771752 12.044057 0 0 0 0
-4.9751129 -3.7155385 3.2664888 17.151363 0 0 0 0
-4.5219631 -3.7060118 3.2571177 19.021938 0 0 0 0
-4.3338656 -3.7642765 3.2592506 22.4876 0 0 0 0
-3.9103894 -3.7810073 3.2650588 20.144234 0 0 0 0
-3.8832417 -3.7578876 3.2577446 18.995464 0 0 0 0
-3.4415195 -3.8025432 3.2617621 17.997337 0 0 0 0
-3.14904 -3.7840312 3.2537446 17.745747 0 0 0 0
-2.7181506 -3.7554851 3.254703 17.335106 0 0 0 0
-2.6899438 -3.7749057 3.2568791 16.149939 0 0 0 0
-2.3444166 -3.7018247 3.2493932 14.284379 0 0 0 0
-2.0924616 -3.661694 3.2464781 12.957234 0 0 0 0
-1.5765207 -3.6741681 3.2463775 11.531817 0 0 0 0
-1.3164158 -3.8214035 3.2540503 2.0180016 0 0 0 0
-0.98921388 -3.6985011 3.2463717 12.224391 0 0 0 0
-0.86200655 -3.8120353 3.2416739 11.992775 0 0 0 0
-0.5321672 -3.6854422 3.2388425 14.611341 0 0 0 0
-0.16027728 -3.7880361 3.2301936 22.812813 0 0 0 0
1.0294672 -3.6721971 3.2135019 9.5202379 0 0 0 0
1.3135841 -3.7140379 3.2377086 16.054684 0 0 0 0
1.6417112 -3.6992531 3.2647419 12.601545 0 0 0 0
1.9253685 -3.7183673 3.2424965 12.412314 0 0 0 0
2.2566242 -3.8071625 3.249084 4.1282663 0 0 0 0
2.525095 -3.6728115 3.2431431 7.1152554 0 0 0 0
2.854562 -3.6441221 3.236203 10.808727 0 0 0 0
3.1573877 -3.7125132 3.2366021 12.781641 0 0 0 0
3.4640307 -3.6874638 3.2387524 21.148949 0 0 0 0
3.8037055 -3.7201347 3.2352974 20.074249 0 0 0 0
4.1484489 -3.7230582 3.2363019 22.784214 0 0 0 0
4.2556334 -3.7215848 3.232904 22.634449 0 0 0 0
4.5895782 -3.700834 3.2344642 23.517509 0 0 0 0
4.8928137 -3.6901188 3.2344 24.663425 0 0 0 0
5.3443379 -3.7297897 3.2289934 21.187737 0 0 0 0
5.4387465 -3.7169404 3.2293413 21.434376 0 0 0 0
5.9138303 -3.7127545 3.2344642 18.821907 0 0 0 0
6.0195622 -3.7345095 3.2350402 17.938267 0 0 0 0
6.4457188 -3.7036378 3.2261589 14.962049 0 0 0 0
6.7241316 -3.7051992 3.2152448 13.921825 0 0 0 0
6.9779935 -3.7180448 3.2120445 13.333353 0 0 0 0
7.3327503 -3.763555 3.2168517 13.260345 0 0 0 0
7.6340008 -3.7278824 3.2159822 13.406281 0 0 0 0
7.8140292 -3.7643466 3.2184548 12.836489 0 0 0 0
-13.582213 -3.4939599 3.1496296 3.3825548 0 0 0 0
-13.333326 -3.3632193 3.2073069 15.198468 0 0 0 0
-13.095425 -3.536293 3.2273262 15.953613 0 0 0 0
-12.758812 -3.3927073 3.2356381 25.125 0 0 0 0
-9.3501949 -3.5176978 3.2434106 28.052734 0 0 0 0
-9.06464 -3.4433074 3.2401452 26.878214 0 0 0 0
-8.8769312 -3.4030681 3.2409 27.628891 0 0 0 0
-8.5789852 -3.3995142 3.2520895 27.749935 0 0 0 0
-8.2287025 -3.4545815 3.2542512 27.883095 0 0 0 0
-7.9748898 -3.41485 3.2575715 25.620338 0 0 0 0
-7.4282551 -3.3923965 3.2556944 22.25 0 0 0 0
-7.1560478 -3.3439226 3.2563417 21.558334 0 0 0 0
-6.7708879 -3.4236419 3.2505553 11.706296 0 0 0 0
-6.3805785 -3.4621303 3.2672355 3.8621476 0 0 0 0
-6.1903019 -3.5330153 3.2696562 1.4333334 0 0 0 0
-5.7429848 -3.3087463 3.2824101 0.6964286 0 0 0 0
-5.6420259 -3.3234844 3.2781959 0.74776787 0 0 0 0
-5.2313499 -3.3818557 3.2746096 2.9336147 0 0 0 0
-5.0504112 -3.3958032 3.2598572 6.3021851 0 0 0 0
-4.6832714 -3.4607244 3.247627 15 0 0 0 0
-4.2445583 -3.5801077 3.2647991 23.75 0 0 0 0
-2.1857338 -3.5610859 3.2462032 14.011189 0 0 0 0
-1.9786177 -3.4189262 3.2417128 13.769775 0 0 0 0
-1.6227124 -3.5076394 3.2429903 12.361698 0 0 0 0
-1.3198858 -3.4202905 3.2367764 16.370419 0 0 0 0
-1.1297333 -3.5685749 3.2425766 13.572599 0 0 0 0
-0.62797838 -3.5837162 3.237999 15.060923 0 0 0 0
-0.43888274 -3.4773564 3.2323952 22.176256 0 0 0 0
-0.15631068 -3.3479118 3.2343626 14.697468 0 0 0 0
0.96348768 -3.5146985 3.2306309 23.489191 0 0 0 0
1.6368421 -3.4174979 3.2410915 12.727814 0 0 0 0
1.870985 -3.3185022 3.2336817 6.4722223 0 0 0 0
2.5695724 -3.5849476 3.2458158 6.9000001 0 0 0 0
2.7660704 -3.5023901 3.227334 15.274456 0 0 0 0
3.6498315 -3.4660759 3.2363646 21.25 0 0 0 0
4.4987249 -3.5243361 3.2356124 24 0 0 0 0
4.6197114 -3.3204951 3.2343183 26 0 0 0 0
5.6559801 -3.498826 3.2322721 20.423611 0 0 0 0
6.8068762 -3.4388151 3.2076039 14.375 0 0 0 0
7.4098897 -3.3938074 3.2120004 14.625 0 0 0 0
7.717382 -3.350163 3.2093642 13.877604 0 0 0 0
7.8012276 -3.3092272 3.2115707 13 0 0 0 0
-13.52748 -3.1634521 3.1608219 5.5122433 0 0 0 0
-13.384882 -3.1042268 3.1989489 11.134341 0 0 0 0
-13.060377 -3.1696415 3.234163 23.910076 0 0 0 0
-12.644215 -3.2266812 3.2392073 27.136333 0 0 0 0
-12.50247 -3.211818 3.2364478 23.237947 0 0 0 0
-12.108858 -3.1125641 3.2453101 24.914062 0 0 0 0
-11.958284 -3.0930543 3.2404125 24.701334 0 0 0 0
-11.560324 -3.0598035 3.2398803 27.359131 0 0 0 0
-11.244081 -3.0317869 3.2430968 29.125 0 0 0 0
-11.075867 -3.003912 3.2203586 25 0 0 0 0
-8.8634529 -3.2712967 3.2404656 27.96875 0 0 0 0
-8.4696636 -3.2766919 3.2531657 27.502369 0 0 0 0
-8.2535553 -3.1013582 3.2522182 25.363281 0 0 0 0
-7.9073095 -3.1848805 3.2589169 26.190086 0 0 0 0
-7.654747 -3.0714293 3.2504978 26.628124 0 0 0 0
-7.4476538 -3.1705468 3.257586 25.340015 0 0 0 0
-7.1781178 -3.2419262 3.2578721 23.693413 0 0 0 0
-6.7349019 -3.2421346 3.2599258 16.61306 0 0 0 0
-6.3495855 -3.1618702 3.2605536 10.45002 0 0 0 0
-6.0662441 -3.1745024 3.2661364 3.5342309 0 0 0 0
-5.7252169 -3.2146072 3.2742 1.1405536 0 0 0 0
-5.6775742 -3.2044101 3.2776341 0.9176023 0 0 0 0
-5.313127 -3.2915809 3.2672191 1 0 0 0 0
-1.5416842 -3.2920423 3.2449794 13.351755 0 0 0 0
-1.3068824 -3.185689 3.2817292 6.8359189 0 0 0 0
-1.0277717 -3.1624649 3.2414575 13.056943 0 0 0 0
-0.75335425 -3.091825 3.2317348 16.26923 0 0 0 0
-0.50763339 -3.2150898 3.2449667 16.923449 0 0 0 0
-0.15893964 -3.1850977 3.2372825 13.091896 0 0 0 0
0.88283658 -3.0572534 3.2221799 24.838921 0 0 0 0
0.93964541 -3.1780996 3.2309508 19.875185 0 0 0 0
1.3256361 -3.2532504 3.2346878 13.922997 0 0 0 0
1.6568494 -3.2275765 3.2321296 9.4318409 0 0 0 0
1.8695216 -3.1931405 3.2378693 7.5255156 0 0 0 0
2.2990441 -3.1344028 3.2307119 13.126652 0 0 0 0
2.5116119 -3.1796873 3.2315364 14.135307 0 0 0 0
2.8963275 -3.2003427 3.2350378 20.493629 0 0 0 0
3.0875366 -3.2096138 3.233449 21.073807 0 0 0 0
3.4679053 -3.197238 3.2361913 22.592228 0 0 0 0
3.8514786 -3.2318649 3.2336228 24.923992 0 0 0 0
4.1380429 -3.2122986 3.2339344 24.503712 0 0 0 0
4.3049793 -3.2200234 3.2301755 24.259077 0 0 0 0
4.5852451 -3.2251115 3.2348423 23.453171 0 0 0 0
4.8945522 -3.2093797 3.2262201 24.857567 0 0 0 0
5.3403254 -3.2377567 3.2247834 22.849117 0 0 0 0
5.5180631 -3.2176032 3.2240486 22.659149 0 0 0 0
5.9119 -3.2308745 3.2259529 20.097187 0 0 0 0
6.0314474 -3.2036281 3.2251928 19.311275 0 0 0 0
6.43578 -3.2110023 3.2262535 17.681828 0 0 0 0
6.7546129 -3.2441025 3.2273126 16.565136 0 0 0 0
6.977633 -3.2142067 3.2157407 16.446976 0 0 0 0
7.4320674 -3.2338214 3.2059145 14.265304 0 0 0 0
7.6216831 -3.2152815 3.2150218 15.719642 0 0 0 0
7.802083 -3.2616663 3.2131557 13.75 0 0 0 0
-13.547455 -2.909276 3.1572647 5.7418213 0 0 0 0
-13.425609 -2.8284645 3.1912143 13.203002 0 0 0 0
-13.142475 -2.7441101 3.2136214 26.499739 0 0 0 0
-12.752117 -2.8005414 3.2348332 25.862461 0 0 0 0
-12.544664 -2.7706792 3.2308435 26.995441 0 0 0 0
-12.083616 -2.7405534 3.2341323 26.061979 0 0 0 0
-11.918251 -2.8551059 3.2359982 25.58477 0 0 0 0
-11.508219 -2.7468014 3.2312198 25.59981 0 0 0 0
-11.23499 -2.9016228 3.2299929 25.510525 0 0 0 0
-10.895509 -2.7352982 3.230165 26.581919 0 0 0 0
-10.514919 -2.7436647 3.234839 28 0 0 0 0
-10.474632 -2.7343087 3.2310767 26.125 0 0 0 0
-7.8621535 -2.8897877 3.249687 25.857849 0 0 0 0
-7.6635084 -2.8924751 3.2456522 26.939899 0 0 0 0
-7.4082985 -2.8308392 3.2519679 26.964428 0 0 0 0
-6.7711325 -2.7084823 3.2611523 24.532219 0 0 0 0
-6.397747 -2.8093178 3.2669063 19.735226 0 0 0 0
-6.1810293 -2.9124711 3.26194 13.285928 0 0 0 0
-5.9733715 -2.9794049 3.253711 6.9375 0 0 0 0
-0.91758978 -2.8389349 3.2255254 17.18034 0 0 0 0
-0.87066442 -2.814338 3.227916 15.56026 0 0 0 0
-0.50758153 -2.7220447 3.2239485 21.712845 0 0 0 0
-0.18868372 -2.7551174 3.2189622 22.221485 0 0 0 0
0.8845892 -2.7420802 3.2194166 12.295572 0 0 0 0
1.1523352 -2.7268825 3.2242393 7.8224697 0 0 0 0
1.3016274 -2.7267575 3.2187471 8.3097982 0 0 0 0
1.6677244 -2.7606673 3.2507253 0.62369788 0 0 0 0
2.0205584 -2.7258806 3.2198067 16.877089 0 0 0 0
2.379606 -2.7098718 3.2261951 20.25956 0 0 0 0
2.4738116 -2.7329025 3.2272129 18.751656 0 0 0 0
2.8638208 -2.7670784 3.2268929 21.240122 0 0 0 0
3.1570289 -2.7281609 3.2283044 21.656582 0 0 0 0
3.5037856 -2.729598 3.2384109 22.291904 0 0 0 0
3.7406311 -2.7278719 3.230073 24.332581 0 0 0 0
4.133822 -2.7160518 3.2263417 26.340525 0 0 0 0
4.2925587 -2.7144868 3.2242477 25.726679 0 0 0 0
4.6262908 -2.7562649 3.2295933 24.625883 0 0 0 0
4.9100647 -2.737509 3.2224627 24.477726 0 0 0 0
5.3621607 -2.738071 3.2210011 23.691704 0 0 0 0
5.4582996 -2.7455213 3.2212744 23.804451 0 0 0 0
5.9039917 -2.7288635 3.2213016 21.336594 0 0 0 0
6.0012026 -2.7115502 3.2179651 21.138096 0 0 0 0
6.4565992 -2.7332129 3.2208381 19.165375 0 0 0 0
6.7391419 -2.7307897 3.2243485 20.180336 0 0 0 0
6.9784393 -2.7203217 3.2190816 19.952307 0 0 0 0
7.3957129 -2.7348623 3.2100387 19.449465 0 0 0 0
7.6871347 -2.7403641 3.1961737 18.841471 0 0 0 0
-13.256193 -2.6601124 3.1764612 24.856567 0 0 0 0
-13.137394 -2.6411366 3.1867447 25.527004 0 0 0 0
-12.842407 -2.5737162 3.2185073 27 0 0 0 0
-12.441713 -2.590117 3.2261806 27.423553 0 0 0 0
-12.216795 -2.6298332 3.2366853 27.806314 0 0 0 0
-11.920967 -2.6582766 3.2435279 25.790289 0 0 0 0
-11.565306 -2.6420264 3.2367265 24.933186 0 0 0 0
-11.248357 -2.5626686 3.2302685 25.631945 0 0 0 0
-10.881021 -2.6447816 3.2273779 27.101562 0 0 0 0
-10.675205 -2.6209865 3.2301521 29.181686 0 0 0 0
-10.37727 -2.5724008 3.2293997 27.520294 0 0 0 0
-10.121128 -2.5566986 3.2227583 30.182022 0 0 0 0
-9.7864075 -2.5525007 3.2296934 27.912201 0 0 0 0
-9.4936333 -2.5285306 3.2224557 26.914062 0 0 0 0
-7.2903032 -2.5686359 3.0311093 24.321268 0 0 0 0
-7.0222597 -2.4026155 3.2590399 25.5 0 0 0 0
-6.7762537 -2.673347 3.2614272 24.297815 0 0 0 0
-6.5496998 -2.5898554 3.2528009 20.416668 0 0 0 0
-0.53408182 -2.6908946 3.2235417 24.733047 0 0 0 0
-0.13374288 -2.6254151 3.2273033 17.540356 0 0 0 0
0.82331002 -2.6810861 3.2208233 16.477535 0 0 0 0
1.1427993 -2.6986156 3.2221668 7.8000002 0 0 0 0
1.2797465 -2.6552553 3.2245035 9.2060156 0 0 0 0
1.6322477 -2.5367494 3.206418 14.388303 0 0 0 0
1.9603555 -2.6735694 3.2219629 17.006451 0 0 0 0
2.3756599 -2.6858401 3.2262571 19.819656 0 0 0 0
2.5544691 -2.592555 3.2085004 10.046471 0 0 0 0
2.7843034 -2.6537983 3.2262149 21.521946 0 0 0 0
3.0606134 -2.6822534 3.2322996 20.453009 0 0 0 0
3.4718709 -2.6822963 3.242383 20.615002 0 0 0 0
3.8310604 -2.6551225 3.2259855 25.872704 0 0 0 0
4.1364989 -2.6883073 3.2317016 25.712656 0 0 0 0
4.302352 -2.6922982 3.2258327 25.494606 0 0 0 0
4.6256962 -2.5604663 3.2290545 27.357525 0 0 0 0
4.8732929 -2.6811113 3.2210422 26.0107 0 0 0 0
5.3342609 -2.6866436 3.2208626 24.582649 0 0 0 0
5.5634279 -2.6435857 3.2204857 23.423683 0 0 0 0
5.9169273 -2.6933026 3.2236385 21.351492 0 0 0 0
6.0208187 -2.6938648 3.2176149 21.063187 0 0 0 0
6.4175253 -2.6875653 3.2193122 19.640091 0 0 0 0
6.7227688 -2.6835682 3.2133636 20.557941 0 0 0 0
6.9780579 -2.6889544 3.2217197 19.830767 0 0 0 0
7.4308624 -2.694128 3.2125015 19.608818 0 0 0 0
7.6336198 -2.628489 3.2025394 19.44231 0 0 0 0
-16.840591 -2.134429 3.0737312 47.646484 0 0 0 0
-16.62631 -2.1788149 3.2041931 24.472656 0 0 0 0
-16.36858 -2.1676016 3.1114495 16.375 0 0 0 0
-16.066826 -2.1623983 3.0528235 8.3535156 0 0 0 0
-15.794062 -2.1515105 3.2203 14.167969 0 0 0 0
-15.482508 -2.1484435 3.081161 11.570312 0 0 0 0
-15.129971 -2.1520381 3.1590574 11.132812 0 0 0 0
-14.76509 -2.153053 3.0630989 13.917969 0 0 0 0
-14.533227 -2.147079 3.1962008 13.063477 0 0 0 0
-14.283298 -2.1392279 3.0898194 11.636719 0 0 0 0
-13.96892 -2.134779 3.0817738 12.645833 0 0 0 0
-13.608844 -2.1147919 3.1441302 19.083334 0 0 0 0
-13.27154 -2.2822599 3.1303744 30.985245 0 0 0 0
-13.103565 -2.2220755 3.1959209 30.472906 0 0 0 0
-12.632338 -2.2515116 3.2233868 26.339191 0 0 0 0
-12.419439 -2.1544001 3.2292075 30.371651 0 0 0 0
-12.038702 -2.2042279 3.2306559 27.662403 0 0 0 0
-11.982359 -2.2428918 3.2266674 29.263149 0 0 0 0
-11.493015 -2.189784 3.2307053 26.853945 0 0 0 0
-11.197663 -2.3147554 3.2222235 31.332294 0 0 0 0
-10.986013 -2.3237827 3.2281594 27.844524 0 0 0 0
-10.714638 -2.1683564 3.2246664 29.014793 0 0 0 0
-10.445726 -2.2289915 3.2239571 28.968456 0 0 0 0
-10.125049 -2.2301798 3.2252336 27.630608 0 0 0 0
-9.7193184 -2.2390244 3.2270474 29.641651 0 0 0 0
-9.3703213 -2.319273 3.2302365 25.21875 0 0 0 0
-9.1278811 -2.2562222 3.2404771 29.82803 0 0 0 0
-8.9496117 -2.1582313 3.2404525 28.962774 0 0 0 0
-8.6240234 -2.1485338 3.2507877 29.46933 0 0 0 0
-8.2220478 -2.1518805 3.2396488 27.140625 0 0 0 0
-8.0087204 -2.113256 3.2077022 24.25 0 0 0 0
-7.2806439 -2.2789598 3.014509 26.466227 0 0 0 0
-6.9437962 -2.3300323 3.2605751 24.898888 0 0 0 0
-6.8948698 -2.3046205 3.2597775 24.865625 0 0 0 0
-0.42687723 -2.3416431 3.2241402 23.250477 0 0 0 0
-0.19646257 -2.2572451 3.1783721 21.763039 0 0 0 0
0.12664157 -2.1125023 3.1857522 16.074049 0 0 0 0
0.80257058 -2.1995287 3.1932364 8.0373888 0 0 0 0
1.313797 -2.1947098 3.2152064 21.772148 0 0 0 0
1.6506438 -2.2088728 3.1972375 17.454922 0 0 0 0
1.9218057 -2.217875 3.215477 23.961658 0 0 0 0
2.3589368 -2.2082894 3.2203476 22.275341 0 0 0 0
2.4691958 -2.2260628 3.2240591 21.586246 0 0 0 0
2.7350023 -2.1942866 3.2216144 22.712187 0 0 0 0
3.0936506 -2.2215991 3.2249432 24.544395 0 0 0 0
3.5057333 -2.2018886 3.2295895 25.215616 0 0 0 0
3.7915173 -2.2175989 3.2179635 26.683636 0 0 0 0
4.1014481 -2.2523894 3.2198539 26.781487 0 0 0 0
4.2192898 -2.2194593 3.220166 27.803394 0 0 0 0
4.6010609 -2.2245395 3.218966 29.535128 0 0 0 0
4.9040427 -2.2199969 3.2165835 29.988831 0 0 0 0
5.3630085 -2.2158556 3.2160201 25.946442 0 0 0 0
5.5286756 -2.2095692 3.2141581 25.22994 0 0 0 0
5.917191 -2.2124791 3.2108746 21.984102 0 0 0 0
6.4176154 -2.231607 3.2128711 21.690222 0 0 0 0
6.7627125 -2.209271 3.2201338 22.437836 0 0 0 0
6.9858875 -2.2111478 3.2126472 22.84194 0 0 0 0
7.4619493 -2.1925898 3.2156653 22.883556 0 0 0 0
7.7176867 -2.2071924 3.2162445 21.385464 0 0 0 0
-16.852699 -2.0085783 3.1643028 61.32304 0 0 0 0
-15.858309 -2.0979335 3.0418954 3 0 0 0 0
-14.625128 -2.0896783 3.0270426 8.5 0 0 0 0
-14.197725 -2.0866272 3.2510524 9 0 0 0 0
-13.881435 -1.9956356 3.1733584 8.5 0 0 0 0
-13.657127 -2.0481091 3.1611662 10.734503 0 0 0 0
-13.386496 -1.97711 3.198643 22.169434 0 0 0 0
-12.926306 -2.059649 3.2313638 28 0 0 0 0
-12.710648 -1.8150566 3.2188277 30 0 0 0 0
-12.37575 -1.9601548 3.2131953 27.375 0 0 0 0
-12.228294 -1.8769474 3.2216296 32.17046 0 0 0 0
-11.76519 -2.0378017 3.2192545 26 0 0 0 0
-11.638691 -1.8917935 3.2209239 27.71875 0 0 0 0
-11.255077 -2.0385108 3.2239404 27.781696 0 0 0 0
-11.090738 -2.0491307 3.2144694 30 0 0 0 0
-10.614192 -2.0506539 3.2306719 27.5 0 0 0 0
-10.340534 -1.9773759 3.2198253 29.0499 0 0 0 0
-10.025826 -2.016782 3.2167377 29.723522 0 0 0 0
-9.8211269 -1.8243598 3.2283156 28.625 0 0 0 0
-9.3285542 -2.0327787 3.2289295 28.046875 0 0 0 0
-9.0554771 -2.059375 3.2390513 31 0 0 0 0
-8.7898407 -1.9253827 3.2509668 29.647114 0 0 0 0
-8.4791718 -2.0390213 3.2497506 28.518051 0 0 0 0
-8.211544 -1.8812004 3.2598286 26.522619 0 0 0 0
-7.9287872 -2.0649447 3.2453349 25.863102 0 0 0 0
-7.5848765 -1.8593371 3.2606058 26.226265 0 0 0 0
-7.3715811 -2.0437617 3.2496648 25.831867 0 0 0 0
-0.15043433 -1.89873 3.2085886 20.720295 0 0 0 0
0.14681074 -2.0923333 3.20573 14.328232 0 0 0 0
0.8161481 -2.0921617 3.2032599 9.0136366 0 0 0 0
1.6483737 -1.9700887 3.2169495 10.039795 0 0 0 0
2.2434018 -2.0659957 3.2198951 28.799999 0 0 0 0
2.6930499 -2.0499473 3.2192485 28.875 0 0 0 0
2.7514482 -1.9236771 3.2256312 15.666667 0 0 0 0
3.4040582 -1.9684732 3.2176573 32.375 0 0 0 0
3.9277468 -1.9177935 3.2142863 27.5 0 0 0 0
4.5593081 -1.9997826 3.2185614 31.864582 0 0 0 0
5.660974 -2.0638359 3.2098711 26 0 0 0 0
7.4179029 -1.841707 3.215467 23.125 0 0 0 0
7.6484423 -1.835426 3.2195745 23 0 0 0 0
-29.892849 -1.5466708 3.1400032 6 0 0 0 0
-16.85849 -1.6972692 3.1450124 56.236256 0 0 0 0
-13.633498 -1.6787872 3.1515911 6.8683167 0 0 0 0
-13.455193 -1.6815817 3.1803288 11.73824 0 0 0 0
-13.011581 -1.6050465 3.2175121 30.969597 0 0 0 0
-12.763123 -1.682595 3.2178967 32.175903 0 0 0 0
-12.439279 -1.6763862 3.2139919 33.477802 0 0 0 0
-12.146772 -1.7434416 3.2167478 29.666367 0 0 0 0
-11.905653 -1.672555 3.217195 29.103996 0 0 0 0
-11.522984 -1.6634951 3.2241492 30.69483 0 0 0 0
-11.330917 -1.6685984 3.2127292 31.606365 0 0 0 0
-10.920785 -1.7354532 3.2203901 30.16806 0 0 0 0
-10.650732 -1.6658251 3.2114468 31.672087 0 0 0 0
-10.365471 -1.6632605 3.2205672 31.420214 0 0 0 0
-10.134466 -1.6830373 3.2159123 30.501345 0 0 0 0
-9.7956629 -1.7230012 3.2224326 31.441936 0 0 0 0
-9.4956264 -1.6801479 3.2263947 28.42934 0 0 0 0
-9.0336828 -1.6941078 3.2402277 30.561398 0 0 0 0
-8.8252735 -1.6311269 3.2510619 30.188824 0 0 0 0
-8.5896549 -1.7151666 3.2512741 29.13802 0 0 0 0
-8.190855 -1.707994 3.2553515 27.270832 0 0 0 0
-7.9385023 -1.7124805 3.2595148 26.997185 0 0 0 0
-7.7123942 -1.6463956 3.2584252 26.877851 0 0 0 0
-7.4107685 -1.703957 3.2592306 25.967138 0 0 0 0
0.22703609 -1.7230511 3.2173724 7.027379 0 0 0 0
0.54929924 -1.6661021 3.2257762 15.385551 0 0 0 0
0.82479465 -1.6636136 3.2042084 21.893505 0 0 0 0
1.3253839 -1.6843272 3.2103567 27.282604 0 0 0 0
1.6511354 -1.6171194 3.2553349 10.587925 0 0 0 0
1.9520965 -1.7024043 3.2169361 24.588585 0 0 0 0
2.3253069 -1.6787375 3.2193291 26.025808 0 0 0 0
2.5575347 -1.6730056 3.2154062 29.162086 0 0 0 0
2.8145466 -1.6940498 3.2145271 27.26441 0 0 0 0
3.1126885 -1.722959 3.2096329 27.995594 0 0 0 0
3.5030289 -1.6852665 3.2138228 28.154627 0 0 0 0
3.8080785 -1.7189312 3.2086182 29.222317 0 0 0 0
4.1610789 -1.7157385 3.2110639 31.610558 0 0 0 0
4.2342129 -1.7096019 3.2117012 31.91921 0 0 0 0
4.5721903 -1.7286093 3.2122259 33.144455 0 0 0 0
4.9298754 -1.7159376 3.2115746 33.630653 0 0 0 0
5.3356118 -1.7209694 3.2070043 30.567366 0 0 0 0
5.5317001 -1.7297435 3.2088337 28.311663 0 0 0 0
5.9160657 -1.7109089 3.2054663 23.948444 0 0 0 0
6.3999157 -1.7419389 3.2073255 24.29508 0 0 0 0
6.7745609 -1.6795793 3.2117052 23.036583 0 0 0 0
6.9853516 -1.7226319 3.208607 23.169399 0 0 0 0
7.4472537 -1.7154095 3.2074733 23.840942 0 0 0 0
7.6861944 -1.7532666 3.206583 23.757765 0 0 0 0
-29.909641 -1.3296196 3.0748639 7.8463545 0 0 0 0
-16.856806 -1.256102 3.1197929 59.472935 0 0 0 0
-13.632449 -1.2474074 3.1463966 5.7784162 0 0 0 0
-13.36673 -1.3623797 3.1913595 22.877605 0 0 0 0
-13.04541 -1.2252655 3.2125411 34.962837 0 0 0 0
-12.686621 -1.2268198 3.2104239 38.877464 0 0 0 0
-12.529215 -1.2195497 3.2127953 32.226326 0 0 0 0
-12.117687 -1.2571607 3.2100744 32.182129 0 0 0 0
-11.901024 -1.2593727 3.2092447 32.860184 0 0 0 0
-11.580413 -1.2718167 3.2094662 34.439331 0 0 0 0
-11.204347 -1.3404282 3.2132967 32.871525 0 0 0 0
-10.834013 -1.2261984 3.2110076 32.508659 0 0 0 0
-10.719156 -1.2721918 3.2110133 32.620335 0 0 0 0
-10.470732 -1.3111968 3.2182813 33.260719 0 0 0 0
-10.143234 -1.2430779 3.2163656 33.276131 0 0 0 0
-9.7443867 -1.2392489 3.2205997 32.714813 0 0 0 0
-9.3913498 -1.2431929 3.2287674 31.65797 0 0 0 0
-9.1814156 -1.2491803 3.2331843 32.030922 0 0 0 0
-8.8775673 -1.3836704 3.2389836 32.203941 0 0 0 0
-8.596714 -1.2455552 3.2497454 28.793133 0 0 0 0
-8.2564631 -1.309705 3.2528911 27.5625 0 0 0 0
-7.8908243 -1.2261379 3.2535017 27.550526 0 0 0 0
-7.5978622 -1.3764851 3.2557387 26.606083 0 0 0 0
0.43969813 -1.2310985 3.2224464 12.929122 0 0 0 0
0.81435716 -1.2052937 3.2013717 16.742678 0 0 0 0
1.3212628 -1.2073395 3.2032537 21.65789 0 0 0 0
1.6610689 -1.3802316 3.2318685 6.5300827 0 0 0 0
1.9307446 -1.2091956 3.2091918 24.445557 0 0 0 0
2.3770738 -1.2052127 3.2133212 27.434719 0 0 0 0
2.4919329 -1.2293715 3.2095659 28.320927 0 0 0 0
2.8045368 -1.2496749 3.2043798 28.269531 0 0 0 0
3.1225874 -1.2114406 3.2079387 32.506763 0 0 0 0
3.5097089 -1.2267766 3.2068191 42.084663 0 0 0 0
3.8051651 -1.2115517 3.2013407 38.234169 0 0 0 0
4.175087 -1.2141348 3.2013237 36.296219 0 0 0 0
4.2293429 -1.2346468 3.2024889 37.912785 0 0 0 0
4.5919271 -1.2395978 3.2057202 37.891071 0 0 0 0
4.9189129 -1.2212126 3.2030802 35.531067 0 0 0 0
5.3336296 -1.2142998 3.2004547 34.153183 0 0 0 0
5.534307 -1.2311621 3.1998692 32.278679 0 0 0 0
5.9045725 -1.2153357 3.1982377 26.778515 0 0 0 0
6.3790073 -1.2378235 3.2002058 27.948689 0 0 0 0
6.7172785 -1.2487142 3.2037458 27.167416 0 0 0 0
6.9701209 -1.2439938 3.2056885 24.07074 0 0 0 0
7.4536476 -1.2425334 3.1998446 25.537994 0 0 0 0
7.668942 -1.2524083 3.1998725 24.679123 0 0 0 0
-29.877197 -1.0855145 3.0793171 8.5 0 0 0 0
-16.848839 -1.1914039 3.0891066 62.662483 0 0 0 0
-13.645594 -1.1650625 3.1308718 7.0589476 0 0 0 0
-13.378382 -1.0357342 3.1888046 21.020109 0 0 0 0
-13.041756 -1.1822064 3.2085967 34.928238 0 0 0 0
-12.681143 -1.0786787 3.2131619 37.135418 0 0 0 0
-12.397873 -1.0452359 3.2136087 30.127892 0 0 0 0
-12.251272 -1.1129553 3.2135148 31.986111 0 0 0 0
-11.791418 -1.0679787 3.2109456 31.707031 0 0 0 0
-11.601751 -1.1342227 3.2106104 33.262909 0 0 0 0
-11.276981 -1.1218462 3.2165089 29.984758 0 0 0 0
-10.906467 -1.1320667 3.2085614 32.050297 0 0 0 0
-10.569757 -1.0818539 3.2063453 31.301973 0 0 0 0
-10.376748 -1.1055504 3.2153006 29.544792 0 0 0 0
-10.007938 -1.0798424 3.2192962 31.320719 0 0 0 0
-9.701479 -1.1833813 3.2225456 31.529167 0 0 0 0
-9.4800568 -1.0914767 3.2309668 32.147285 0 0 0 0
-9.191432 -1.0103607 3.231359 34.15229 0 0 0 0
-8.8761902 -1.0775672 3.2417295 30.294409 0 0 0 0
-8.5325232 -1.1831541 3.2499833 28.34375 0 0 0 0
-8.2731857 -1.037202 3.250623 29.219635 0 0 0 0
-7.918581 -1.1933231 3.2531381 27.566147 0 0 0 0
-7.7058949 -1.1143048 3.2524042 26.730984 0 0 0 0
0.53118384 -1.1922507 3.2402964 12.478727 0 0 0 0
0.81643629 -1.1925521 3.2022781 16.256874 0 0 0 0
1.2831866 -1.1918784 3.2016869 21.475414 0 0 0 0
1.6495515 -1.1103021 3.2137444 13.282434 0 0 0 0
1.8958676 -1.1959851 3.2103953 24.822441 0 0 0 0
2.3482361 -1.1916692 3.2146928 26.080101 0 0 0 0
2.6737561 -1.1596928 3.2069836 31.630671 0 0 0 0
2.7993579 -1.1781219 3.2103753 30.662323 0 0 0 0
3.0798867 -1.1917181 3.2015259 38.905067 0 0 0 0
3.4665465 -1.1676167 3.197979 39.267418 0 0 0 0
3.7569385 -1.1713315 3.2040687 35.405781 0 0 0 0
4.1492901 -1.1813966 3.2052007 38.723076 0 0 0 0
4.2571731 -1.1963265 3.2032969 37.818527 0 0 0 0
4.5547857 -1.1814818 3.2031608 36.442993 0 0 0 0
4.8970857 -1.1899567 3.2052355 35.958733 0 0 0 0
5.3358331 -1.1911738 3.2010918 34.834854 0 0 0 0
5.5891199 -1.1616864 3.1999326 31.697437 0 0 0 0
5.9340925 -1.1972167 3.1989756 26.343155 0 0 0 0
6.4628134 -1.1907977 3.2042904 27.44581 0 0 0 0
6.7901592 -1.1650314 3.2009096 27.240915 0 0 0 0
6.9996223 -1.1940024 3.1997442 25.318844 0 0 0 0
7.439364 -1.1818974 3.1959136 25 0 0 0 0
7.6189289 -1.1708729 3.1967406 25.203716 0 0 0 0
-29.906677 -0.7744329 3.044136 11.615601 0 0 0 0
-16.837042 -0.69030249 3.0674498 92.124542 0 0 0 0
-13.8204 -0.7104845 3.0832067 1.5 0 0 0 0
-13.719213 -0.80470842 3.1086369 3.9770811 0 0 0 0
-13.353161 -0.71795118 3.1954935 27.843586 0 0 0 0
-13.135445 -0.76194453 3.2066805 35.317383 0 0 0 0
-12.745544 -0.71915174 3.2153964 39.3018 0 0 0 0
-12.450626 -0.67094213 3.2171302 34.293228 0 0 0 0
-12.089481 -0.76773512 3.2143312 32.501331 0 0 0 0
-11.785474 -0.71347034 3.2071085 29.353498 0 0 0 0
-11.508438 -0.7174347 3.2097945 31.247437 0 0 0 0
-11.200809 -0.70826489 3.2056801 30.659187 0 0 0 0
-10.849211 -0.70620179 3.2096081 30.592693 0 0 0 0
-10.709478 -0.71106297 3.2055047 31.709976 0 0 0 0
-10.370874 -0.78209841 3.208313 33.074295 0 0 0 0
-10.112951 -0.71109807 3.2162008 31.662033 0 0 0 0
-9.6941376 -0.70681 3.2202926 33.036392 0 0 0 0
-9.416935 -0.72401971 3.2361457 34.816776 0 0 0 0
-9.2070637 -0.71125841 3.2375283 32.897644 0 0 0 0
-8.8540659 -0.71695787 3.2450776 31.234024 0 0 0 0
-8.5491829 -0.69820344 3.245554 29.513491 0 0 0 0
-8.3356228 -0.71869469 3.2471445 28.902126 0 0 0 0
-7.986587 -0.70489705 3.2466514 27.757439 0 0 0 0
0.48247203 -0.72559518 3.2405796 10.547071 0 0 0 0
0.84829777 -0.70971197 3.2010107 10.758909 0 0 0 0
1.3139052 -0.70766526 3.1958363 17.98587 0 0 0 0
1.6103472 -0.70485032 3.182672 29.572527 0 0 0 0
1.8897593 -0.71662927 3.1947474 25.284775 0 0 0 0
2.3749433 -0.70046973 3.1991076 24.824177 0 0 0 0
2.5994546 -0.72355723 3.1982572 23.743277 0 0 0 0
2.8455296 -0.70384276 3.1955633 32.499161 0 0 0 0
3.1353304 -0.70918727 3.1978145 39.716217 0 0 0 0
3.5115235 -0.71154565 3.2046843 41.805611 0 0 0 0
3.7901783 -0.71574628 3.2011137 38.738014 0 0 0 0
4.1794829 -0.71728873 3.1961181 37.494781 0 0 0 0
4.2654867 -0.71379393 3.1973329 38.529846 0 0 0 0
4.5886183 -0.74731994 3.200228 35.781982 0 0 0 0
4.8948288 -0.7205168 3.1972215 37.549725 0 0 0 0
5.3389692 -0.70388007 3.1939378 35.564125 0 0 0 0
5.5817919 -0.72685599 3.1911855 35.411629 0 0 0 0
5.9208841 -0.71095359 3.1944556 30.812393 0 0 0 0
6.1518126 -0.74129951 3.1948593 28.809525 0 0 0 0
6.3777103 -0.74393594 3.194006 28.665485 0 0 0 0
6.7503748 -0.71709728 3.1947165 29.059628 0 0 0 0
7.0360394 -0.73174918 3.1946514 27.123564 0 0 0 0
7.4393415 -0.79964316 3.1922474 26.659973 0 0 0 0
7.6397886 -0.73301208 3.1878109 25.729422 0 0 0 0
-29.889879 -0.38599694 3.1090195 10.25 0 0 0 0
-16.849905 -0.5833568 3.1003087 82.416672 0 0 0 0
-13.37005 -0.44468871 3.189733 31.078125 0 0 0 0
-12.978899 -0.59286797 3.2103004 37.200001 0 0 0 0
-12.839143 -0.49151728 3.2187941 37.875 0 0 0 0
-12.363912 -0.52615178 3.2206759 32.5 0 0 0 0
-12.275866 -0.4515655 3.2128899 34.5 0 0 0 0
-11.773109 -0.57171351 3.2138305 31.5 0 0 0 0
-11.662964 -0.34723118 3.2000651 37 0 0 0 0
-11.161208 -0.46691328 3.2049515 33.90625 0 0 0 0
-10.963431 -0.3005808 3.1992698 33.75 0 0 0 0
-10.506011 -0.37911749 3.2124817 37 0 0 0 0
-10.322825 -0.47553575 3.2134581 33.375 0 0 0 0
-9.9857082 -0.54739344 3.2152288 33.460938 0 0 0 0
-9.4062757 -0.33874679 3.2382836 32.895344 0 0 0 0
-9.2813206 -0.40332341 3.2305422 34.5 0 0 0 0
-8.769618 -0.3902204 3.2496653 31.5 0 0 0 0
-8.5568008 -0.52667224 3.1617956 2 0 0 0 0
-8.2792511 -0.45896834 3.2445507 28.986979 0 0 0 0
0.45522192 -0.36378211 3.1943011 5.6145892 0 0 0 0
1.6081774 -0.51276278 3.1776838 24.606287 0 0 0 0
2.6139984 -0.56817251 3.1892884 16.125 0 0 0 0
4.5883894 -0.38416976 3.1999788 37.260414 0 0 0 0
5.6674829 -0.30217433 3.1974492 35 0 0 0 0
6.8200979 -0.50212723 3.1970646 28 0 0 0 0
7.4067483 -0.57986528 3.1954248 26 0 0 0 0
-29.895851 -0.20514029 3.0264592 10.790527 0 0 0 0
-16.840786 -0.16701311 3.1156726 94.500099 0 0 0 0
-13.643082 -0.18571398 3.1328075 11.880393 0 0 0 0
-13.314362 -0.21102434 3.1939695 36.241077 0 0 0 0
-13.12021 -0.22935419 3.1992748 41.196564 0 0 0 0
-12.816231 -0.24215485 3.2050912 43.785206 0 0 0 0
-12.404841 -0.18218884 3.2117262 36.414234 0 0 0 0
-12.177339 -0.19263843 3.2211437 34.417637 0 0 0 0
-11.811487 -0.18021183 3.2090855 34.908203 0 0 0 0
-11.530892 -0.17706135 3.2020378 34.979019 0 0 0 0
-11.182158 -0.19063997 3.1988077 33.452507 0 0 0 0
-10.913891 -0.18020272 3.2046292 35.209801 0 0 0 0
-10.648327 -0.22393104 3.2077131 35.123589 0 0 0 0
-10.363771 -0.16757345 3.2134299 34.456398 0 0 0 0
-10.056088 -0.22877692 3.2117536 33.010788 0 0 0 0
-9.7330132 -0.19919059 3.2191403 33.068924 0 0 0 0
-9.4894981 -0.18257944 3.2353466 33.756004 0 0 0 0
-9.1575079 -0.2139577 3.2359629 33.725586 0 0 0 0
-8.7518864 -0.17404294 3.2475262 30.007812 0 0 0 0
-8.5875397 -0.20049784 3.2419887 30.202425 0 0 0 0
-8.239603 -0.16907293 3.2432559 29.385942 0 0 0 0
-7.9596334 -0.21578163 3.2415452 28.341846 0 0 0 0
0.55355388 -0.20634949 3.2277637 33.198891 0 0 0 0
0.8563385 -0.21361643 3.1911001 15.735531 0 0 0 0
1.2864611 -0.20538116 3.1875949 18.664354 0 0 0 0
1.6137593 -0.22174145 3.1721907 22.073109 0 0 0 0
1.894598 -0.21203238 3.1867809 17.742268 0 0 0 0
2.3798037 -0.204715 3.205462 19.21262 0 0 0 0
2.6009457 -0.21096352 3.1965203 22.284054 0 0 0 0
2.8872581 -0.21483424 3.1937356 29.465763 0 0 0 0
3.1563406 -0.21691148 3.1940112 40.811317 0 0 0 0
3.5322161 -0.21517724 3.2162862 57.71603 0 0 0 0
3.8038225 -0.21551856 3.1985664 42.802689 0 0 0 0
4.1921854 -0.20916197 3.1946681 42.464874 0 0 0 0
4.2604747 -0.22251882 3.1919408 42.985104 0 0 0 0
4.5810328 -0.23237172 3.1955581 37.61982 0 0 0 0
4.8891506 -0.21604519 3.1911099 43.460213 0 0 0 0
5.3665428 -0.22695881 3.1899095 38.008667 0 0 0 0
5.6536884 -0.24258344 3.1848433 36.289177 0 0 0 0
5.9181471 -0.2284241 3.1884923 36.618217 0 0 0 0
6.2948875 -0.24514396 3.1889188 30.5 0 0 0 0
6.3715 -0.2362957 3.1868951 29.85561 0 0 0 0
6.7421799 -0.21507272 3.1882787 30.179218 0 0 0 0
7.0764627 -0.24859178 3.1877952 29.479385 0 0 0 0
7.4393301 -0.16694264 3.1884501 29.055737 0 0 0 0
7.6429353 -0.23655766 3.1867726 27.409597 0 0 0 0
-29.943321 0.22504449 3.0573773 9.25 0 0 0 0
-16.845734 0.25487581 3.1228831 93.931198 0 0 0 0
-13.668158 0.24957305 3.1194859 8.8463278 0 0 0 0
-13.337942 0.14095679 3.1873465 36.597164 0 0 0 0
-13.075261 0.27346116 3.2012489 36.779655 0 0 0 0
-12.820626 0.26444948 3.1977515 40.44017 0 0 0 0
-12.437932 0.26167563 3.2111976 36.067711 0 0 0 0
-12.215136 0.26604548 3.2000327 35.084457 0 0 0 0
-11.832155 0.29069221 3.2028267 33.51593 0 0 0 0
-11.549086 0.27533823 3.198452 34.055405 0 0 0 0
-11.169586 0.18706077 3.1965837 34.879276 0 0 0 0
-10.884398 0.27691349 3.1950009 33.568283 0 0 0 0
-10.71165 0.26292691 3.1958315 33.456364 0 0 0 0
-10.405 0.27090779 3.205915 32.500275 0 0 0 0
-10.020819 0.26822531 3.205164 32.821922 0 0 0 0
-9.6941109 0.25550243 3.2209036 33.772308 0 0 0 0
-9.4782286 0.23567107 3.2286158 33.486034 0 0 0 0
-9.1523619 0.26141769 3.2279623 33.097317 0 0 0 0
-8.7399015 0.26371375 3.2391596 30.78125 0 0 0 0
-8.5726118 0.28167257 3.2391353 30.492188 0 0 0 0
-8.2208214 0.26829523 3.2353549 29.06106 0 0 0 0
-7.9598541 0.27947259 3.2343512 29.213387 0 0 0 0
0.55056202 0.27417111 3.222795 92.075439 0 0 0 0
0.85682493 0.28780735 3.1882801 37.566216 0 0 0 0
1.2834646 0.27683091 3.1847458 45.764027 0 0 0 0
1.6053529 0.25785598 3.1685767 35.842346 0 0 0 0
1.8554116 0.29022354 3.1821265 31.625042 0 0 0 0
2.3842733 0.29172587 3.1884627 37.253693 0 0 0 0
2.499825 0.2659449 3.1949308 35.302635 0 0 0 0
2.9199185 0.28956771 3.1925008 32.038235 0 0 0 0
3.1283715 0.27897501 3.1932855 35.489311 0 0 0 0
3.4968905 0.28305879 3.1986756 38.751263 0 0 0 0
3.7878385 0.29107499 3.1923842 37.897675 0 0 0 0
4.1725712 0.29410678 3.1864524 45.363693 0 0 0 0
4.227119 0.27209491 3.1886408 44.915077 0 0 0 0
4.5719719 0.25383782 3.1878252 42.341896 0 0 0 0
4.869854 0.27920067 3.1854856 45.314682 0 0 0 0
5.3678789 0.26390654 3.1852374 38.778053 0 0 0 0
5.6464415 0.26079726 3.1804686 35.715889 0 0 0 0
5.9229612 0.27440843 3.1859195 34.838806 0 0 0 0
6.0377235 0.27985257 3.1841838 34.304169 0 0 0 0
6.3818636 0.24975184 3.1816268 28.907925 0 0 0 0
6.7288504 0.26616955 3.180836 29.582809 0 0 0 0
7.022191 0.2700749 3.1844311 29.19779 0 0 0 0
7.4714313 0.25680214 3.1898408 26.993979 0 0 0 0
7.6531215 0.2579855 3.1864607 26.764746 0 0 0 0
-29.909571 0.31412691 3.0222931 8.765625 0 0 0 0
-16.843891 0.35668197 3.1356916 94.013962 0 0 0 0
-13.586486 0.36085302 3.133225 13.940886 0 0 0 0
-13.282412 0.32940531 3.1820512 35.040344 0 0 0 0
-13.023684 0.33509707 3.1935129 40.260418 0 0 0 0
-12.777224 0.44330263 3.1939516 39.697258 0 0 0 0
-12.428283 0.39954209 3.2047882 35.145836 0 0 0 0
-12.184108 0.36804819 3.2031727 32.895832 0 0 0 0
-11.789076 0.44901174 3.2070894 34.412827 0 0 0 0
-11.507809 0.32482028 3.1962104 34.589287 0 0 0 0
-11.274991 0.34620225 3.1975989 34.219604 0 0 0 0
-10.99731 0.34859127 3.1920896 32.668396 0 0 0 0
-10.733801 0.3392517 3.1934848 33.572918 0 0 0 0
-10.362198 0.3849237 3.2003572 32.310764 0 0 0 0
-9.9802475 0.37692204 3.2075448 33.510498 0 0 0 0
-9.7279415 0.31078276 3.2094305 32.72316 0 0 0 0
-9.4389706 0.37279934 3.2269368 34.054077 0 0 0 0
-9.2430038 0.35398179 3.2217989 32.780899 0 0 0 0
-8.757534 0.36849254 3.2325072 30.161459 0 0 0 0
-8.5710239 0.32277369 3.239387 29.989258 0 0 0 0
-8.2470131 0.34475696 3.2343917 28.648933 0 0 0 0
-7.9335709 0.30463943 3.2347484 28.953468 0 0 0 0
0.46814948 0.42943588 3.1943099 14.06425 0 0 0 0
0.84328187 0.30653709 3.1894398 38.118263 0 0 0 0
1.2800317 0.30817816 3.1819539 19.6287 0 0 0 0
1.6086648 0.45116568 3.1705041 29.63483 0 0 0 0
1.9394617 0.30807948 3.1776953 19.886015 0 0 0 0
2.3781676 0.30772299 3.1949806 30.671875 0 0 0 0
2.6575537 0.35391355 3.1895711 41.688553 0 0 0 0
2.7226319 0.30859947 3.1894996 31.272514 0 0 0 0
3.0833578 0.30336952 3.1921935 46.365608 0 0 0 0
3.4670596 0.30559874 3.1919644 29.16382 0 0 0 0
3.719255 0.30678302 3.1909513 41.236931 0 0 0 0
4.1745462 0.30185711 3.1872392 44.411766 0 0 0 0
4.2565904 0.30896714 3.1849918 42.93486 0 0 0 0
4.5368586 0.37898064 3.1910858 42.085556 0 0 0 0
4.8688254 0.3062126 3.1841488 44.364765 0 0 0 0
5.3104749 0.30483854 3.1865149 39.108334 0 0 0 0
5.6493492 0.33853856 3.1851039 36.651852 0 0 0 0
5.8986359 0.30671981 3.1854906 33.677742 0 0 0 0
6.4109731 0.31052855 3.1821728 29.090649 0 0 0 0
6.7695346 0.32118559 3.1854646 29.856136 0 0 0 0
6.9187031 0.3265034 3.1887574 28.833332 0 0 0 0
7.4433031 0.31465098 3.1859117 27.909721 0 0 0 0
7.691184 0.31887901 3.1867435 26.344032 0 0 0 0
-29.916492 0.77485728 3.0330791 12.125 0 0 0 0
-16.849056 0.7723071 3.0751951 95.811447 0 0 0 0
-13.609895 0.81361133 3.1138828 8.0050535 0 0 0 0
-13.434794 0.80049115 3.1664419 23.982162 0 0 0 0
-13.054584 0.80454546 3.1846287 37.226772 0 0 0 0
-12.666008 0.8039403 3.1742325 42.802258 0 0 0 0
-12.502092 0.80222702 3.1811042 40.677101 0 0 0 0
-12.205216 0.74297684 3.2013433 39.172638 0 0 0 0
-11.919043 0.75202763 3.204438 34.778568 0 0 0 0
-11.605114 0.83686948 3.1983531 32.827545 0 0 0 0
-11.25626 0.76330233 3.1904492 32.352661 0 0 0 0
-10.967347 0.77186656 3.1851904 33.566418 0 0 0 0
-10.692327 0.84199089 3.1852322 36.397362 0 0 0 0
-10.369558 0.77232343 3.2026196 33.130791 0 0 0 0
-9.976141 0.7798447 3.2149658 32.832264 0 0 0 0
-9.7443295 0.78041148 3.2033958 33.413231 0 0 0 0
-9.3726816 0.81189972 3.2079983 32.932728 0 0 0 0
-9.1134748 0.78524315 3.214227 32.335484 0 0 0 0
-8.787919 0.84389758 3.2272692 31.195753 0 0 0 0
-8.5279179 0.77567804 3.2286744 31.333673 0 0 0 0
-8.2870588 0.77818865 3.2292688 29.716864 0 0 0 0
-7.9665694 0.79296434 3.2255239 29.550228 0 0 0 0
0.48556098 0.79049635 3.2128174 42.385498 0 0 0 0
0.84750623 0.78382301 3.1876135 16.365959 0 0 0 0
1.3185568 0.78114605 3.1849022 15.955378 0 0 0 0
1.6205578 0.84856814 3.17379 17.015917 0 0 0 0
1.8768044 0.78253001 3.182806 22.451721 0 0 0 0
2.3771434 0.78400588 3.1936383 33.485191 0 0 0 0
2.5644062 0.7827493 3.1882405 35.390739 0 0 0 0
2.7943201 0.78881711 3.1893332 34.085754 0 0 0 0
3.0986433 0.77230853 3.1883588 33.075733 0 0 0 0
3.4901602 0.78083038 3.1931441 45.975723 0 0 0 0
3.7753201 0.78802407 3.1862106 38.546539 0 0 0 0
4.0319939 0.78718323 3.1805801 43.620529 0 0 0 0
4.2292118 0.7837224 3.1826355 43.50885 0 0 0 0
4.5469594 0.76292908 3.1844401 39.068497 0 0 0 0
4.8674164 0.77454412 3.1802125 43.743736 0 0 0 0
5.3546906 0.76082873 3.1807275 37.944962 0 0 0 0
5.5917764 0.78831315 3.1780908 36.186615 0 0 0 0
5.9199247 0.76811802 3.1768346 29.785957 0 0 0 0
6.1500149 0.75173157 3.1756747 29.858974 0 0 0 0
6.3730583 0.76566601 3.1794565 28.764042 0 0 0 0
6.7472501 0.80939424 3.1791549 29.57896 0 0 0 0
7.0310659 0.79434896 3.1793294 28.541088 0 0 0 0
7.4294858 0.78612185 3.1845875 27.272083 0 0 0 0
7.6651044 0.75549191 3.1842291 26.418613 0 0 0 0
-29.921417 0.93598449 3.0660641 7.75 0 0 0 0
-16.842232 0.97638923 3.1906624 99 0 0 0 0
-13.675953 0.9950313 3.0853057 5.328125 0 0 0 0
-13.424382 1.1376717 3.1472816 20.625 0 0 0 0
-13.063454 1.1773559 3.1820474 34.666664 0 0 0 0
-12.769651 0.9192977 3.1744361 35.763672 0 0 0 0
-12.333479 1.007377 3.1806076 41.242188 0 0 0 0
-12.260423 1.1095476 3.1872983 37.5 0 0 0 0
-11.745097 1.1656747 3.1928742 32.375 0 0 0 0
-11.567735 1.0779297 3.1953917 33.171875 0 0 0 0
-11.215826 1.0311365 3.184824 34.59375 0 0 0 0
-10.526544 1.1633201 3.1811881 35.590614 0 0 0 0
-10.355371 1.0088997 3.196835 33.6875 0 0 0 0
-9.9800692 1.0331399 3.1822047 24.81315 0 0 0 0
-9.7407598 1.0519657 3.2207506 26.75 0 0 0 0
-9.3866692 1.1091512 3.2164478 33.083332 0 0 0 0
-9.2651463 0.9331243 3.2048206 31.25 0 0 0 0
-8.7667055 0.97731119 3.230063 33 0 0 0 0
-8.421299 1.1471348 3.2304919 30.5 0 0 0 0
-8.2675266 1.1019444 3.2243953 30.842087 0 0 0 0
-7.8490014 0.96924907 3.151454 2.5 0 0 0 0
-7.7158766 1.1500659 3.2206635 27.138889 0 0 0 0
1.6347315 1.1055546 3.1947851 14.888607 0 0 0 0
2.6042137 1.1087029 3.1802962 18 0 0 0 0
3.4930921 1.0956161 3.1810656 30.833334 0 0 0 0
3.7327039 1.18896 3.1792943 34.666668 0 0 0 0
4.5460315 1.1050329 3.1784492 35.257812 0 0 0 0
5.6434131 0.97288066 3.1817224 35.5 0 0 0 0
7.5868621 0.91631728 3.1782072 28 0 0 0 0
-29.905903 1.3188078 3.0201669 12.359375 0 0 0 0
-16.854027 1.2825301 3.0920067 98.906372 0 0 0 0
-13.676329 1.3695159 3.0951681 8.1110268 0 0 0 0
-13.374022 1.3076668 3.1554432 22.351543 0 0 0 0
-12.968023 1.2693795 3.1776247 38.718315 0 0 0 0
-12.673824 1.3158436 3.1729455 41.902336 0 0 0 0
-12.535806 1.3159802 3.1681151 39.924355 0 0 0 0
-12.092432 1.3037124 3.1977048 39.220348 0 0 0 0
-11.809176 1.2905639 3.2021024 34.802628 0 0 0 0
-11.497072 1.2532058 3.1950123 32.413963 0 0 0 0
-11.250494 1.3170261 3.1820073 35.493309 0 0 0 0
-10.838093 1.296555 3.1815875 37.008003 0 0 0 0
-10.601531 1.2431841 3.1868424 37.164787 0 0 0 0
-10.415634 1.3503821 3.190043 36.878479 0 0 0 0
-10.109009 1.3259742 3.2047596 32.442356 0 0 0 0
-9.7563057 1.2961776 3.2194314 33.958366 0 0 0 0
-9.4595737 1.2888868 3.2035956 33.323429 0 0 0 0
-9.1481133 1.2987896 3.2075405 33.885605 0 0 0 0
-8.9342632 1.3079453 3.2195888 34.039719 0 0 0 0
-8.5563736 1.2961016 3.2213812 31.082598 0 0 0 0
-8.295351 1.2991586 3.2182221 31.80382 0 0 0 0
-7.8978553 1.3019601 3.2210102 29.58765 0 0 0 0
-7.6391721 1.3816119 3.2222035 30.528101 0 0 0 0
0.45096406 1.2976147 3.2042611 29.130545 0 0 0 0
0.80979908 1.2733675 3.1827259 21.518299 0 0 0 0
1.3147341 1.2814857 3.1876628 23.744734 0 0 0 0
1.6321487 1.4222981 3.2543745 42.682968 0 0 0 0
1.8970771 1.2853522 3.1903298 24.059311 0 0 0 0
2.3433266 1.2726212 3.186451 23.367805 0 0 0 0
2.5562596 1.2901049 3.1921644 30.230801 0 0 0 0
2.7510464 1.3603747 3.1854937 36.510933 0 0 0 0
3.0511627 1.2692978 3.1828442 33.378033 0 0 0 0
3.4833512 1.2925723 3.1909719 47.721382 0 0 0 0
3.7984424 1.271556 3.1808481 35.427944 0 0 0 0
4.158608 1.2859659 3.1774263 40.358612 0 0 0 0
4.2573433 1.2816987 3.1763072 39.509323 0 0 0 0
4.5967889 1.3145907 3.1791315 35.918262 0 0 0 0
4.8688111 1.2654533 3.1768641 39.580727 0 0 0 0
5.3585691 1.2782497 3.1780376 37.283363 0 0 0 0
5.5969362 1.2878854 3.1749866 35.435905 0 0 0 0
5.916522 1.2564151 3.1703653 26.903494 0 0 0 0
6.0044155 1.2897719 3.1527026 32.692307 0 0 0 0
6.3739085 1.2679594 3.1739547 28.851105 0 0 0 0
6.7831469 1.2970951 3.17817 28.57954 0 0 0 0
7.0985584 1.2661453 3.1727083 27.034752 0 0 0 0
7.4516039 1.2923322 3.1735914 26.716755 0 0 0 0
7.6599207 1.2573295 3.1733806 25.479343 0 0 0 0
-29.913101 1.6311159 3.0255225 9.5 0 0 0 0
-16.855711 1.7648983 3.0823445 99.940308 0 0 0 0
-15.790126 1.7116559 3.2974799 2 0 0 0 0
-15.398773 1.5333505 3.2712288 2 0 0 0 0
-13.537148 1.7449479 3.1456876 19.195377 0 0 0 0
-13.417082 1.7344348 3.1512098 22.647243 0 0 0 0
-13.090772 1.7228076 3.168365 32.526691 0 0 0 0
-12.648424 1.7730825 3.1675324 37.915367 0 0 0 0
-12.366314 1.7364246 3.1790884 36.420166 0 0 0 0
-12.255369 1.6830767 3.185884 43.045898 0 0 0 0
-11.846974 1.7212784 3.1966667 33.215492 0 0 0 0
-11.477655 1.7547066 3.187552 32.672844 0 0 0 0
-11.199827 1.6554286 3.1800151 35.467529 0 0 0 0
-10.962168 1.7169931 3.1783082 34.361111 0 0 0 0
-10.651583 1.7240168 3.1757715 35.715233 0 0 0 0
-10.384944 1.7047038 3.1796951 37.347881 0 0 0 0
-10.150129 1.741308 3.1911845 33.851715 0 0 0 0
-9.6842575 1.7781107 3.212008 33.255859 0 0 0 0
-9.4504175 1.7182803 3.2057738 34.289959 0 0 0 0
-9.0889206 1.7691084 3.2076464 33.720726 0 0 0 0
-8.9181099 1.7352791 3.2128425 33.752811 0 0 0 0
-8.5728436 1.7892356 3.2127113 31.276676 0 0 0 0
-8.2537308 1.6811595 3.2094855 30.480068 0 0 0 0
-7.8779416 1.7597919 3.2137589 30.104666 0 0 0 0
-7.6610951 1.737715 3.2204123 29.79961 0 0 0 0
-7.4438367 1.7604187 3.2232809 29.609783 0 0 0 0
0.2113328 1.7925386 3.1674037 6.6347938 0 0 0 0
0.53791368 1.7327411 3.2326448 13.671913 0 0 0 0
0.82162941 1.7650847 3.1683178 16.051903 0 0 0 0
1.3413272 1.7721105 3.1746435 21.263559 0 0 0 0
1.6312027 1.7397346 3.1869767 19.002089 0 0 0 0
1.9404528 1.7802116 3.1780007 26.186348 0 0 0 0
2.3226545 1.7608674 3.1807175 24.598866 0 0 0 0
2.5951531 1.769035 3.1807964 27.096922 0 0 0 0
2.7316461 1.7753994 3.1798787 29.578445 0 0 0 0
3.0512774 1.769186 3.173481 29.041079 0 0 0 0
3.4690943 1.7481346 3.1914573 30.457813 0 0 0 0
3.7433877 1.7815368 3.1732607 32.338329 0 0 0 0
4.0703802 1.7786958 3.1728063 33.932755 0 0 0 0
4.2527037 1.7807634 3.1709342 34.392891 0 0 0 0
4.5869904 1.7743013 3.1734283 35.35611 0 0 0 0
4.8445501 1.7784934 3.1690216 38.005966 0 0 0 0
5.3535509 1.7830693 3.1697426 37.448135 0 0 0 0
5.5907578 1.7874923 3.165627 36.372734 0 0 0 0
5.9261341 1.7654943 3.1647654 29.611744 0 0 0 0
6.0037928 1.7649022 3.1515763 33 0 0 0 0
6.3753414 1.7479808 3.1662357 29.495327 0 0 0 0
6.7737737 1.7641963 3.1711173 29.470377 0 0 0 0
7.0623341 1.7616059 3.1693659 26.817963 0 0 0 0
7.4443383 1.7883296 3.1642876 25.862061 0 0 0 0
7.6753001 1.7552872 3.1681576 25.153873 0 0 0 0
-29.936762 1.9434445 3.0192685 11 0 0 0 0
-16.853729 1.8311116 3.2049491 96.26342 0 0 0 0
-13.669816 1.8408271 3.101398 7.4022298 0 0 0 0
-13.355415 1.8865842 3.1694531 29.806242 0 0 0 0
-13.034378 1.9507432 3.1805048 31.815756 0 0 0 0
-12.689525 1.8270866 3.1783986 35.808586 0 0 0 0
-12.411285 1.8985865 3.1743345 35.641464 0 0 0 0
-12.203894 1.9080324 3.1845717 35.315392 0 0 0 0
-11.870768 1.8339803 3.1785522 34.778126 0 0 0 0
-11.597625 1.9069321 3.1867054 30.1812 0 0 0 0
-11.221252 2.003088 3.184551 33.64006 0 0 0 0
-10.83613 1.8199544 3.1782327 35.884579 0 0 0 0
-10.782912 1.8439856 3.1808167 34.693081 0 0 0 0
-10.376913 1.948209 3.1769962 34.901527 0 0 0 0
-10.105791 1.8484004 3.183429 34.384953 0 0 0 0
-9.7481976 1.8428125 3.1971097 33.341812 0 0 0 0
-9.3866749 2.0077286 3.2058015 34.897461 0 0 0 0
-9.1020164 1.8121006 3.2099047 33.929863 0 0 0 0
-8.7571735 1.9963887 3.2035379 34.106766 0 0 0 0
-8.6401558 1.8799546 3.2071676 33.612808 0 0 0 0
-8.148201 1.9437413 3.2089014 30.212212 0 0 0 0
-7.9499521 1.823867 3.2139621 29.52207 0 0 0 0
-7.6138935 1.9166784 3.2192464 29.385902 0 0 0 0
-7.3075495 1.9325151 3.2056034 24.453125 0 0 0 0
-0.14859712 1.9516959 3.1629958 18.728052 0 0 0 0
0.23191178 1.8093235 3.1666989 6.7480402 0 0 0 0
1.609287 1.8530767 3.1634393 17.188461 0 0 0 0
1.9964088 1.8025581 3.1784716 22.551723 0 0 0 0
2.5578346 1.8188789 3.179215 27.07877 0 0 0 0
2.7839303 1.9076679 3.1725283 36.444775 0 0 0 0
3.1484919 1.806169 3.1732616 29.51852 0 0 0 0
3.4684558 1.8143121 3.1768785 32.081703 0 0 0 0
3.8000512 1.8270295 3.1711211 32.582672 0 0 0 0
4.0572166 1.885129 3.1700544 33.375 0 0 0 0
4.2608953 1.8061674 3.1710701 34.148163 0 0 0 0
4.5591917 1.9164277 3.1684647 34.202015 0 0 0 0
4.8439164 1.8039043 3.1702158 37.235985 0 0 0 0
5.3527288 1.8107206 3.1717749 37.475533 0 0 0 0
5.6125536 1.8203585 3.1651707 37.088707 0 0 0 0
5.9348488 1.8069063 3.1639285 31.391525 0 0 0 0
6.4276514 1.8239462 3.1683905 29.83774 0 0 0 0
6.6927814 1.8174524 3.1634197 29.82111 0 0 0 0
7.0349369 1.8274472 3.1681879 26.63203 0 0 0 0
7.42068 1.8038833 3.1682844 25.732813 0 0 0 0
7.617609 1.8134212 3.1654415 25.500141 0 0 0 0
-29.888725 2.3163424 3.026381 10.5 0 0 0 0
-16.852188 2.3161235 3.1425068 103.19827 0 0 0 0
-15.090447 2.1054885 3.2943225 1 0 0 0 0
-13.809192 2.3322663 3.0658789 1.3333333 0 0 0 0
-13.58314 2.3099451 3.1240649 12.115827 0 0 0 0
-13.337867 2.2291155 3.1785235 27.210861 0 0 0 0
-13.030322 2.2787218 3.1710582 31.510376 0 0 0 0
-12.700028 2.2720456 3.1863375 29.342548 0 0 0 0
-12.402312 2.2331984 3.1774786 33.227375 0 0 0 0
-12.10549 2.2796497 3.1749837 34.830284 0 0 0 0
-11.953499 2.2877414 3.1795633 34.337723 0 0 0 0
-11.517401 2.2829971 3.179915 31.925518 0 0 0 0
-11.234705 2.2865896 3.17173 33.429195 0 0 0 0
-10.897676 2.2790446 3.1741772 33.90255 0 0 0 0
-10.704485 2.2631617 3.1763878 34.60648 0 0 0 0
-10.409538 2.2315972 3.1779451 31.829144 0 0 0 0
-10.09371 2.2249632 3.1812305 33.972702 0 0 0 0
-9.6698494 2.3024654 3.18753 32.591877 0 0 0 0
-9.3476419 2.2116871 3.2041202 32.229546 0 0 0 0
-9.15765 2.3321047 3.1952529 33.039032 0 0 0 0
-8.93396 2.218647 3.2027142 33.226166 0 0 0 0
-8.5403576 2.2692752 3.202095 32.528736 0 0 0 0
-8.290556 2.3516531 3.2003393 31.927898 0 0 0 0
-8.0461712 2.3194275 3.2084699 30.591825 0 0 0 0
-6.9310832 2.3750896 3.2013259 1.8007812 0 0 0 0
-6.8887262 2.3865764 3.1969433 2.3854165 0 0 0 0
-0.47108957 2.3996799 3.1754854 24.5 0 0 0 0
-0.23586899 2.3208177 3.1688325 27.224707 0 0 0 0
0.15862471 2.2780447 3.1648669 18.557865 0 0 0 0
0.54067898 2.3249757 3.2094522 8.5444317 0 0 0 0
0.82307225 2.2620697 3.1697865 6.2601275 0 0 0 0
0.91298783 2.2070556 3.1704316 8.3390369 0 0 0 0
1.3270495 2.2565405 3.173245 14.713485 0 0 0 0
1.6335082 2.2466087 3.1666565 18.981468 0 0 0 0
1.9189539 2.2762733 3.1724629 22.122509 0 0 0 0
2.3095038 2.2570601 3.1770997 26.101303 0 0 0 0
2.5526571 2.2713478 3.1784194 25.116442 0 0 0 0
2.7437439 2.2710593 3.1726952 25.327198 0 0 0 0
3.0998514 2.2727451 3.1672349 26.333008 0 0 0 0
3.5225763 2.2919803 3.1877551 35.407806 0 0 0 0
3.7668395 2.2989483 3.1714046 31.513653 0 0 0 0
4.1603317 2.2819548 3.1728783 33.838669 0 0 0 0
4.296361 2.2820868 3.1653144 33.514915 0 0 0 0
4.5779653 2.2378798 3.1660185 33.264881 0 0 0 0
4.8641434 2.280581 3.1633198 36.02317 0 0 0 0
5.3486462 2.2793207 3.1586218 37.186966 0 0 0 0
5.5778971 2.2852221 3.1557317 35.786995 0 0 0 0
5.9371433 2.264535 3.1578822 32.05587 0 0 0 0
6.0340834 2.2697616 3.1552734 31.096153 0 0 0 0
6.3736601 2.2587867 3.1599374 30.609653 0 0 0 0
6.7657933 2.2900529 3.1645842 29.373615 0 0 0 0
6.9825487 2.2511458 3.1661043 25.323193 0 0 0 0
7.4422235 2.2607508 3.1645732 27.544258 0 0 0 0
7.6904058 2.2813492 3.1600986 25.217428 0 0 0 0
-29.925682 2.5943613 3.0499163 7.25 0 0 0 0
-16.852242 2.4910369 3.2129536 104.0625 0 0 0 0
-13.746824 2.4141462 3.0865402 4.166667 0 0 0 0
-13.370239 2.5591142 3.1568837 26.61375 0 0 0 0
-12.998618 2.6713347 3.1740606 29.328125 0 0 0 0
-12.816294 2.5438144 3.1689823 35 0 0 0 0
-12.375123 2.5183525 3.1821361 33.793789 0 0 0 0
-12.270437 2.5465364 3.1845012 29.761353 0 0 0 0
-11.773518 2.5888798 3.1800737 31.029947 0 0 0 0
-11.515702 2.5622742 3.1674607 34.968285 0 0 0 0
-11.254978 2.5374682 3.1831059 34.170139 0 0 0 0
-10.976362 2.4291191 3.1686013 30.826904 0 0 0 0
-10.589548 2.5777755 3.1807661 32.48896 0 0 0 0
-10.430407 2.5324697 3.1748233 34.411781 0 0 0 0
-9.9833546 2.5941296 3.1684265 34.058266 0 0 0 0
-9.8052368 2.4530654 3.179213 34.973862 0 0 0 0
-9.4730263 2.648387 3.1946778 34.277138 0 0 0 0
-9.1963787 2.4575987 3.2110453 35.28548 0 0 0 0
-8.9506245 2.6662076 3.1989856 31.802082 0 0 0 0
-8.5105696 2.6601577 3.206111 31.875 0 0 0 0
-8.2457933 2.5833161 3.1998494 31.410685 0 0 0 0
-7.9793944 2.6591167 3.2083659 29.540316 0 0 0 0
-7.3202314 2.4263129 3.2899296 0 0 0 0 0
-6.9183064 2.4616046 3.1896687 1.4846988 0 0 0 0
-6.7615414 2.5730047 3.2092464 3.2904882 0 0 0 0
-0.51493871 2.4667487 3.1738615 26.656176 0 0 0 0
-0.28155634 2.6980064 3.1700621 24.608696 0 0 0 0
0.56312656 2.6633792 3.2380729 21.895834 0 0 0 0
1.4230025 2.6864033 3.1710696 5.9345236 0 0 0 0
1.5979333 2.5228987 3.1598086 11.015119 0 0 0 0
2.2387707 2.6148813 3.171339 26 0 0 0 0
2.6278312 2.6726832 3.1751752 19.125 0 0 0 0
3.4068356 2.5904121 3.1661711 26.320312 0 0 0 0
4.1281462 2.6897407 3.1646454 30.208332 0 0 0 0
4.5591259 2.5252399 3.1583736 32.596355 0 0 0 0
5.6850662 2.5560565 3.1557047 34.166668 0 0 0 0
6.5003915 2.6879427 3.1576519 30.6 0 0 0 0
6.8273201 2.6275496 3.163672 25 0 0 0 0
7.4280772 2.4455068 3.1633778 27 0 0 0 0
7.5963745 2.6013756 3.1584907 25.5 0 0 0 0
-29.942167 2.900521 3.0304978 8.5 0 0 0 0
-16.866516 2.8100891 3.1405487 97.768318 0 0 0 0
-15.331777 2.9896741 3.2950828 2 0 0 0 0
-13.625278 2.8004708 3.1146505 11.506826 0 0 0 0
-13.301049 2.8625331 3.1432793 24.401041 0 0 0 0
-13.065897 2.8204587 3.1702094 31.520699 0 0 0 0
-12.63101 2.8054297 3.1707463 32.917873 0 0 0 0
-12.474567 2.7887206 3.1699157 34.289871 0 0 0 0
-12.197108 2.816627 3.171844 32.853451 0 0 0 0
-11.914021 2.7550926 3.1729095 34.189785 0 0 0 0
-11.505497 2.7939029 3.1736 34.330719 0 0 0 0
-11.211838 2.8670778 3.1762276 32.461857 0 0 0 0
-10.872236 2.8159428 3.1672406 31.420155 0 0 0 0
-10.751266 2.7740734 3.1792603 32.808643 0 0 0 0
-10.438328 2.884408 3.1706204 35.091721 0 0 0 0
-10.134954 2.7898359 3.1757855 34.239151 0 0 0 0
-9.6877975 2.7930892 3.1867714 34.128242 0 0 0 0
-9.5181036 2.8000269 3.1828625 33.873405 0 0 0 0
-9.163229 2.8907018 3.1917906 35.049438 0 0 0 0
-8.819643 2.8618131 3.2069821 32.872398 0 0 0 0
-8.6061707 2.8383427 3.2011492 32.965981 0 0 0 0
-8.2804375 2.8766775 3.2025328 32.170746 0 0 0 0
-8.0158234 2.799264 3.2028005 30.809132 0 0 0 0
-7.3473778 2.7657733 3.2770689 0.5 0 0 0 0
-6.7859225 2.7421443 3.2071223 3.2180977 0 0 0 0
-0.86701363 2.8818941 3.1688132 19.529968 0 0 0 0
-0.53594708 2.803278 3.1756575 21.574574 0 0 0 0
-0.26843464 2.7550645 3.1684873 27.557396 0 0 0 0
0.18866484 2.7553513 3.1567566 24.279564 0 0 0 0
0.56233108 2.8084896 3.2518492 28.62088 0 0 0 0
0.82838482 2.7953987 3.1638741 16.038202 0 0 0 0
1.1464059 2.8534508 3.1689792 5.0069828 0 0 0 0
1.3052803 2.795861 3.1731827 5.1807756 0 0 0 0
1.6006954 2.7521129 3.1603732 2.6291232 0 0 0 0
1.9567972 2.7475882 3.1675763 15.58931 0 0 0 0
2.3447089 2.7618823 3.1747832 19.688095 0 0 0 0
2.5416191 2.7842548 3.1710918 20.738623 0 0 0 0
2.8107617 2.7891915 3.1665049 24.470924 0 0 0 0
3.1085923 2.7613161 3.1586132 26.271706 0 0 0 0
3.4718804 2.7620001 3.1680174 31.030331 0 0 0 0
3.7412803 2.8042197 3.1595144 27.815483 0 0 0 0
4.1538968 2.7829227 3.1607633 30.188847 0 0 0 0
4.2999516 2.7697811 3.1581621 28.582083 0 0 0 0
4.6717987 2.7729878 3.1588676 28.386166 0 0 0 0
4.8439178 2.7722006 3.1573846 32.411865 0 0 0 0
5.3469605 2.7725239 3.1519766 29.106136 0 0 0 0
5.5796924 2.8249459 3.1526589 28.968979 0 0 0 0
5.8966551 2.7528267 3.153101 29.48159 0 0 0 0
6.0436034 2.7672136 3.1528978 29.864414 0 0 0 0
6.3777485 2.7862625 3.1572003 30.199612 0 0 0 0
6.7847185 2.7817297 3.1628633 28.526579 0 0 0 0
7.0430837 2.7407827 3.1632323 24.975559 0 0 0 0
7.4465213 2.8698788 3.1587796 25.830952 0 0 0 0
7.6750522 2.7361789 3.1518145 23.025459 0 0 0 0
-29.926739 3.1582127 3.0397873 7.5 0 0 0 0
-16.871002 3.2415006 3.1527376 98.05954 0 0 0 0
-13.619808 3.1765132 3.1066465 8.4028072 0 0 0 0
-13.452028 3.1489391 3.1518369 25.283039 0 0 0 0
-13.004262 3.2185018 3.1566978 30.62516 0 0 0 0
-12.651613 3.2087445 3.1570289 32.596352 0 0 0 0
-12.460053 3.2043228 3.1780033 30.967258 0 0 0 0
-12.258399 3.0988021 3.1667047 36.533203 0 0 0 0
-11.883658 3.2285647 3.1687412 33.922169 0 0 0 0
-11.487973 3.1469421 3.1679938 33.13409 0 0 0 0
-11.238333 3.1937141 3.1659486 36.767853 0 0 0 0
-10.826946 3.2428508 3.1682763 34.101562 0 0 0 0
-10.778605 3.2599163 3.165592 35.994434 0 0 0 0
-10.250171 3.2284729 3.1776063 35.709213 0 0 0 0
-10.091667 3.2061789 3.1746721 34.377258 0 0 0 0
-9.6503124 3.2541785 3.1851106 33.290398 0 0 0 0
-9.5514107 3.2126029 3.1852417 33.786705 0 0 0 0
-9.0889816 3.274847 3.1913266 34.267685 0 0 0 0
-8.9027233 3.1392155 3.1967003 34.62793 0 0 0 0
-8.5224667 3.2786236 3.1996183 33.869057 0 0 0 0
-8.2527409 3.2522688 3.2001543 31.465332 0 0 0 0
-7.9780521 3.2118859 3.2066426 29.353764 0 0 0 0
-6.6303873 3.1626515 3.2539704 0 0 0 0 0
-6.423738 3.0991819 3.2348597 0.065933414 0 0 0 0
-6.2702494 3.0502522 3.226222 0.56463623 0 0 0 0
-1.3229004 3.2712913 3.1630459 12.807877 0 0 0 0
-0.99259913 3.2590761 3.1727476 13.576963 0 0 0 0
-0.52158046 3.2517993 3.1832275 17.022203 0 0 0 0
-0.28535521 3.2352006 3.1645451 24.130848 0 0 0 0
0.16332015 3.2504129 3.1570582 20.070526 0 0 0 0
0.54782224 3.1873894 3.2146287 24.999363 0 0 0 0
0.78986341 3.2493892 3.1624074 20.330597 0 0 0 0
1.0515295 3.2428417 3.1687961 11.5 0 0 0 0
1.3047457 3.2805858 3.1626565 12.799717 0 0 0 0
1.5912225 3.2261748 3.1523566 7.9439287 0 0 0 0
1.9407642 3.2536747 3.1688271 6.9748526 0 0 0 0
2.3497214 3.207202 3.1688499 11.486294 0 0 0 0
2.555341 3.2022753 3.165272 14.174891 0 0 0 0
2.8577309 3.2652149 3.1576309 19.923851 0 0 0 0
3.1479788 3.2790496 3.1496699 23.836399 0 0 0 0
3.4590318 3.2406139 3.1571 28.035717 0 0 0 0
3.7621553 3.2679069 3.1559038 27.729832 0 0 0 0
4.1586266 3.2475863 3.1559749 28.477404 0 0 0 0
4.2865238 3.2696154 3.1524501 27.606894 0 0 0 0
4.6010423 3.1996241 3.1576257 24.827215 0 0 0 0
4.8738823 3.263329 3.1523705 25.9708 0 0 0 0
5.3290682 3.2744818 3.1516557 25.884253 0 0 0 0
5.5855031 3.2790608 3.1520538 26.076141 0 0 0 0
5.9232159 3.2754307 3.151958 27.110928 0 0 0 0
6.0139751 3.2711446 3.1507545 26.770979 0 0 0 0
6.4032288 3.2607059 3.1535552 26.86961 0 0 0 0
6.806222 3.2423043 3.1590493 27.036211 0 0 0 0
7.0067978 3.2627025 3.1591492 24.862562 0 0 0 0
7.3167343 3.2432232 3.1576686 25.371181 0 0 0 0
7.7157907 3.1907649 3.1386549 22.244122 0 0 0 0
-29.933247 3.4638104 3.0252137 8.25 0 0 0 0
-16.8715 3.3302553 3.0475681 101.05612 0 0 0 0
-16.147074 3.525064 3.2978344 2 0 0 0 0
-15.149941 3.5405428 3.2616284 2 0 0 0 0
-13.609769 3.3716226 3.1212234 12.089143 0 0 0 0
-13.40963 3.3918881 3.1401825 20.435902 0 0 0 0
-13.159473 3.319571 3.1588838 29.834921 0 0 0 0
-12.656314 3.3918285 3.1546745 32.927605 0 0 0 0
-12.406915 3.4524517 3.1575561 30.416721 0 0 0 0
-12.05542 3.3894646 3.1713495 36.22393 0 0 0 0
-11.917852 3.4257915 3.1653669 36.012524 0 0 0 0
-11.558589 3.4285116 3.1683121 34.962692 0 0 0 0
-11.249981 3.4048564 3.1740899 34.380547 0 0 0 0
-10.866385 3.3724802 3.1661112 36.645004 0 0 0 0
-10.752289 3.3339787 3.1624937 36.577248 0 0 0 0
-10.430783 3.3972311 3.1705031 35.566547 0 0 0 0
-10.136125 3.3236785 3.1681471 35.138123 0 0 0 0
-9.7150421 3.4151645 3.1707907 34.878067 0 0 0 0
-9.382926 3.4869189 3.1811352 33.397324 0 0 0 0
-9.0964317 3.3483269 3.1867628 34.260696 0 0 0 0
-8.9866199 3.3227355 3.187222 35.016666 0 0 0 0
-8.5490923 3.4209423 3.1864593 34.560593 0 0 0 0
-8.2189884 3.4958088 3.1803308 31.640417 0 0 0 0
-8.0723152 3.3931279 3.2012711 34 0 0 0 0
-1.9523722 3.4976585 3.1712501 12.069998 0 0 0 0
-1.5964301 3.3741369 3.1681724 11.554451 0 0 0 0
-1.3352228 3.3262596 3.1652374 12.614338 0 0 0 0
-0.53013802 3.3413069 3.1787629 13.582996 0 0 0 0
-0.24677685 3.3466697 3.1621981 18.468172 0 0 0 0
0.25225872 3.3193669 3.1525831 16.462238 0 0 0 0
0.54601347 3.331208 3.1903367 25.044216 0 0 0 0
0.83045334 3.3066852 3.1602416 15.642712 0 0 0 0
0.96033001 3.3574257 3.163394 18.878096 0 0 0 0
1.4197292 3.3348856 3.1616023 12.267088 0 0 0 0
1.6807561 3.368161 3.1612177 8.9234304 0 0 0 0
1.8990226 3.3210926 3.1697483 6.5518069 0 0 0 0
2.6058581 3.3249753 3.1609507 17.781818 0 0 0 0
2.7506843 3.4612055 3.1471767 11.8239 0 0 0 0
3.1661613 3.3082604 3.1502614 25.211969 0 0 0 0
3.5257413 3.3471546 3.1471395 27.908272 0 0 0 0
3.7722449 3.3312838 3.1522412 27.976006 0 0 0 0
4.3732824 3.3106279 3.152308 26.844793 0 0 0 0
4.7165804 3.3581328 3.1514997 25.824842 0 0 0 0
4.8423929 3.3080723 3.1543102 26.036606 0 0 0 0
5.2852902 3.304368 3.1496119 25.752802 0 0 0 0
5.6072946 3.3158913 3.1512964 26.32341 0 0 0 0
5.9251223 3.3096223 3.1529198 26.675323 0 0 0 0
6.4264307 3.3074822 3.1554816 26.136263 0 0 0 0
6.7249389 3.3224149 3.1540065 26.035742 0 0 0 0
7.103549 3.3300152 3.1573939 25.929344 0 0 0 0
7.4546008 3.3941679 3.1571565 26.25 0 0 0 0
7.5957074 3.3188367 3.1534224 24.503286 0 0 0 0
-29.94454 3.8083975 3.0820351 5 0 0 0 0
-16.867224 3.7644911 3.0879886 99.158218 0 0 0 0
-15.976046 3.8941581 3.2822726 2 0 0 0 0
-13.621803 3.7880235 3.1094978 12.827861 0 0 0 0
-13.258251 3.8450499 3.1550756 28.371094 0 0 0 0
-12.992064 3.7608373 3.1615734 29.137764 0 0 0 0
-12.664046 3.8232627 3.1531017 26.861084 0 0 0 0
-12.406235 3.7218571 3.1528282 34.62077 0 0 0 0
-12.07358 3.8147392 3.1661696 31.36982 0 0 0 0
-11.938025 3.7473786 3.1678665 33.329575 0 0 0 0
-11.474958 3.6913888 3.1682184 32.904774 0 0 0 0
-11.220695 3.749711 3.1657457 32.337166 0 0 0 0
-10.840124 3.8121719 3.1598344 35.474281 0 0 0 0
-10.637005 3.6870098 3.1573453 36.096825 0 0 0 0
-10.419046 3.7159767 3.161521 39.24292 0 0 0 0
-10.145523 3.7813802 3.1683352 36.185799 0 0 0 0
-9.666769 3.8031025 3.1650672 35.587605 0 0 0 0
-9.5234833 3.806983 3.1702454 34.7925 0 0 0 0
-9.1241341 3.7828398 3.1813626 33.51651 0 0 0 0
-8.8273067 3.659586 3.1829538 33.85677 0 0 0 0
-8.5548544 3.6306486 3.1827066 32.870316 0 0 0 0
-8.3871717 3.6183825 3.1940269 33 0 0 0 0
-7.7453766 3.8734856 3.1700721 15 0 0 0 0
-5.7410002 3.7154653 3.211616 0 0 0 0 0
-5.5173564 3.6388199 3.224534 0 0 0 0 0
-5.1511545 3.8231864 3.197381 1.1915411 0 0 0 0
-4.9744396 3.8014889 3.2173524 2.4715428 0 0 0 0
-4.5174437 3.8796818 3.1894784 15.848303 0 0 0 0
-4.3650632 3.8440516 3.1858807 19.542128 0 0 0 0
-3.8627946 3.8627477 3.1820214 19.69397 0 0 0 0
-3.4791324 3.8796945 3.1801114 18.747124 0 0 0 0
-3.1734147 3.8829298 3.1716571 16.108955 0 0 0 0
-2.7047508 3.8192284 3.176126 15.511628 0 0 0 0
-2.6296535 3.8177273 3.1801777 13.974293 0 0 0 0
-2.1462111 3.7318218 3.1695223 13.157958 0 0 0 0
-2.0924678 3.7424529 3.1716561 13.334575 0 0 0 0
-1.6134521 3.7486336 3.1674366 11.035076 0 0 0 0
-1.3426226 3.7553468 3.1525502 13.763485 0 0 0 0
-0.96818829 3.7897549 3.1672072 12.933702 0 0 0 0
-0.66336322 3.728173 3.1687002 15.453733 0 0 0 0
-0.46013102 3.7420723 3.1662343 12.551843 0 0 0 0
-0.26087877 3.8280692 3.1504087 13.613771 0 0 0 0
0.11290702 3.7280531 3.1506999 16.435799 0 0 0 0
0.44825825 3.773634 3.1671188 16.065678 0 0 0 0
0.77613628 3.7302427 3.1582644 11.920486 0 0 0 0
1.0236783 3.754951 3.1631639 13.657856 0 0 0 0
1.3380613 3.7522085 3.1606603 14.191464 0 0 0 0
1.5987873 3.7411437 3.1462076 18.682978 0 0 0 0
1.8887628 3.768194 3.1630557 13.145849 0 0 0 0
2.3354383 3.8090258 3.1629257 4.2855783 0 0 0 0
2.5955527 3.7517648 3.1605687 7.015152 0 0 0 0
2.7775559 3.6515367 3.1557429 2.7979178 0 0 0 0
3.1810832 3.7575488 3.1401997 16.09042 0 0 0 0
3.4670296 3.7792478 3.1428821 23.33403 0 0 0 0
3.7622161 3.7267618 3.1487808 24.996437 0 0 0 0
4.1691656 3.7713823 3.1505997 24.737335 0 0 0 0
4.2904596 3.8027306 3.1492422 25.055101 0 0 0 0
4.6711383 3.7541137 3.1457286 24.790268 0 0 0 0
4.892128 3.7615476 3.1483607 24.618954 0 0 0 0
5.3197737 3.7894001 3.1451764 22.243717 0 0 0 0
5.5950603 3.7643831 3.1442242 21.781353 0 0 0 0
5.9133496 3.767931 3.1361194 21.60433 0 0 0 0
6.0105829 3.7675631 3.1404815 22.77504 0 0 0 0
6.4047561 3.7598491 3.1483839 24.103115 0 0 0 0
6.7206154 3.7853398 3.1518567 24.054379 0 0 0 0
6.9721441 3.7547741 3.155319 24.329718 0 0 0 0
7.3577471 3.8076692 3.1428647 23.587099 0 0 0 0
7.7438402 3.7693069 3.1359231 21.534756 0 0 0 0
7.809742 3.8285391 3.1397328 21 0 0 0 0
-29.926178 4.019434 3.0270107 8.3125 0 0 0 0
-16.874666 4.0396099 3.1537571 95.78125 0 0 0 0
-15.905979 3.9029174 3.2898989 2 0 0 0 0
-13.532484 4.1269598 3.1338677 15.213216 0 0 0 0
-13.347082 4.1016197 3.157805 26.083332 0 0 0 0
-13.133302 3.9384255 3.1662028 29.53125 0 0 0 0
-12.70658 3.990932 3.1607795 29.335938 0 0 0 0
-12.388805 4.0992622 3.1621146 26.517403 0 0 0 0
-12.254324 4.0494442 3.1572323 31.972275 0 0 0 0
-11.84918 4.1198997 3.1622376 28.758667 0 0 0 0
-11.532663 3.9970179 3.158231 30.191929 0 0 0 0
-11.187355 4.1382399 3.1612024 35.155376 0 0 0 0
-11.043476 4.0371127 3.1656275 33.125652 0 0 0 0
-10.7014 4.0971079 3.1654968 31.955685 0 0 0 0
-10.438248 4.1128383 3.1564655 34.428467 0 0 0 0
-10.12112 4.139595 3.1590922 36.961067 0 0 0 0
-9.6778355 4.0610695 3.1703496 35.546593 0 0 0 0
-9.396946 4.098587 3.1521921 33.8335 0 0 0 0
-9.1134663 4.100822 3.1698332 31.858597 0 0 0 0
-8.848465 4.1117077 3.1631839 29.800985 0 0 0 0
-7.8234634 3.9400597 3.1682444 15.5625 0 0 0 0
-7.7712822 3.9605699 3.1636767 10.060547 0 0 0 0
-5.3979535 4.0340276 3.1956265 0 0 0 0 0
-4.8611984 4.1761031 3.1819143 18.452131 0 0 0 0
-4.69907 3.9701891 3.1996839 18.823357 0 0 0 0
-4.4782019 3.9190464 3.1900575 21.270842 0 0 0 0
-3.8471913 3.9217796 3.1903937 18.262831 0 0 0 0
-3.4971614 4.0215454 3.1768923 17.319132 0 0 0 0
-3.1847432 4.1831007 3.1668696 15.831566 0 0 0 0
-2.7872174 4.1286411 3.1749425 15.534086 0 0 0 0
-2.4232934 4.0099859 3.1735291 11.405275 0 0 0 0
-2.1570916 4.1757927 3.1661186 12.637851 0 0 0 0
-1.7141465 4.1139174 3.1705575 12.526587 0 0 0 0
-1.3233101 4.014565 3.1559751 14.128465 0 0 0 0
-1.064342 4.1591768 3.1463075 10.170164 0 0 0 0
-0.65943235 4.1052608 3.1492059 12.367279 0 0 0 0
-0.42006254 4.1140761 3.1495161 17.423336 0 0 0 0
-0.15260035 3.9822292 3.1492279 25.672768 0 0 0 0
0.061098829 4.1574669 3.1464047 15.749382 0 0 0 0
0.57344729 4.0671177 3.1900618 17.923868 0 0 0 0
0.69459498 4.077353 3.1767375 20.09885 0 0 0 0
1.1767787 4.1360302 3.1497684 15.375 0 0 0 0
1.5914869 4.0665956 3.1517105 14.719164 0 0 0 0
1.962998 4.06075 3.1592197 14.514706 0 0 0 0
2.3024166 4.0444045 3.1609068 11.734375 0 0 0 0
2.5806415 4.078063 3.1532516 8.072916 0 0 0 0
3.1978748 4.1572914 3.1430845 6.9119978 0 0 0 0
3.4234324 4.090168 3.1422596 8.9179258 0 0 0 0
3.7569683 4.1979923 3.1440752 13.666667 0 0 0 0
4.5577221 4.088448 3.1493778 25.705402 0 0 0 0
5.6226244 4.0398235 3.1437221 21.981771 0 0 0 0
5.7021127 4.1439476 3.1393027 21 0 0 0 0
6.5341244 4.1947017 3.1478379 19.5 0 0 0 0
6.8338156 4.1172495 3.1534204 24.125 0 0 0 0
6.996294 4.1925921 3.1464708 21.833334 0 0 0 0
7.3906512 4.1180553 3.1470675 22.833334 0 0 0 0
7.5793533 4.1479149 3.1282406 21.314453 0 0 0 0
7.8039737 4.1719661 3.124305 17 0 0 0 0
-29.912533 4.2934823 3.0317039 6.5 0 0 0 0
-16.873194 4.2457237 3.0788341 83.043671 0 0 0 0
-16.115065 4.4509149 3.2970088 2 0 0 0 0
-15.707581 4.2410803 3.2811575 2.5 0 0 0 0
-14.99412 4.2518568 3.2847631 1 0 0 0 0
-13.692054 4.2861357 3.1036143 6.6641154 0 0 0 0
-13.341192 4.3612318 3.1579902 24.382975 0 0 0 0
-13.120689 4.340003 3.1584191 28.105803 0 0 0 0
-12.616786 4.3621464 3.1563025 26.582031 0 0 0 0
-12.579517 4.2759814 3.1591456 30.026678 0 0 0 0
-12.209747 4.3742762 3.1500382 26.799988 0 0 0 0
-11.90148 4.3098264 3.1656718 31.388771 0 0 0 0
-11.580969 4.2742443 3.1604714 31.766821 0 0 0 0
-11.283691 4.3204794 3.1591148 32.862915 0 0 0 0
-10.906228 4.4045782 3.1518588 33.216278 0 0 0 0
-10.76918 4.2919273 3.1569433 34.341431 0 0 0 0
-10.321137 4.351531 3.1613655 34.007042 0 0 0 0
-10.129175 4.3968377 3.1588912 35.725708 0 0 0 0
-9.7209377 4.2814455 3.161418 35.69059 0 0 0 0
-9.0614052 4.2571187 3.1537132 30.859375 0 0 0 0
-8.8053875 4.3861313 3.1562471 22.434895 0 0 0 0
-8.5010262 4.3945346 3.1493778 24.174803 0 0 0 0
-8.2983551 4.3982501 3.1560166 16.746063 0 0 0 0
-7.8725567 4.3898716 3.1707625 5.1392775 0 0 0 0
-6.2039328 4.4779205 3.2100432 0.75 0 0 0 0
-4.8504477 4.2666087 3.177691 16.656116 0 0 0 0
-4.5400524 4.2762027 3.1759419 22.610466 0 0 0 0
-4.2534819 4.2796359 3.1767192 20.37904 0 0 0 0
-3.8551846 4.2566328 3.1711617 20.018715 0 0 0 0
-3.482305 4.2522731 3.1748309 18.042889 0 0 0 0
-3.1816249 4.2488041 3.1641192 16.234955 0 0 0 0
-2.7203369 4.2452259 3.1781526 16.009321 0 0 0 0
-2.5215635 4.3272767 3.1704109 13.647676 0 0 0 0
-2.1316071 4.2755365 3.1629021 12.461602 0 0 0 0
-2.0479665 4.3945637 3.1594172 13.312792 0 0 0 0
-1.6239631 4.2432194 3.1665344 10.780278 0 0 0 0
-1.3232151 4.372231 3.151813 14.413549 0 0 0 0
-0.94814068 4.314261 3.1540816 14.272934 0 0 0 0
-0.86873829 4.3224168 3.1567235 11.667723 0 0 0 0
-0.4722918 4.2707214 3.1501148 16.427336 0 0 0 0
-0.24044324 4.3387899 3.1411543 13.795692 0 0 0 0
0.14306223 4.2805138 3.1411843 16.013763 0 0 0 0
0.52293617 4.3706932 3.1833661 20.209141 0 0 0 0
0.79646885 4.2807121 3.1599588 19.304024 0 0 0 0
0.95985746 4.3690062 3.1468177 14.871916 0 0 0 0
1.3533671 4.2729883 3.152179 13.834288 0 0 0 0
1.6038469 4.3747091 3.1633632 14.215411 0 0 0 0
1.9943857 4.3070154 3.1516671 13.794801 0 0 0 0
2.3142643 4.2770424 3.1508422 14.791819 0 0 0 0
2.507545 4.3274031 3.1507435 14.893246 0 0 0 0
2.7844987 4.3386593 3.1486728 10.646021 0 0 0 0
3.1013899 4.3186865 3.1439347 6.5630999 0 0 0 0
3.5220275 4.2699842 3.151094 11.793712 0 0 0 0
3.7523992 4.2369242 3.145818 14.138218 0 0 0 0
4.1779327 4.2411041 3.1459813 23.304119 0 0 0 0
4.2949495 4.2666845 3.1454561 21.828129 0 0 0 0
4.7115479 4.3135295 3.1468523 22.934059 0 0 0 0
4.9049587 4.2768378 3.1448765 22.29912 0 0 0 0
5.3332019 4.274436 3.1432776 20.6782 0 0 0 0
5.6020336 4.2810369 3.1424842 19.840776 0 0 0 0
5.9391556 4.2613478 3.1294971 19.077133 0 0 0 0
6.0462675 4.2667494 3.1361065 19.812943 0 0 0 0
6.4290977 4.2818079 3.1458666 20.601667 0 0 0 0
6.7488213 4.3191738 3.1481891 22.6471 0 0 0 0
7.0001264 4.2604003 3.1457796 22.607384 0 0 0 0
7.353116 4.2928696 3.1269696 21.844166 0 0 0 0
7.7234683 4.2690439 3.1211638 18.463886 0 0 0 0
7.8200741 4.2531328 3.1238608 16.15366 0 0 0 0
-29.91581 4.7529616 3.0206454 9 0 0 0 0
-16.884583 4.739831 3.1390467 54.19091 0 0 0 0
-13.656642 4.6560416 3.0925725 11.15861 0 0 0 0
-13.402973 4.5585566 3.1422625 17.223957 0 0 0 0
-12.983175 4.6517205 3.1650894 28.424446 0 0 0 0
-12.674564 4.6629086 3.1707335 27.608398 0 0 0 0
-12.368816 4.7523403 3.1633415 30.62233 0 0 0 0
-12.221405 4.5689926 3.1617446 28.072918 0 0 0 0
-11.879066 4.7230158 3.1604202 30.081656 0 0 0 0
-11.479292 4.5765152 3.1628926 32.626049 0 0 0 0
-11.210278 4.6608949 3.1589787 33.784805 0 0 0 0
-10.87948 4.7169151 3.1497557 35.208984 0 0 0 0
-10.705245 4.6651397 3.150517 36.21627 0 0 0 0
-10.363037 4.5515499 3.147089 33.719238 0 0 0 0
-10.1003 4.7270265 3.1492505 36.10667 0 0 0 0
-9.7145233 4.7686911 3.1594455 33.526398 0 0 0 0
-9.4250793 4.6585431 3.1486418 22.899719 0 0 0 0
-9.0330505 4.7406964 3.1553884 20.843777 0 0 0 0
-8.9418707 4.7048244 3.1549757 19.704115 0 0 0 0
-8.5488129 4.7693787 3.1583891 9.6374216 0 0 0 0
-8.2827463 4.7411723 3.1627846 5.3707047 0 0 0 0
-7.9004407 4.7493815 3.1728444 1.7442036 0 0 0 0
-7.6925325 4.568224 3.1804867 1.5 0 0 0 0
-6.3957405 4.7191277 3.1853805 0.16308346 0 0 0 0
-6.2474709 4.5872774 3.2035415 0.6202383 0 0 0 0
-5.7110095 4.7720852 3.1792798 12.5 0 0 0 0
-5.6347113 4.7859101 3.1793311 14.5 0 0 0 0
-4.8315253 4.6974134 3.1749644 16.039217 0 0 0 0
-4.6572976 4.7377124 3.1677949 22.045502 0 0 0 0
-4.2829733 4.698678 3.1666305 20.89382 0 0 0 0
-3.9228809 4.7409611 3.1629789 19.68269 0 0 0 0
-3.8544679 4.7383103 3.166348 20.877342 0 0 0 0
-3.4820595 4.732698 3.1639166 19.963224 0 0 0 0
-3.172235 4.7272568 3.1579113 17.477367 0 0 0 0
-2.7500222 4.6682634 3.1659241 15.261139 0 0 0 0
-2.6672175 4.7432423 3.1647301 16.146103 0 0 0 0
-2.1907387 4.7082348 3.1611924 14.730787 0 0 0 0
-1.951318 4.6797132 3.1510015 14.901563 0 0 0 0
-1.6475698 4.6955433 3.1541386 13.270016 0 0 0 0
-1.3161523 4.7090368 3.1604953 13.286665 0 0 0 0
-1.0442421 4.7132559 3.1535425 10.51494 0 0 0 0
-0.62670696 4.6235733 3.1476426 15.141146 0 0 0 0
-0.38994619 4.6649394 3.1451743 15.144547 0 0 0 0
-0.24326417 4.7561407 3.1428628 15.657245 0 0 0 0
0.23820937 4.7227244 3.143748 18.813177 0 0 0 0
0.51348251 4.6774201 3.153935 12.823154 0 0 0 0
0.82084042 4.715538 3.1460638 13.034464 0 0 0 0
1.1400436 4.720788 3.1500585 12.189175 0 0 0 0
1.3059046 4.7749825 3.1507373 12.278109 0 0 0 0
1.7043936 4.7180271 3.1443353 15.011052 0 0 0 0
1.9748201 4.7441568 3.1412458 14.745402 0 0 0 0
2.3729866 4.748601 3.1504755 16.7439 0 0 0 0
2.5070596 4.7549882 3.1437693 18.095335 0 0 0 0
2.8385694 4.772439 3.1458068 16.294649 0 0 0 0
3.1173539 4.7582822 3.1383085 18.989761 0 0 0 0
3.4996729 4.6789856 3.1599059 4.2838545 0 0 0 0
3.772543 4.6684256 3.1496315 3.6164761 0 0 0 0
4.1683626 4.7285461 3.1463656 9.7893496 0 0 0 0
4.3096614 4.7529612 3.1415935 12.580227 0 0 0 0
4.6287308 4.6926932 3.1449027 21.894932 0 0 0 0
4.8479519 4.7735529 3.1416712 19.275295 0 0 0 0
5.3620834 4.7679095 3.1401515 19.744473 0 0 0 0
5.6117411 4.7442613 3.1390405 18.649441 0 0 0 0
5.9339361 4.7830782 3.1267896 17.205286 0 0 0 0
6.0423069 4.7704296 3.1306818 18.034382 0 0 0 0
6.4263582 4.7662258 3.1394515 19.120989 0 0 0 0
6.6699677 4.7562871 3.1325133 20.078705 0 0 0 0
7.0225668 4.7632122 3.1321273 20.485588 0 0 0 0
7.267416 4.7726765 3.122211 19.335457 0 0 0 0
7.6985054 4.7307835 3.1182675 16.159964 0 0 0 0
7.857645 4.718832 3.1214628 14.792938 0 0 0 0
-29.911825 4.9865842 3.0477147 4.875 0 0 0 0
-16.899237 4.8600125 3.0731182 54.434353 0 0 0 0
-16.116287 4.9785681 3.2788339 2.5 0 0 0 0
-15.725179 4.9850473 3.2992778 2 0 0 0 0
-13.541731 5.0362682 3.1294031 19.601633 0 0 0 0
-13.319672 4.9417801 3.152421 30.702515 0 0 0 0
-13.10108 4.8923817 3.1531353 29.690268 0 0 0 0
-12.64505 4.9299374 3.1580002 26.83073 0 0 0 0
-12.396719 5.0176964 3.157917 30.475601 0 0 0 0
-12.213772 4.8979025 3.1732516 30.771637 0 0 0 0
-11.856583 4.8796797 3.1595411 32.620632 0 0 0 0
-11.512497 4.8687553 3.1589007 31.966545 0 0 0 0
-11.232764 4.9482698 3.147507 32.965714 0 0 0 0
-10.874349 4.8515053 3.1573911 32.801414 0 0 0 0
-10.697253 4.9889092 3.1490803 36.531204 0 0 0 0
-10.41287 4.8727264 3.1638675 32.490181 0 0 0 0
-10.135582 4.8981113 3.1500916 35.039772 0 0 0 0
-9.7026157 4.882823 3.1501601 30.320204 0 0 0 0
-9.4440498 4.9748125 3.1529331 26.055382 0 0 0 0
-9.0670223 4.829915 3.1468337 18.981785 0 0 0 0
-8.832058 5.0057888 3.1548526 6.7632246 0 0 0 0
-8.5785456 4.9003649 3.1605558 5.8800969 0 0 0 0
-8.2572365 4.8706398 3.1665034 3.3196733 0 0 0 0
-7.9842625 4.9233012 3.1691537 1.4433393 0 0 0 0
-6.7551312 5.0223875 3.1805668 0.79153317 0 0 0 0
-6.5161972 4.8241048 3.1837904 0.84326172 0 0 0 0
-6.1209698 4.8596611 3.1803803 4.75 0 0 0 0
-5.8164411 4.9237385 3.189652 11.932617 0 0 0 0
-5.6111889 4.9416094 3.1768682 21.745884 0 0 0 0
-5.3430853 5.0082588 3.1756003 19.679688 0 0 0 0
-4.8728209 4.8706808 3.16839 13.25 0 0 0 0
-4.6136136 4.8730931 3.1711833 21.706512 0 0 0 0
-4.2723236 4.8631878 3.1639614 20.354145 0 0 0 0
-4.0115886 5.0589209 3.1494038 22.71875 0 0 0 0
-3.8483462 4.8652067 3.1653805 20.308979 0 0 0 0
-3.4898789 4.937685 3.1607375 17.580553 0 0 0 0
-3.1786325 4.9124756 3.16012 19.71282 0 0 0 0
-2.8234572 5.0924931 3.162641 15.4 0 0 0 0
-2.6769485 4.8536777 3.1617594 18.509666 0 0 0 0
-2.3690467 4.9374332 3.1611428 14.134047 0 0 0 0
-2.042098 4.8791361 3.1568956 13.53153 0 0 0 0
-1.6005681 4.8382134 3.1557622 13.713839 0 0 0 0
-1.3101873 4.8580875 3.1397443 13.375744 0 0 0 0
-0.93333018 4.8313947 3.1480498 10.484769 0 0 0 0
-0.83972555 4.8680906 3.142632 6.6669474 0 0 0 0
-0.5171243 4.9781551 3.1509829 11.347914 0 0 0 0
-0.16063094 4.9267192 3.1331089 8.524085 0 0 0 0
0.52400607 4.9239726 3.1397631 20.380859 0 0 0 0
0.84359109 4.8469524 3.1391201 17.25625 0 0 0 0
0.9990232 4.9200006 3.1448064 16.095333 0 0 0 0
1.3727808 4.8552651 3.1494398 11.217675 0 0 0 0
1.5921855 4.9215851 3.1221569 10.042128 0 0 0 0
1.9625727 4.8163099 3.1494145 13.490891 0 0 0 0
2.2469816 4.9495783 3.1501336 12.402269 0 0 0 0
2.615613 4.8296032 3.1434493 17.163088 0 0 0 0
2.7258048 4.8107128 3.1484394 16.328125 0 0 0 0
3.0955484 4.8233318 3.1438193 15.124308 0 0 0 0
3.5198741 4.8913231 3.1358271 7.9878216 0 0 0 0
3.7601893 4.978898 3.1496124 4.098568 0 0 0 0
4.1426744 4.9472408 3.1509063 5.4151783 0 0 0 0
4.3512573 4.8309641 3.1468136 8.1212797 0 0 0 0
4.5710649 4.8692913 3.1502509 15.638194 0 0 0 0
4.9067311 4.8195457 3.1401367 19.593851 0 0 0 0
5.3029413 4.8990993 3.1389992 19.642014 0 0 0 0
5.6578369 4.8303823 3.1358266 17.667109 0 0 0 0
5.9364195 4.8090091 3.1256762 16.705267 0 0 0 0
6.1848807 4.9374285 3.1342995 19.363636 0 0 0 0
6.456933 4.8375669 3.1345096 18.221832 0 0 0 0
6.7052765 4.8533106 3.1334777 19.64761 0 0 0 0
7.0746403 4.8363996 3.131814 19.217941 0 0 0 0
7.3019166 4.8263731 3.1212935 19.78125 0 0 0 0
7.6122446 4.8371077 3.1182485 16.912302 0 0 0 0
7.877346 4.8314195 3.1227396 14.638672 0 0 0 0
-29.864761 5.1762309 3.0108352 8 0 0 0 0
-16.87001 5.2403984 3.1460843 41.044205 0 0 0 0
-16.578751 5.2499561 3.2519484 22.156189 0 0 0 0
-16.306187 5.3108273 3.1625805 15.265625 0 0 0 0
-15.968966 5.3190742 3.1416693 21.692734 0 0 0 0
-15.744854 5.3007689 3.1392031 16.35297 0 0 0 0
-15.531343 5.3102951 3.0998693 28.787354 0 0 0 0
-15.102474 5.3089857 3.1912253 19.686035 0 0 0 0
-14.796508 5.3220201 3.0761395 28.712128 0 0 0 0
-14.517397 5.3002253 3.1623218 21.920429 0 0 0 0
-14.169207 5.3052969 3.0667872 25.04281 0 0 0 0
-13.899811 5.3038969 3.0564716 23.148438 0 0 0 0
-13.736182 5.2829323 3.0940392 21.420208 0 0 0 0
-13.371793 5.374218 3.0380349 28.92094 0 0 0 0
-13.147163 5.3048139 3.15446 29.78875 0 0 0 0
-12.681492 5.2940855 3.1504943 30.010693 0 0 0 0
-12.475775 5.2164621 3.1550479 29.112524 0 0 0 0
-12.074395 5.3449192 3.1573586 29.308594 0 0 0 0
-11.972658 5.2592144 3.1491756 31.990887 0 0 0 0
-11.460115 5.2169571 3.152945 30.964943 0 0 0 0
-11.199455 5.227212 3.154659 33.412766 0 0 0 0
-10.841833 5.2251959 3.1502542 33.602684 0 0 0 0
-10.658134 5.1689858 3.1532264 30.990314 0 0 0 0
-10.2807 5.2964573 3.1547155 30.547974 0 0 0 0
-10.142521 5.2564926 3.1512647 27.481007 0 0 0 0
-9.6892986 5.3028917 3.1536708 19.319691 0 0 0 0
-9.4650021 5.1829762 3.1560447 17.714861 0 0 0 0
-9.0515776 5.164391 3.1604712 8.8938255 0 0 0 0
-8.9687195 5.3048549 3.1635046 5.1292315 0 0 0 0
-8.532505 5.2573981 3.1672692 1.7194458 0 0 0 0
-8.1873665 5.2829132 3.1761215 1.0068369 0 0 0 0
-8.0400715 5.1624012 3.1736631 0.98339844 0 0 0 0
-6.7164712 5.2214761 3.1713331 5.625 0 0 0 0
-6.4278808 5.3381667 3.1693764 11.224826 0 0 0 0
-6.0682597 5.2841659 3.171133 18.749573 0 0 0 0
-5.7741022 5.1595392 3.1710315 26.1875 0 0 0 0
-5.6253915 5.2958212 3.1700287 20.481133 0 0 0 0
-5.3552027 5.24401 3.1613293 13.837225 0 0 0 0
-5.0200911 5.2877631 3.1688547 22.423843 0 0 0 0
-4.561902 5.2222962 3.1616786 22.724213 0 0 0 0
-4.2738981 5.1713543 3.1575119 20.804863 0 0 0 0
-3.9356828 5.2228684 3.1556234 20.063021 0 0 0 0
-3.8321939 5.273901 3.1573281 19.642387 0 0 0 0
-3.4760437 5.3033667 3.1565814 17.901585 0 0 0 0
-3.2074592 5.3117471 3.1584535 17.083344 0 0 0 0
-2.7407997 5.2198009 3.1622663 15.458439 0 0 0 0
-2.682775 5.3097363 3.1588664 16.202606 0 0 0 0
-2.1401582 5.2630062 3.1504557 12.744852 0 0 0 0
-2.0611553 5.337327 3.1508355 12.177506 0 0 0 0
-1.6363299 5.265964 3.1489027 10.172972 0 0 0 0
-1.3318604 5.2059617 3.1409512 11.478657 0 0 0 0
-0.98247993 5.2699013 3.1484342 10.824797 0 0 0 0
-0.83263314 5.3426313 3.1431205 9.7086697 0 0 0 0
-0.5330773 5.2205868 3.1489005 9.0287066 0 0 0 0
-0.16926478 5.3449721 3.1189122 11.329364 0 0 0 0
0.1723488 5.3717003 3.1915941 38.376183 0 0 0 0
0.54154468 5.3108101 3.2539558 33.377735 0 0 0 0
0.81528819 5.2919931 3.1488967 16.322735 0 0 0 0
0.98001534 5.2574172 3.1360025 14.168322 0 0 0 0
1.4153808 5.2758121 3.1443815 12.258987 0 0 0 0
1.6134584 5.2864637 3.1285725 10.454308 0 0 0 0
1.939396 5.2500429 3.1429372 13.48967 0 0 0 0
2.3498559 5.2349367 3.1451735 13.20689 0 0 0 0
2.5103469 5.2368374 3.1359119 16.496017 0 0 0 0
2.7897582 5.3045654 3.1412816 16.891098 0 0 0 0
3.0673344 5.2541237 3.1386881 17.708063 0 0 0 0
3.4592974 5.2623839 3.139066 19.288742 0 0 0 0
3.7659912 5.3094349 3.1422415 13.466961 0 0 0 0
4.1349678 5.2807426 3.1603642 4.7382407 0 0 0 0
4.3673515 5.2359705 3.1412117 4.9070568 0 0 0 0
4.7491884 5.2529302 3.1431584 9.0811005 0 0 0 0
4.8472776 5.2256489 3.1363001 8.6323175 0 0 0 0
5.3538208 5.2502761 3.1318071 17.522833 0 0 0 0
5.6098299 5.2323856 3.1324825 17.517952 0 0 0 0
5.9369149 5.2949772 3.1257195 16.891167 0 0 0 0
6.015708 5.2881117 3.1197767 17.058678 0 0 0 0
6.4544959 5.3193312 3.121377 16.382113 0 0 0 0
6.6250629 5.2729826 3.1214123 16.538136 0 0 0 0
7.0390072 5.2816782 3.1192803 18.052734 0 0 0 0
7.2849827 5.3037081 3.1162572 17.401733 0 0 0 0
7.7491941 5.2508607 3.1100903 16.929623 0 0 0 0
7.876123 5.3193107 3.0978665 16.252687 0 0 0 0
-13.249638 5.4506712 3.099618 40.299561 0 0 0 0
-13.153683 5.4635201 3.1476674 36.668457 0 0 0 0
-12.680979 5.5282693 3.1605484 28.497803 0 0 0 0
-12.345589 5.5918922 3.1552401 25.623941 0 0 0 0
-12.234058 5.5668669 3.1420984 32.398438 0 0 0 0
-11.893631 5.6149826 3.1519566 30.03541 0 0 0 0
-11.552518 5.5693169 3.145262 31.693581 0 0 0 0
-11.268606 5.4769053 3.1455317 33.667152 0 0 0 0
-10.886841 5.5094528 3.1469164 31.054688 0 0 0 0
-10.68477 5.5189905 3.1435945 28.215816 0 0 0 0
-10.413607 5.5694718 3.1436305 23.08226 0 0 0 0
-10.134782 5.5888433 3.1480896 18.145798 0 0 0 0
-9.6568918 5.4749193 3.1537526 10.81216 0 0 0 0
-9.5253448 5.6042013 3.1704884 5.6615195 0 0 0 0
-9.1275663 5.5849023 3.1673739 3.1576636 0 0 0 0
-8.9729424 5.6034627 3.1700592 1.4885932 0 0 0 0
-8.6222172 5.5051026 3.1768756 1.0052083 0 0 0 0
-8.209033 5.4150238 3.1778588 1 0 0 0 0
-7.3156242 5.5125213 3.0298438 4.8505859 0 0 0 0
-6.6761818 5.575243 3.1683352 11.988932 0 0 0 0
-6.4129152 5.5736284 3.1563649 13.395826 0 0 0 0
-6.1692286 5.6060352 3.1578701 21.186634 0 0 0 0
-5.7737122 5.580677 3.1674783 12.15625 0 0 0 0
-5.6311584 5.5963869 3.1591489 23.401043 0 0 0 0
-5.3428278 5.5049148 3.1582289 25.509602 0 0 0 0
-4.9809728 5.5718956 3.1539648 23.483183 0 0 0 0
-4.5455303 5.6430502 3.157433 22.358582 0 0 0 0
-4.3858037 5.5248518 3.159781 22.109127 0 0 0 0
-3.9876709 5.5891867 3.1539903 18.99814 0 0 0 0
-3.8384571 5.6693869 3.152792 20.643847 0 0 0 0
-3.5130033 5.5630703 3.1542649 19.426533 0 0 0 0
-3.1641853 5.4868569 3.1512117 17.047813 0 0 0 0
-2.7441645 5.6850219 3.1612697 15.725368 0 0 0 0
-2.5906198 5.4305911 3.1594748 15.585494 0 0 0 0
-2.233156 5.644206 3.1497464 12.510635 0 0 0 0
-1.9132683 5.5024548 3.1518521 13.541533 0 0 0 0
-1.546912 5.458488 3.1444507 11.237529 0 0 0 0
-1.3421696 5.6416721 3.1447947 7.1520119 0 0 0 0
-1.109195 5.653409 3.1254582 7.6384878 0 0 0 0
-0.78358179 5.4686513 3.1540644 8.5636988 0 0 0 0
-0.48101151 5.618928 3.124722 5.9029474 0 0 0 0
-0.10456814 5.4227915 3.0477672 18.007 0 0 0 0
0.26285547 5.4085417 3.0668769 38.844391 0 0 0 0
0.55577111 5.4157624 3.2608857 38.177795 0 0 0 0
0.6698786 5.5645971 3.1344984 37.764839 0 0 0 0
1.0192866 5.4536333 3.1366885 16.46582 0 0 0 0
1.3810854 5.6104603 3.123383 13.648611 0 0 0 0
1.5960529 5.5360188 3.1622064 8.9903736 0 0 0 0
2.0390849 5.6734991 3.1207485 14.682813 0 0 0 0
2.2913203 5.6116452 3.1397882 12.450521 0 0 0 0
2.6140862 5.6241183 3.1343861 12.487631 0 0 0 0
2.7745132 5.5680485 3.1283073 17.864582 0 0 0 0
3.4455881 5.5866141 3.1401691 20.722656 0 0 0 0
3.6695671 5.4407892 3.1581249 6.6428571 0 0 0 0
4.123292 5.4551535 3.1516116 6.0833335 0 0 0 0
4.2175326 5.5918164 3.1498625 10.333334 0 0 0 0
4.6354456 5.5305891 3.1680012 0.84375 0 0 0 0
5.0012088 5.6161847 3.1353226 1.0791137 0 0 0 0
5.296134 5.6576567 3.1275115 4.9189506 0 0 0 0
5.6360445 5.6620469 3.1226244 12.376953 0 0 0 0
5.7005577 5.4034686 3.1407642 16 0 0 0 0
6.4960194 5.5174408 3.1133947 13.307726 0 0 0 0
6.6953249 5.6874266 3.1148591 14.166666 0 0 0 0
7.461606 5.4783916 3.1128962 17.125 0 0 0 0
7.6527472 5.66921 3.1097903 18.375 0 0 0 0
7.842186 5.6786585 3.0661268 18.875 0 0 0 0
-13.25889 5.8032851 3.11866 34.566078 0 0 0 0
-13.101283 5.7744799 3.1244905 29.202366 0 0 0 0
-12.720298 5.9186525 3.1566658 25.571613 0 0 0 0
-12.398432 5.902647 3.1454842 26.774223 0 0 0 0
-12.116673 5.8122473 3.1575854 26.057129 0 0 0 0
-11.906415 5.8384628 3.1431475 28.527243 0 0 0 0
-11.52781 5.7874413 3.1416965 31.708235 0 0 0 0
-11.280312 5.7776289 3.1468513 29.462112 0 0 0 0
-10.883541 5.7778683 3.1485684 26.823895 0 0 0 0
-10.750427 5.8771939 3.1464009 21.806044 0 0 0 0
-10.410698 5.8323374 3.150682 18.207386 0 0 0 0
-10.15918 5.9093189 3.155519 8.1119823 0 0 0 0
-9.6937885 5.8010426 3.1544662 6.0345316 0 0 0 0
-9.5430317 5.8240004 3.155992 3.9694257 0 0 0 0
-9.2154922 5.7579236 3.1709633 2.047914 0 0 0 0
-8.6631451 5.7256212 3.1664212 1 0 0 0 0
-7.2262468 5.7417135 3.0254664 12.81823 0 0 0 0
-7.1355896 5.8305826 3.1059611 12.817709 0 0 0 0
-6.7572327 5.7970095 3.152349 19.803654 0 0 0 0
-6.4134879 5.8133116 3.1632061 26.493959 0 0 0 0
-6.1440849 5.827477 3.150018 18.919199 0 0 0 0
-5.7682362 5.8205886 3.1557937 26.390625 0 0 0 0
-5.6398888 5.8713498 3.1560457 24.015701 0 0 0 0
-5.344718 5.8991137 3.1552801 25.250277 0 0 0 0
-4.9750075 5.8078213 3.1546762 25.870211 0 0 0 0
-4.5333505 5.8429666 3.1557474 20.529884 0 0 0 0
-4.2525353 5.7763343 3.154531 21.585682 0 0 0 0
-3.9782121 5.7922382 3.1545939 18.479166 0 0 0 0
-3.8323946 5.8247204 3.1480355 18.532799 0 0 0 0
-3.4778776 5.8261685 3.1538672 18.432554 0 0 0 0
-3.1932731 5.7962456 3.1483378 15.571747 0 0 0 0
-2.724649 5.7534432 3.1559484 15.558704 0 0 0 0
-2.6338038 5.8693171 3.1453688 14.120447 0 0 0 0
-2.1580913 5.7628059 3.1415544 11.006883 0 0 0 0
-2.0258565 5.8638678 3.1390533 10.915005 0 0 0 0
-1.5541676 5.9053898 3.1334848 8.610508 0 0 0 0
-1.3242573 5.8421063 3.1340282 8.5220623 0 0 0 0
-1.031479 5.7448311 3.143079 7.589098 0 0 0 0
-0.87580109 5.8231592 3.140564 7.0012865 0 0 0 0
-0.48911706 5.851316 3.1492767 3.8563046 0 0 0 0
-0.26291803 5.783287 3.1235757 13.003555 0 0 0 0
0.81616259 5.737874 3.1187122 24.819321 0 0 0 0
0.94435883 5.7938433 3.1034575 20.190212 0 0 0 0
1.3095113 5.757956 3.1395986 12.416307 0 0 0 0
1.6126819 5.8468704 3.1354289 12.291101 0 0 0 0
1.92923 5.76121 3.1389904 11.531971 0 0 0 0
2.3371916 5.7776661 3.1349239 12.059737 0 0 0 0
2.5359619 5.8100471 3.1392088 15.083679 0 0 0 0
2.7760253 5.8206406 3.1299486 16.254185 0 0 0 0
3.0713563 5.7743235 3.1341047 16.496439 0 0 0 0
3.4982972 5.7721744 3.1364179 19.680088 0 0 0 0
3.7433498 5.7475524 3.1384802 19.844862 0 0 0 0
4.0235333 5.8009739 3.1424491 15.621483 0 0 0 0
4.2838297 5.8439636 3.1389737 12.909052 0 0 0 0
4.7550411 5.8584414 3.1371548 2.8079631 0 0 0 0
4.9786119 5.771234 3.1331229 5.1976066 0 0 0 0
5.3120852 5.7592707 3.1320419 5.0898585 0 0 0 0
5.5561738 5.7487946 3.1270721 8.9587936 0 0 0 0
5.9201293 5.7592883 3.1200004 12.608847 0 0 0 0
6.0127525 5.7714653 3.1190195 12.791843 0 0 0 0
6.4656835 5.7634468 3.1133995 13.567859 0 0 0 0
6.6504908 5.7782516 3.1180313 14.422045 0 0 0 0
7.0934319 5.7797298 3.1180298 16.106131 0 0 0 0
7.3540139 5.776238 3.1158936 17.451597 0 0 0 0
7.7522087 5.7621903 3.0932336 19.305143 0 0 0 0
7.8425655 5.8064528 3.0593481 21.191284 0 0 0 0
-13.589809 6.2446895 3.0825114 19.430542 0 0 0 0
-13.315508 6.1708403 3.1186547 20.809448 0 0 0 0
-13.090111 6.1504712 3.1443157 31.111786 0 0 0 0
-12.684214 6.2150011 3.1358333 26.858807 0 0 0 0
-12.50227 6.1203194 3.1428702 28.76709 0 0 0 0
-12.211571 6.1366029 3.1400142 34.147137 0 0 0 0
-11.93022 6.2752733 3.1544862 24.198393 0 0 0 0
-11.530548 6.157042 3.1495669 22.87447 0 0 0 0
-11.323475 6.1673694 3.1379271 22.096399 0 0 0 0
-10.928602 6.0989499 3.150106 15.885905 0 0 0 0
-10.763442 6.1134472 3.1464474 12.369852 0 0 0 0
-10.320044 6.1511855 3.1643293 6.2355146 0 0 0 0
-10.014446 6.1294847 3.1594398 3.4296606 0 0 0 0
-9.7227364 6.1646266 3.1628313 1.9003603 0 0 0 0
-9.53409 6.0782471 3.1682844 1.5 0 0 0 0
-9.146431 6.0442209 3.1688213 1 0 0 0 0
-7.5646763 6.2884827 3.1477416 10.666667 0 0 0 0
-7.2783709 6.2640228 3.1466541 24.057724 0 0 0 0
-7.1367102 6.1486626 3.1552138 22.755371 0 0 0 0
-6.6838999 6.1458416 3.1518216 22.414576 0 0 0 0
-6.4092169 6.2209873 3.1614833 22.644096 0 0 0 0
-6.1162348 6.2503357 3.1531315 27.733711 0 0 0 0
-5.7451792 6.2488546 3.1506515 26.645834 0 0 0 0
-5.5943966 6.2427349 3.1513188 26.656475 0 0 0 0
-5.3134956 6.1555476 3.1502419 27.289621 0 0 0 0
-5.0007958 6.2214136 3.1479445 24.755503 0 0 0 0
-4.5271597 6.2035151 3.1480608 23.761986 0 0 0 0
-4.2556467 6.208744 3.1506052 21.643101 0 0 0 0
-4.0746326 6.1367741 3.138036 18.735161 0 0 0 0
-3.8336787 6.2297497 3.1520715 18.433777 0 0 0 0
-3.4261436 6.2509499 3.1486681 18.910536 0 0 0 0
-3.1734142 6.1662426 3.1460679 16.20248 0 0 0 0
-2.7535014 6.1394353 3.1390066 13.042459 0 0 0 0
-2.5004373 6.1421704 3.1344271 12.825065 0 0 0 0
-2.1766124 6.2104073 3.1349599 10.811046 0 0 0 0
-2.0692744 6.2545123 3.1310146 9.6597958 0 0 0 0
-1.6633215 6.2186799 3.12764 8.0817575 0 0 0 0
-1.3608181 6.1576681 3.1225209 8.091711 0 0 0 0
-0.99071908 6.244276 3.1323409 7.1677637 0 0 0 0
-0.64967799 6.1283808 3.1278868 3.0448718 0 0 0 0
-0.41851059 6.1907206 3.1303141 6.2369013 0 0 0 0
-0.25285733 6.264204 3.1246827 7.4729614 0 0 0 0
0.83952802 6.1023874 3.1239133 19.194012 0 0 0 0
1.0875381 6.1988988 3.128602 10.337793 0 0 0 0
1.325354 6.2486248 3.1322508 12.341816 0 0 0 0
1.6354399 6.0892506 3.1210124 14.273972 0 0 0 0
1.9539289 6.2518196 3.1282029 11.792034 0 0 0 0
2.3234701 6.155961 3.1213202 15.510593 0 0 0 0
2.4993238 6.2743492 3.1281261 11.663946 0 0 0 0
2.9347577 6.184341 3.1336386 14.770655 0 0 0 0
3.0607479 6.2448745 3.1349649 16.807125 0 0 0 0
3.4648347 6.1547585 3.1288238 19.140743 0 0 0 0
3.6910975 6.2500715 3.1259649 18.328812 0 0 0 0
4.1242208 6.2430334 3.1342723 19.563152 0 0 0 0
4.293786 6.2627544 3.126255 16.671982 0 0 0 0
4.713273 6.2455168 3.1240368 8.677702 0 0 0 0
4.8722143 6.2575593 3.12271 9.4864578 0 0 0 0
5.3505459 6.1547937 3.1299696 1.5485637 0 0 0 0
5.6387415 6.1899686 3.1296833 2.1368742 0 0 0 0
5.9753814 6.1904364 3.1284537 3.963737 0 0 0 0
6.0455694 6.2359247 3.1204295 5.4102278 0 0 0 0
6.4939995 6.2257895 3.114742 8.0711994 0 0 0 0
6.6812439 6.2697096 3.1141589 9.8943882 0 0 0 0
7.0743284 6.2582617 3.118186 15.427798 0 0 0 0
7.359024 6.2407966 3.1133239 15.448133 0 0 0 0
7.6692853 6.2221417 3.1033154 16.843237 0 0 0 0
7.9114666 6.2111201 3.1027365 16.506832 0 0 0 0
-13.597537 6.5351248 3.097564 10.765481 0 0 0 0
-13.362864 6.3634043 3.1212447 16.304688 0 0 0 0
-13.116592 6.4332623 3.1405911 19.62067 0 0 0 0
-12.672784 6.4222431 3.1575224 28.414715 0 0 0 0
-12.335451 6.3491435 3.1310894 28.63386 0 0 0 0
-12.250809 6.4985824 3.1538634 27.339844 0 0 0 0
-11.951422 6.44103 3.1351938 22.960938 0 0 0 0
-11.532016 6.4222794 3.1414278 20.178146 0 0 0 0
-11.256744 6.4659295 3.1505799 16.455227 0 0 0 0
-10.861376 6.4345536 3.1595645 8.8561192 0 0 0 0
-10.705375 6.4536972 3.1462331 6.6094856 0 0 0 0
-10.374394 6.4818697 3.1703687 3.0798044 0 0 0 0
-10.067281 6.4342566 3.1764531 1.6871643 0 0 0 0
-9.8182898 6.4040737 3.1584287 1.125 0 0 0 0
-7.8262396 6.4654417 3.185524 3.28125 0 0 0 0
-7.5782075 6.4805679 3.1418076 26.105635 0 0 0 0
-7.2669592 6.3544083 3.1469989 24.449999 0 0 0 0
-7.0779276 6.4648156 3.1511452 13.216894 0 0 0 0
-6.7610207 6.3499508 3.1519623 18.240696 0 0 0 0
-6.4178171 6.5009117 3.1512656 28.059029 0 0 0 0
-6.1988058 6.4421139 3.1560187 26.550045 0 0 0 0
-5.7513351 6.565918 3.1478789 27 0 0 0 0
-5.5185614 6.3504963 3.1437762 26.072258 0 0 0 0
-5.3684602 6.4442449 3.1590316 26.463766 0 0 0 0
-4.9877357 6.3347197 3.1531343 25.113571 0 0 0 0
-4.529675 6.3807254 3.1478662 16.004887 0 0 0 0
-4.265522 6.4259806 3.139014 21.143631 0 0 0 0
-4.0885258 6.5163589 3.1306198 20.375 0 0 0 0
-3.7759399 6.3814168 3.1440239 18.938511 0 0 0 0
-3.5228908 6.4428444 3.1320717 16.012545 0 0 0 0
-3.1619151 6.3831549 3.1406353 16.588573 0 0 0 0
-2.796201 6.4372773 3.1369755 12.65625 0 0 0 0
-2.6597552 6.3585348 3.1352291 13.115574 0 0 0 0
-2.3812621 6.4141712 3.1266961 9.807291 0 0 0 0
-1.9809232 6.3883934 3.1235504 8.877635 0 0 0 0
-1.5912185 6.3709331 3.1348982 8.0740671 0 0 0 0
-1.3200245 6.3555417 3.1319342 6.8006754 0 0 0 0
-0.97082365 6.3936439 3.1325119 6.6102271 0 0 0 0
-0.71434391 6.3378677 3.1546965 3.8728554 0 0 0 0
-0.51664412 6.3658571 3.1350441 6.2214255 0 0 0 0
-0.22163811 6.368434 3.1307797 6.6271014 0 0 0 0
0.8996886 6.3145905 3.1195486 9 0 0 0 0
1.029187 6.4505215 3.1229515 6.5530667 0 0 0 0
1.4179323 6.3352537 3.1340027 9.318943 0 0 0 0
1.6038767 6.4421196 3.114392 5.5472236 0 0 0 0
1.9497182 6.3201232 3.1390834 9.2508078 0 0 0 0
2.2780843 6.3788843 3.1269298 8.3633223 0 0 0 0
2.5041428 6.4400549 3.1057029 12.191156 0 0 0 0
2.7350309 6.3738165 3.1202054 14.835695 0 0 0 0
3.1726303 6.3281965 3.1302361 16.305943 0 0 0 0
3.471518 6.387444 3.130127 19.233898 0 0 0 0
3.8044534 6.3284979 3.1297617 19.547928 0 0 0 0
4.1629257 6.3534279 3.131917 20.987526 0 0 0 0
4.2589598 6.3210516 3.12463 20.139324 0 0 0 0
4.7493725 6.3448963 3.1200871 12.272893 0 0 0 0
4.870213 6.35572 3.120337 7.9026384 0 0 0 0
5.2563424 6.4456587 3.1354868 2.9654136 0 0 0 0
5.5713291 6.4212661 3.1361694 0.74609375 0 0 0 0
5.9977446 6.4182653 3.1349363 1.7142857 0 0 0 0
6.1086783 6.5654502 3.1184025 1.2782099 0 0 0 0
6.3638706 6.3265944 3.1176708 5.9692307 0 0 0 0
6.6580582 6.3145018 3.118669 8.119792 0 0 0 0
7.1509781 6.3103499 3.1150537 14.889975 0 0 0 0
7.3672485 6.3141322 3.1134031 17.470312 0 0 0 0
7.6791058 6.3367939 3.1086392 17.4375 0 0 0 0
7.974884 6.3675261 3.1133189 14.92458 0 0 0 0
-13.598409 6.8154306 3.0863843 11.572876 0 0 0 0
-13.473109 6.7389231 3.0966277 19.75 0 0 0 0
-13.169205 6.7449164 3.1279223 20.381882 0 0 0 0
-12.72809 6.8083515 3.1434169 19.46875 0 0 0 0
-12.498186 6.7617168 3.1365676 16.960384 0 0 0 0
-12.230816 6.7535934 3.1360126 17.460938 0 0 0 0
-11.889622 6.8436546 3.1410208 13.202421 0 0 0 0
-11.469741 6.7815695 3.1417327 8.9689255 0 0 0 0
-11.150919 6.8284883 3.1560588 5.0716968 0 0 0 0
-10.982101 6.8256345 3.1558008 4.6504288 0 0 0 0
-10.73111 6.7410707 3.1487544 4.073802 0 0 0 0
-10.383587 6.6770539 3.1551189 2.3785706 0 0 0 0
-10.184311 6.6199121 3.1554732 2 0 0 0 0
-8.268671 6.8523283 3.1541383 11.21875 0 0 0 0
-7.9106808 6.7406187 3.1415446 20.543114 0 0 0 0
-7.5722055 6.7636471 3.1423442 22.763062 0 0 0 0
-7.3835783 6.7121105 3.1419735 17.817238 0 0 0 0
-7.1574206 6.7967253 3.1412854 13.219527 0 0 0 0
-6.7152948 6.7091436 3.1530323 21.11825 0 0 0 0
-6.4693708 6.7385001 3.1534719 19.625 0 0 0 0
-6.0843849 6.778079 3.1354227 28.215584 0 0 0 0
-5.7229795 6.8122392 3.1455326 25.669643 0 0 0 0
-5.5662975 6.7805567 3.1346142 24.00033 0 0 0 0
-5.2700806 6.7194633 3.1417618 24.621155 0 0 0 0
-4.9067702 6.8326354 3.1398265 22.477459 0 0 0 0
-4.5561624 6.6778584 3.1403012 14.855963 0 0 0 0
-4.3610516 6.7372456 3.1420906 21.049593 0 0 0 0
-3.9974778 6.6340165 3.1425679 19.958412 0 0 0 0
-3.8287449 6.7742558 3.1408174 18.697138 0 0 0 0
-3.3926826 6.7069221 3.129323 15.106367 0 0 0 0
-3.2081203 6.7765522 3.1256163 13.848703 0 0 0 0
-2.768528 6.708209 3.1234846 11.656657 0 0 0 0
-2.5253465 6.7978516 3.1169472 10.419853 0 0 0 0
-2.15961 6.720624 3.1257443 8.5364084 0 0 0 0
-2.048697 6.8228364 3.1295156 7.7101002 0 0 0 0
-1.6100345 6.8137727 3.1282325 5.5796547 0 0 0 0
-1.3116429 6.7589579 3.1283424 5.6802545 0 0 0 0
-1.0005445 6.7781816 3.1337371 4.6065741 0 0 0 0
-0.79727817 6.8213587 3.1225288 5.304143 0 0 0 0
-0.54367846 6.7446508 3.1509793 3.3336608 0 0 0 0
-0.23764983 6.8264151 3.1122041 7.0189033 0 0 0 0
0.97222066 6.7224989 3.125495 11.863865 0 0 0 0
1.3253717 6.7575865 3.1122355 6.2464695 0 0 0 0
1.6662925 6.7780242 3.1273811 7.2894816 0 0 0 0
2.0391932 6.8082271 3.1370661 9.3260546 0 0 0 0
2.2802687 6.7371416 3.1439905 6.5918517 0 0 0 0
2.5634825 6.8154182 3.1252687 8.6076212 0 0 0 0
2.8136129 6.8117085 3.1252663 11.836426 0 0 0 0
3.1104255 6.7762079 3.1152749 15.247497 0 0 0 0
3.4521675 6.7752295 3.1142933 15.51051 0 0 0 0
3.7547002 6.7268257 3.1226728 17.968502 0 0 0 0
4.1328168 6.8191547 3.1253724 19.262329 0 0 0 0
4.3301463 6.7332964 3.1175966 19.938128 0 0 0 0
4.6155987 6.8023462 3.1123948 19.295305 0 0 0 0
4.8658719 6.7340908 3.1057272 15.583639 0 0 0 0
5.2979946 6.8034134 3.1152735 7.0976968 0 0 0 0
5.4901404 6.795167 3.1256371 4.1887536 0 0 0 0
5.8569241 6.7495298 3.1228502 1.6661632 0 0 0 0
6.1669445 6.7291689 3.1196797 1.082057 0 0 0 0
6.4548664 6.7054081 3.1271014 1.343236 0 0 0 0
6.6389799 6.717164 3.1140921 2.2125189 0 0 0 0
7.1520824 6.7798538 3.1149426 8.0086298 0 0 0 0
7.2585688 6.7883177 3.1172235 9.7714539 0 0 0 0
7.6191692 6.8071589 3.1028466 16.725653 0 0 0 0
8.0157614 6.7505593 3.1034265 16.089493 0 0 0 0
-13.586548 7.1101537 3.0869422 16.08086 0 0 0 0
-13.281054 6.9772043 3.1254995 24.09375 0 0 0 0
-13.063749 7.1499929 3.125668 24.655373 0 0 0 0
-12.729542 6.9747014 3.1437812 15.041124 0 0 0 0
-12.349806 7.0296974 3.134017 13.729166 0 0 0 0
-12.239875 6.9910755 3.1428044 14.30957 0 0 0 0
-11.913999 7.0877881 3.1491082 9.6429911 0 0 0 0
-11.440303 7.1098762 3.1604767 5.2010498 0 0 0 0
-11.322536 6.9596624 3.154901 5.5537658 0 0 0 0
-10.965114 7.0332394 3.1500072 3.1375144 0 0 0 0
-10.730641 6.9828405 3.1559691 2 0 0 0 0
-8.5181808 7.1141205 3.1406093 13.322591 0 0 0 0
-8.2022247 7.0184603 3.1297131 27.327316 0 0 0 0
-7.9398413 7.113862 3.1383796 29.197687 0 0 0 0
-7.574914 7.0085464 3.1572056 11.25 0 0 0 0
-7.2942829 7.0059485 3.1439793 23.729263 0 0 0 0
-7.1760745 7.0200381 3.1325817 27.251953 0 0 0 0
-6.7508965 7.074028 3.1418033 28.604332 0 0 0 0
-6.3911595 7.0703535 3.1452186 22.673611 0 0 0 0
-6.1635213 7.1395388 3.1198018 18.320339 0 0 0 0
-5.7177715 7.1090431 3.1373134 25.301041 0 0 0 0
-5.5990829 7.0140901 3.1403079 25.490229 0 0 0 0
-5.2545395 7.0565209 3.141325 25.105343 0 0 0 0
-4.9081712 7.0178671 3.1300025 21.685749 0 0 0 0
-4.5390844 6.9832845 3.146574 19.524519 0 0 0 0
-4.3724408 7.0432677 3.1382153 19.326422 0 0 0 0
-4.1186733 7.0323043 3.1328232 21.25 0 0 0 0
-3.7276468 6.9478707 3.1369739 17.61404 0 0 0 0
-3.5108356 7.0823941 3.1317577 16.209661 0 0 0 0
-3.2237091 7.1395216 3.1194324 14.684225 0 0 0 0
-2.8679829 7.0885658 3.1216624 11.545892 0 0 0 0
-2.5475073 6.9843798 3.1209207 9.4687004 0 0 0 0
-2.3549364 7.0804977 3.1179824 10.328125 0 0 0 0
-1.9075102 6.9826298 3.1207025 6.125 0 0 0 0
-1.5949824 7.0395927 3.1284337 5.1583166 0 0 0 0
-1.3358324 6.9678411 3.1225893 4.1981745 0 0 0 0
-1.0788755 7.1561122 3.1264203 4.4739585 0 0 0 0
-0.7313863 6.9205303 3.1165705 4.3375001 0 0 0 0
-0.51536465 7.1560998 3.1131077 6.8976955 0 0 0 0
-0.18994209 6.9961643 3.1183522 6.9375 0 0 0 0
1.0484471 7.0415897 3.1267257 12.808305 0 0 0 0
1.4104283 7.0548716 3.1215453 13.882292 0 0 0 0
1.5601705 7.0646653 3.1212025 9.9340639 0 0 0 0
1.8748372 7.181345 3.130271 7.5625 0 0 0 0
2.2955658 7.1123028 3.1173441 12.958334 0 0 0 0
2.5577464 7.1757898 3.1126838 12.501545 0 0 0 0
2.7927175 7.0142565 3.1009943 17.409374 0 0 0 0
3.1017783 7.1728735 3.1078186 15.46875 0 0 0 0
3.4376471 7.0631666 3.1128116 18.158203 0 0 0 0
3.6935041 7.1836243 3.1109133 16.40625 0 0 0 0
4.0711055 7.0323324 3.1087241 16.5 0 0 0 0
4.3082309 7.1875043 3.1100466 17 0 0 0 0
4.5600767 7.134038 3.1067886 18.060547 0 0 0 0
5.1431637 7.1817346 3.1260965 16.333334 0 0 0 0
5.4704628 7.1212797 3.1089315 8.3171387 0 0 0 0
5.7862029 7.0117936 3.1216989 3 0 0 0 0
6.2886672 7.0746617 3.1554046 0 0 0 0 0
6.5695848 7.097188 3.1365459 1 0 0 0 0
6.7198343 7.1154861 3.1223752 1.1235363 0 0 0 0
7.1806316 7.143549 3.1173429 2.7395833 0 0 0 0
7.3814607 7.0963039 3.112504 7.6510415 0 0 0 0
7.6228905 7.1829805 3.1147664 9 0 0 0 0
7.9052534 7.1063724 3.1050251 13.151306 0 0 0 0
8.1109829 7.1662397 3.0992703 13 0 0 0 0
-13.568819 7.3022747 3.0224028 13.907988 0 0 0 0
-13.364882 7.3764935 3.0801761 9.6575518 0 0 0 0
-13.013523 7.339869 3.1268587 13.887777 0 0 0 0
-12.720583 7.2778635 3.1315203 16.943359 0 0 0 0
-12.405844 7.3180313 3.1228132 11.278401 0 0 0 0
-12.19376 7.2881622 3.1370625 9.953125 0 0 0 0
-11.908699 7.363266 3.1354237 6.5077205 0 0 0 0
-11.530794 7.3866138 3.1531401 2.5757256 0 0 0 0
-11.354465 7.2724314 3.1411037 3.1445312 0 0 0 0
-10.940605 7.229167 3.1532555 1.5 0 0 0 0
-9.0853243 7.4949436 3.1679385 1 0 0 0 0
-8.8306551 7.4053507 3.1283329 19.563351 0 0 0 0
-8.5200758 7.3635702 3.1175644 23.409842 0 0 0 0
-8.2319326 7.3088531 3.1227055 29.313416 0 0 0 0
-8.0059967 7.2429628 3.1257739 31.907879 0 0 0 0
-7.5479689 7.3942375 3.1378694 26.37001 0 0 0 0
-7.3659143 7.3617401 3.1285157 25.302881 0 0 0 0
-7.1520157 7.2771969 3.1297755 28.376066 0 0 0 0
-6.7734022 7.3679199 3.1392975 26.939341 0 0 0 0
-6.4511876 7.3644609 3.1274247 9.25 0 0 0 0
-6.1016016 7.2948666 3.1180449 23.336952 0 0 0 0
-5.717742 7.2749906 3.1241479 23.75 0 0 0 0
-5.6391897 7.2521 3.1351933 24.774643 0 0 0 0
-5.3489037 7.3915415 3.1348577 26.376102 0 0 0 0
-5.0030875 7.2679296 3.1344399 22.853512 0 0 0 0
-4.6935854 7.3142724 3.1316566 13.157097 0 0 0 0
-4.3157349 7.3193846 3.1222365 19.412409 0 0 0 0
-4.0887966 7.263669 3.1242802 17.026989 0 0 0 0
-3.7161191 7.3799162 3.1287467 19.042397 0 0 0 0
-3.4692273 7.3782005 3.1269839 15.343831 0 0 0 0
-3.1834154 7.3227863 3.1202579 13.589529 0 0 0 0
-2.740356 7.2622738 3.116863 12.080107 0 0 0 0
-2.6056733 7.3048334 3.124337 10.25383 0 0 0 0
-2.1249049 7.2488585 3.127573 7.3364701 0 0 0 0
-2.0361753 7.3515534 3.119669 7.1840954 0 0 0 0
-1.6120933 7.3019247 3.1238925 5.4402246 0 0 0 0
-1.3198507 7.2602515 3.1309443 5.2410388 0 0 0 0
-0.95476592 7.2752914 3.1204042 4.3579941 0 0 0 0
-0.84529054 7.2638721 3.1115613 6.5656085 0 0 0 0
-0.50105286 7.2771463 3.1165707 6.0161133 0 0 0 0
-0.27653244 7.2875776 3.1207242 8.2743397 0 0 0 0
1.0493891 7.2859564 3.1602092 2.1640823 0 0 0 0
1.313151 7.3021359 3.1250062 9.2722731 0 0 0 0
1.6261263 7.3353086 3.1093588 6.7742672 0 0 0 0
1.9458246 7.2637234 3.1338265 8.3764973 0 0 0 0
2.2688875 7.3298464 3.1095581 10.021089 0 0 0 0
2.4706383 7.2956576 3.1252027 10.411841 0 0 0 0
2.7861366 7.3414149 3.1089811 13.591934 0 0 0 0
3.1388612 7.3012896 3.1050386 15.146753 0 0 0 0
3.4485168 7.3061261 3.104758 14.205019 0 0 0 0
3.7227924 7.2522335 3.1055002 15.369974 0 0 0 0
4.0341048 7.286027 3.1110249 17.844769 0 0 0 0
4.3040113 7.3061733 3.1060152 15.987652 0 0 0 0
4.5478673 7.2717161 3.1129277 15.4673 0 0 0 0
4.8845329 7.30476 3.1087105 15.992739 0 0 0 0
5.266407 7.2752419 3.1028972 14.960791 0 0 0 0
5.5406241 7.3780165 3.1072979 9.599966 0 0 0 0
5.8865356 7.351656 3.1158977 3.5151811 0 0 0 0
6.1889219 7.4151139 3.1307101 1.813098 0 0 0 0
6.5093431 7.3969193 3.1378851 1.0978394 0 0 0 0
6.8165188 7.3323069 3.1261034 1.0625 0 0 0 0
7.1308136 7.2925987 3.1237965 2.4570293 0 0 0 0
7.2319255 7.288311 3.1144786 2.2332478 0 0 0 0
7.6855373 7.2563586 3.1050849 6.4208884 0 0 0 0
8.037262 7.3602867 3.1049619 10.603734 0 0 0 0
8.1299095 7.2588997 3.1001248 13.118658 0 0 0 0
-19.982994 7.5381584 3.0341785 3 0 0 0 0
-14.947445 7.5885324 3.0934174 4 0 0 0 0
-13.611919 7.6845317 3.0618339 11.280927 0 0 0 0
-13.391159 7.5759749 3.1103783 14.78125 0 0 0 0
-12.966928 7.7308855 3.1143622 11.449112 0 0 0 0
-12.640888 7.6814704 3.138021 5.5058594 0 0 0 0
-12.486586 7.736599 3.1310115 6.0457354 0 0 0 0
-12.129811 7.6950259 3.1416779 3.8859863 0 0 0 0
-11.959217 7.5891199 3.1359806 4.7797852 0 0 0 0
-11.555431 7.5820227 3.1326547 2 0 0 0 0
-9.3425875 7.6899662 3.1482301 2 0 0 0 0
-9.0822372 7.7193708 3.1309655 16.109634 0 0 0 0
-8.928009 7.59202 3.1204956 19.707764 0 0 0 0
-8.5157871 7.6445522 3.1309955 23.124382 0 0 0 0
-8.305151 7.5322371 3.1347809 15.962646 0 0 0 0
-7.8836203 7.6498175 3.1236622 24.13866 0 0 0 0
-7.5810027 7.589241 3.1304748 25.27705 0 0 0 0
-7.2759352 7.7596207 3.1207619 27.550163 0 0 0 0
-7.1702533 7.6925292 3.1171017 24.289185 0 0 0 0
-6.7868481 7.686039 3.1250415 26.813051 0 0 0 0
-6.4036875 7.6374998 3.1216507 15.03125 0 0 0 0
-6.0558033 7.7155595 3.1145701 22.678314 0 0 0 0
-5.8375983 7.7079973 3.1315565 24.078125 0 0 0 0
-5.5963025 7.7070436 3.1278267 22.306072 0 0 0 0
-5.2839241 7.6886883 3.1202137 24.019176 0 0 0 0
-4.9672623 7.691474 3.1235676 23.603321 0 0 0 0
-4.5812216 7.6502237 3.1294014 4.6927953 0 0 0 0
-4.2911601 7.7367792 3.1223383 18.281746 0 0 0 0
-3.989845 7.6698027 3.1197577 19.027302 0 0 0 0
-3.8219357 7.7402797 3.1186852 17.831442 0 0 0 0
-3.4411938 7.6556673 3.1253242 13.59375 0 0 0 0
-3.194241 7.7254634 3.1191158 12.415464 0 0 0 0
-2.7549067 7.7525835 3.1237841 9.7633009 0 0 0 0
-2.5311391 7.7260046 3.1225204 8.6976862 0 0 0 0
-2.2593186 7.6410747 3.1262505 7.0747218 0 0 0 0
-2.0420239 7.7338648 3.1280937 6.5097003 0 0 0 0
-1.6509187 7.6896229 3.1259065 4.0699 0 0 0 0
-1.3469965 7.7698207 3.1287675 4.8828192 0 0 0 0
-1.0050377 7.757782 3.1284428 4.1568236 0 0 0 0
-0.73219359 7.599534 3.1303744 3.3409288 0 0 0 0
-0.45491973 7.6798406 3.1056449 3.8601334 0 0 0 0
-0.26499963 7.7385159 3.1106625 8.6255884 0 0 0 0
1.057045 7.6352425 3.118176 13.539062 0 0 0 0
1.32372 7.6924267 3.1516669 4.2556605 0 0 0 0
1.6577024 7.7028723 3.1461697 3.707829 0 0 0 0
1.8438013 7.7242022 3.1025105 11.039482 0 0 0 0
2.2447314 7.7692766 3.1291962 9.7557049 0 0 0 0
2.4903002 7.7311358 3.1221137 8.3596973 0 0 0 0
2.820282 7.7116308 3.1009026 10.612513 0 0 0 0
3.0954947 7.7663608 3.1127889 10.83594 0 0 0 0
3.4765587 7.6684923 3.1074028 16.918474 0 0 0 0
3.8143983 7.7653866 3.1039104 15.956822 0 0 0 0
4.1482453 7.7207146 3.1046419 15.879051 0 0 0 0
4.2594056 7.7469501 3.1079252 15.882543 0 0 0 0
4.760087 7.7569332 3.1046324 14.312369 0 0 0 0
4.8363609 7.7720823 3.1001425 15.401423 0 0 0 0
5.3056331 7.7430763 3.1009665 14.578436 0 0 0 0
5.5519862 7.7341328 3.1006007 10.596013 0 0 0 0
5.9441738 7.7613831 3.1095667 6.7310543 0 0 0 0
6.0268469 7.7868876 3.1110353 6.2686133 0 0 0 0
6.3940897 7.7698221 3.115802 3.2536101 0 0 0 0
6.6724391 7.704494 3.1290438 1.75 0 0 0 0
7.1306238 7.7069225 3.1171379 1.5182292 0 0 0 0
7.4140387 7.6638994 3.1251605 1.0080566 0 0 0 0
7.7258997 7.6820936 3.1027684 2.8616536 0 0 0 0
7.9455757 7.7700224 3.1047368 3.1041698 0 0 0 0
8.1737804 7.7318373 3.0977945 4.7885351 0 0 0 0
-15.328699 7.9312277 3.1924653 2 0 0 0 0
-13.612071 7.9429893 3.0846186 13.123047 0 0 0 0
-13.305904 7.959806 3.0949359 8.5 0 0 0 0
-13.029951 7.9765148 3.1100976 7.9947915 0 0 0 0
-12.747992 7.9335833 3.1159155 5.7890625 0 0 0 0
-12.361897 7.8751068 3.1323991 3.8632812 0 0 0 0
-12.217297 7.9436278 3.1242485 2.3320312 0 0 0 0
-11.957247 7.8464174 3.1621962 2 0 0 0 0
-9.6429386 8.0185432 3.1338172 5.5 0 0 0 0
-9.5173702 8.0079937 3.1323085 17.700155 0 0 0 0
-9.0702438 7.860713 3.1196833 23.033232 0 0 0 0
-8.9491777 7.9619379 3.1074648 18.979166 0 0 0 0
-8.5675306 7.9796638 3.1280088 4.0842013 0 0 0 0
-8.247179 7.9229383 3.1322265 12.248697 0 0 0 0
-7.9035435 7.8860421 3.1158984 26.105202 0 0 0 0
-7.7475309 8.0341167 3.1132038 27.72876 0 0 0 0
-7.3010464 7.9514503 3.1228757 27.488527 0 0 0 0
-7.0588517 7.9738646 3.1246181 24.195684 0 0 0 0
-6.7084279 7.863111 3.1326294 25.724771 0 0 0 0
-6.5173349 7.9293089 3.1191483 26.5 0 0 0 0
-6.1666541 7.8644171 3.1081972 24.343309 0 0 0 0
-5.898675 7.9983039 3.1170847 24.90625 0 0 0 0
-5.6151981 7.8653684 3.1173549 23.93026 0 0 0 0
-5.3507433 7.9555712 3.1200042 23.560156 0 0 0 0
-5.0064893 7.8925128 3.1226459 23.46841 0 0 0 0
-4.6793098 7.9563303 3.1300135 14.272656 0 0 0 0
-4.3073626 7.8750973 3.1152577 17.540569 0 0 0 0
-4.0613689 7.9687724 3.1141405 19.625 0 0 0 0
-3.793859 7.8508968 3.1301265 17.003942 0 0 0 0
-3.5165319 7.89114 3.1149566 13.754395 0 0 0 0
-3.1634283 7.8501081 3.1223948 13.169304 0 0 0 0
-2.9037876 8.0514498 3.1083064 13 0 0 0 0
-2.5542336 7.9562902 3.1257997 10.504284 0 0 0 0
-2.3277259 8.0525885 3.1292062 9.2542973 0 0 0 0
-1.9986897 7.8719578 3.1218026 8.0749283 0 0 0 0
-1.6241267 7.8454771 3.126199 7.4545202 0 0 0 0
-1.3601179 7.9550958 3.1396832 8.1177578 0 0 0 0
-1.0120683 7.9639897 3.1272669 6.057292 0 0 0 0
-0.80286837 7.8518443 3.1323671 6.2736168 0 0 0 0
-0.55811262 7.8786249 3.1399527 5.9927802 0 0 0 0
-0.25393903 7.8646345 3.1201653 3.9466145 0 0 0 0
1.0711421 7.8519769 3.0998149 13 0 0 0 0
1.4014778 7.8391356 3.1041243 9.4113836 0 0 0 0
1.6473927 8.0164185 3.1377583 5.5843611 0 0 0 0
1.9886913 7.8234034 3.1079798 3.8090765 0 0 0 0
2.3035979 7.8774376 3.1013744 11.664323 0 0 0 0
2.6376748 7.8412094 3.1251755 10.393311 0 0 0 0
2.8954298 7.8475971 3.1136503 11.249861 0 0 0 0
3.2033579 7.8312263 3.1121302 13.122445 0 0 0 0
3.4500895 7.8914838 3.1033826 12.738946 0 0 0 0
3.6748581 7.8132238 3.1109018 14.108501 0 0 0 0
4.0539103 7.9184628 3.109257 15.033444 0 0 0 0
4.2962389 7.8582168 3.1048427 14.5665 0 0 0 0
4.5707846 7.9018745 3.1066499 13.756958 0 0 0 0
4.9237132 7.8330264 3.095902 14.377604 0 0 0 0
5.2812672 7.8135991 3.0994797 13.981945 0 0 0 0
5.5315437 7.8280888 3.100657 12.485327 0 0 0 0
5.8244667 7.8264937 3.0995135 11.5 0 0 0 0
6.0429583 7.819943 3.1054192 5.8316402 0 0 0 0
6.4192963 7.8379774 3.1126924 4.0287943 0 0 0 0
6.821703 7.9021597 3.1350598 1.2124141 0 0 0 0
7.0906363 7.8678541 3.1262116 1.0221355 0 0 0 0
7.3342514 7.8953409 3.1273422 1.1666667 0 0 0 0
7.6282935 7.9069433 3.1110921 1 0 0 0 0
7.886025 7.9905243 3.1045718 1.4279352 0 0 0 0
8.1881342 7.8885555 3.0995917 3.0638189 0 0 0 0
-15.322206 8.1350365 3.1220341 2 0 0 0 0
-13.621557 8.2817478 3.0566609 7.5657301 0 0 0 0
-13.318363 8.3088913 3.0607166 3.625 0 0 0 0
-13.095243 8.1535358 3.1062994 7.8443017 0 0 0 0
-12.761789 8.2210178 3.089752 2.4477539 0 0 0 0
-12.452373 8.1625118 3.0981951 2.34375 0 0 0 0
-9.9837112 8.2580814 3.1231754 2 0 0 0 0
-9.6652365 8.2817955 3.1069589 5.8681369 0 0 0 0
-9.5344362 8.2390289 3.0979927 10.794776 0 0 0 0
-9.1444464 8.2021637 3.0935895 10.6147 0 0 0 0
-8.9024506 8.1887388 3.1063633 8.552084 0 0 0 0
-8.6135168 8.2396641 3.1255746 2.8037872 0 0 0 0
-8.1968498 8.228756 3.1061537 16.48325 0 0 0 0
-7.8740044 8.1893539 3.1155043 19.608116 0 0 0 0
-7.713376 8.2634983 3.0916638 8.2118225 0 0 0 0
-7.3838797 8.1625404 3.1067114 26.451435 0 0 0 0
-6.712286 8.2117672 3.1462297 22.995312 0 0 0 0
-6.354641 8.2197342 3.2301693 16.3125 0 0 0 0
-6.0970211 8.1956959 3.0587425 23.872356 0 0 0 0
-5.7178478 8.1928682 3.0878253 23.398438 0 0 0 0
-5.6479363 8.2048435 3.1045041 26.520199 0 0 0 0
-5.2687201 8.1968241 3.1220777 31 0 0 0 0
-4.9714642 8.2691364 3.0823722 18.561626 0 0 0 0
-4.5392733 8.1900063 3.1246448 13.336864 0 0 0 0
-4.3271089 8.174202 3.119571 19.043837 0 0 0 0
-3.9944835 8.2001972 3.1089387 11.561157 0 0 0 0
-3.8160427 8.1591225 3.1123142 16.952831 0 0 0 0
-3.505959 8.1754074 3.1146874 15.121338 0 0 0 0
-3.1564543 8.25105 3.112 8.835701 0 0 0 0
-2.834744 8.2231264 3.1183476 9.6370125 0 0 0 0
-2.5840573 8.2273827 3.1158135 7.8868399 0 0 0 0
-2.2201734 8.1598024 3.1291704 8.8796968 0 0 0 0
-2.0430388 8.219305 3.11941 5.8870544 0 0 0 0
-1.6227915 8.2295322 3.1260154 6.4225931 0 0 0 0
-1.3839459 8.2867374 3.1136124 4.4395189 0 0 0 0
-1.0358922 8.2276468 3.12521 4.3717823 0 0 0 0
-0.70625436 8.1799984 3.1397321 6.2999287 0 0 0 0
-0.46312815 8.2318878 3.1753314 4.4675307 0 0 0 0
-0.22238103 8.178751 3.1200132 4.4364004 0 0 0 0
1.1409616 8.2223721 3.1037793 5.8476562 0 0 0 0
1.3933725 8.2090311 3.1722176 6.2046614 0 0 0 0
1.6364563 8.2065468 3.113806 8.0639105 0 0 0 0
1.9151838 8.2512283 3.1281922 6.9654808 0 0 0 0
2.2216585 8.2715797 3.1186287 5.7908287 0 0 0 0
2.5771337 8.1919575 3.1148195 7.3801794 0 0 0 0
2.8211362 8.2533512 3.1115067 6.3443341 0 0 0 0
3.1340208 8.2555199 3.0908885 7.7100458 0 0 0 0
3.4482422 8.2142897 3.0855818 9.0311718 0 0 0 0
3.7793164 8.2069216 3.0833497 7.4177399 0 0 0 0
4.0283279 8.2316399 3.0892115 8.5257797 0 0 0 0
4.3031254 8.1971931 3.0885136 12.079706 0 0 0 0
4.7240186 8.2484283 3.08095 7.8420439 0 0 0 0
4.9404678 8.235199 3.0906417 9.4778347 0 0 0 0
5.2902522 8.2043743 3.0782228 6.817606 0 0 0 0
5.551888 8.2162037 3.0857153 8.6864471 0 0 0 0
5.9268847 8.2112722 3.0848715 6.9350171 0 0 0 0
6.0783138 8.2096663 3.0823469 6.3990822 0 0 0 0
6.4057722 8.2039165 3.0851216 4.4593363 0 0 0 0
6.7211714 8.2004013 3.1038768 2.3457432 0 0 0 0
7.0557032 8.2150192 3.114737 1.7088697 0 0 0 0
7.2856121 8.3529186 3.0742087 1.0341797 0 0 0 0
7.5565829 8.2904949 3.1320124 1 0 0 0 0
8.0570927 8.2125435 3.0948365 1 0 0 0 0
8.1725235 8.2370815 3.1013117 1.0175824 0 0 0 0
-15.32724 8.5566931 3.0913353 3 0 0 0 0
-13.643078 8.5053329 3.0549803 4.5175781 0 0 0 0
-4.9872513 8.690793 3.0614696 5.302083 0 0 0 0
-4.6735883 8.4143152 3.1374676 0 0 0 0 0
3.5239055 8.4125338 3.1191485 1 0 0 0 0
-15.508133 8.8578367 3.2690036 3 0 0 0 0
-13.629312 8.7752514 3.1361303 4.2156601 0 0 0 0
-10.552012 8.9127369 3.2770896 4 0 0 0 0
-10.421218 8.9556732 3.2950883 12 0 0 0 0
-8.4075518 8.9630995 3.279705 2 0 0 0 0
-8.3664904 8.9647179 3.2602329 2.5 0 0 0 0
-4.9910469 8.7576733 3.1586161 4.669261 0 0 0 0
-13.625906 9.0013418 3.2460423 4 0 0 0 0
-10.535757 9.141983 3.1663737 2.9375 0 0 0 0
-10.324605 9.179081 3.2396441 16.668564 0 0 0 0
-8.3700428 9.0397644 3.2773166 1 0 0 0 0
-5.0040531 9.2425938 3.1566615 4.6627922 0 0 0 0
-10.381953 9.3607464 3.1155949 5.8857322 0 0 0 0
-5.0034027 9.3466444 3.1640315 4.7291665 0 0 0 0
8.5980453 9.5632019 3.167181 1 0 0 0 0
-10.264929 9.7439785 3.0560908 31.080929 0 0 0 0
-5.0025234 9.7767696 3.0762117 4.8205853 0 0 0 0
8.5934172 9.7540627 3.1637468 1.3910381 0 0 0 0
-10.232111 10.029804 3.1249914 38.050781 0 0 0 0
-10.183968 10.16107 3.1658301 28.401041 0 0 0 0
-5.0214291 10.120138 3.2122598 5.3370767 0 0 0 0
8.5935345 10.011732 3.1811833 2.1975706 0 0 0 0
-10.224349 10.286957 3.0904455 30.241405 0 0 0 0
-10.150852 10.305431 3.1032948 28.500093 0 0 0 0
-9.7426662 10.348734 3.2228317 41.530315 0 0 0 0
-5.0034513 10.260763 3.1203814 4.8545423 0 0 0 0
8.5813217 10.382549 3.1121721 3.0820506 0 0 0 0
-10.23716 10.683874 3.0332899 47.625 0 0 0 0
-10.046485 10.607145 3.0763092 47.934292 0 0 0 0
-9.8479862 10.566103 3.0987053 39 0 0 0 0
-4.9763346 10.609488 3.1323113 1.4672165 0 0 0 0
8.5666676 10.611099 3.0812035 3.506536 0 0 0 0
8.5836582 10.902069 3.0787621 3.202889 0 0 0 0
-13.680466 11.358559 3.1635351 5.2678223 0 0 0 0
8.5715046 11.351715 3.048646 2.9372749 0 0 0 0
-13.665649 11.558055 3.1215072 9.7910213 0 0 0 0
8.573638 11.522776 3.0453477 3.4143224 0 0 0 0
-13.644346 11.808665 3.1984787 11.15068 0 0 0 0
8.6202679 11.893946 3.055831 5.0748606 0 0 0 0
-13.601598 12.101604 3.1267762 7.127604 0 0 0 0
8.6435528 12.057709 3.0426779 4.0698175 0 0 0 0
-13.628702 12.356868 3.1809359 7.291667 0 0 0 0
8.6460953 12.507675 3.025737 6.6681232 0 0 0 0
8.7032347 12.370619 3.0114174 2 0 0 0 0
-13.684237 12.718077 3.2122355 13.553904 0 0 0 0
8.6486406 12.686503 3.084554 4.6591868 0 0 0 0
-13.642538 13.105937 3.1188638 21.563927 0 0 0 0
8.6466255 13.05708 3.2531383 4.1845055 0 0 0 0
-13.638038 13.335262 3.1302423 37.800011 0 0 0 0
8.6544056 13.334564 3.0722835 4.5061445 0 0 0 0
7.7946033 13.764333 3.29093 2 0 0 0 0
7.8769531 13.636773 3.0526233 3.0344961 0 0 0 0
8.2114697 13.58338 3.1577291 6.8287954 0 0 0 0
8.5503387 13.516985 3.1686792 2.5 0 0 0 0
7.7881355 14.010805 3.2506316 1.875 0 0 0 0
7.8189487 13.959901 3.2812524 2 0 0 0 0
7.8056254 14.174174 3.2460096 2 0 0 0 0
-13.698009 29.388844 3.0009401 23 0 0 0 0
-3.6955206 29.312325 3.0837383 8 0 0 0 0
-13.741258 29.433252 3.1594291 34 0 0 0 0
-13.514588 29.74758 3.2086108 26 0 0 0 0
-3.3357434 29.895899 3.2688456 5.5 0 0 0 0
-13.385233 30.358498 3.090194 11.5 0 0 0 0
-4.6297846 30.346018 3.1818709 10.25 0 0 0 0
-4.3602095 30.385109 3.2032866 9.3009033 0 0 0 0
-4.0239177 30.509399 3.2823091 10 0 0 0 0
-3.8093038 30.860369 3.2534819 13.5 0 0 0 0
-3.3645184 30.852921 3.2348266 13.476562 0 0 0 0
-3.1553841 30.839777 3.2047815 12.25 0 0 0 0
-2.7860074 30.778004 3.2709565 16 0 0 0 0
-2.5633874 30.766726 3.1122084 9.8203125 0 0 0 0
-2.3667288 30.835138 3.2763891 8.5 0 0 0 0
-0.70881528 30.896616 3.1716423 9 0 0 0 0
-3.739552 30.98711 3.2388854 13.5 0 0 0 0
-3.3770742 30.974699 3.1128535 8.75 0 0 0 0
-3.2153182 30.974941 3.1596861 7.5 0 0 0 0
-2.9451468 30.966183 3.1519427 13 0 0 0 0
-0.83457315 30.921955 3.2321749 10 0 0 0 0
-4.2980466 31.32905 3.0307407 7.125 0 0 0 0
-4.0345325 31.393639 3.0621352 13.625 0 0 0 0
-1.8655529 31.415745 3.0861931 7 0 0 0 0
-13.673639 31.633615 3.0096557 25 0 0 0 0
-3.9764347 31.528183 3.0345588 12.5 0 0 0 0
-3.8276229 31.55405 3.1447299 6 0 0 0 0
-3.3378062 31.799063 3.0207915 4 0 0 0 0
-2.7533343 31.562176 3.029048 9 0 0 0 0
-1.8556199 31.664156 3.1778584 11.5 0 0 0 0
-1.7054675 31.761404 3.0698693 9.75 0 0 0 0
-1.2651087 31.762508 3.2505062 11.90625 0 0 0 0
-1.0441403 31.691856 3.167942 7.875 0 0 0 0
-0.74613035 31.568293 3.1617036 8 0 0 0 0
-13.605943 32.03648 3.2831345 35 0 0 0 0
-1.877924 31.960161 3.1265152 8 0 0 0 0
-1.7163068 31.914822 3.1423101 12 0 0 0 0
-1.2218164 31.804665 3.146992 7 0 0 0 0
-1.1203935 31.837948 3.2005994 8 0 0 0 0
-13.677746 32.326515 3.1127105 33.375 0 0 0 0
-3.7630248 32.225975 3.0266547 15.75 0 0 0 0
-3.5335429 32.196327 3.0369604 12 0 0 0 0
-13.621058 32.614147 3.2259319 28 0 0 0 0
-5.7805505 32.923752 3.0627027 21 0 0 0 0
-5.5303812 32.977249 3.1178656 23.25 0 0 0 0
-5.292788 32.947697 3.0517201 23.59375 0 0 0 0
-13.702349 33.161552 3.0891347 32 0 0 0 0
-5.7582998 33.044716 3.1804311 18.5 0 0 0 0
-5.5287209 33.100273 3.1379418 13.761719 0 0 0 0
-5.1900005 33.188995 3.1093946 13.71875 0 0 0 0
-5.0268931 33.110249 3.1518703 10 0 0 0 0
-2.5399804 33.1549 3.2376664 13.5 0 0 0 0
-2.184526 33.264423 3.2712405 20.5 0 0 0 0
-2.0217662 33.298325 3.2475891 9 0 0 0 0
-13.729417 33.508106 3.1520178 29 0 0 0 0
-3.7180398 33.440159 3.2423978 11.09375 0 0 0 0
-3.3550773 33.495079 3.2681932 8.515625 0 0 0 0
-2.5730872 33.479603 3.0900903 17.3125 0 0 0 0
-2.3478508 33.45649 3.2295539 17.34375 0 0 0 0
-2.0896089 33.320427 3.210454 12 0 0 0 0
-13.707028 33.665249 3.021673 31 0 0 0 0
-2.3879061 33.640869 3.0396898 11 0 0 0 0
-1.5364338 33.991531 3.2254727 9 0 0 0 0
-1.3211536 34.096672 3.1994305 9 0 0 0 0
-2.0395923 34.443165 3.1171746 7 0 0 0 0
-13.8257 35.110752 3.0872629 37 0 0 0 0
-23.480019 -6.060473 3.4302938 17 0 0 0 0
-16.601978 -6.1129026 3.4436965 8.90625 0 0 0 0
-16.333584 -6.1201172 3.4071245 8.6848965 0 0 0 0
-15.957116 -6.1484842 3.5193968 9.387207 0 0 0 0
-15.817831 -6.1124249 3.5348539 12.489746 0 0 0 0
-15.499079 -6.1146431 3.3715861 9.7721939 0 0 0 0
-15.164511 -6.114089 3.5348587 8.7584629 0 0 0 0
-14.953386 -6.1081438 3.4043622 8.75 0 0 0 0
-14.692921 -6.1170917 3.3566644 10.25 0 0 0 0
-9.1195602 -6.0221367 3.3042216 1.5 0 0 0 0
-8.3001957 -6.0075746 3.3011532 1 0 0 0 0
-6.4657469 -6.0693092 3.3030117 28.75 0 0 0 0
-6.0786171 -6.1052923 3.3040216 24.041666 0 0 0 0
-5.8145857 -6.0173702 3.3043964 26 0 0 0 0
-5.6307335 -6.0949407 3.3075581 25.416668 0 0 0 0
-5.2956614 -6.0999966 3.3074751 25.078125 0 0 0 0
-5.0741596 -6.2624741 3.3013878 12 0 0 0 0
-4.6454639 -6.0799551 3.3099279 21.125 0 0 0 0
-4.3273869 -6.1132412 3.3068924 22.333332 0 0 0 0
-3.94046 -6.1531572 3.3018155 15.270834 0 0 0 0
-3.8347178 -6.1418972 3.3094454 17 0 0 0 0
-3.5718496 -6.0472069 3.305459 17 0 0 0 0
-3.1319394 -6.1069255 3.3102589 18.6875 0 0 0 0
-2.8705983 -6.0834861 3.3058047 13.68125 0 0 0 0
-2.4053271 -6.1468229 3.3243802 16.5 0 0 0 0
-2.3353455 -6.1327877 3.3203812 14.916667 0 0 0 0
-1.8455079 -6.0863323 3.3050127 14 0 0 0 0
-1.7143838 -6.124711 3.3040338 13 0 0 0 0
-1.2732782 -6.0752573 3.3320613 14.932291 0 0 0 0
-1.1396911 -6.131319 3.3511045 12.75 0 0 0 0
-0.6316517 -6.1103621 3.378407 12.2375 0 0 0 0
-0.51205599 -6.1685305 3.3513122 7.6354113 0 0 0 0
-0.1746206 -6.1569138 3.4845104 6.25 0 0 0 0
1.7533004 -6.1587563 3.5294845 7.125 0 0 0 0
1.95947 -6.2502937 3.4371166 2.758677 0 0 0 0
2.2573357 -6.1063576 3.3862324 8.6416883 0 0 0 0
2.5576944 -6.1276999 3.316956 8.25 0 0 0 0
2.7468224 -6.0552053 3.3274715 10.1875 0 0 0 0
3.1584852 -6.2176771 3.3023391 15 0 0 0 0
3.3722737 -6.0874267 3.3390694 14.680555 0 0 0 0
5.4433427 -6.1089234 3.3128371 0 0 0 0 0
-23.610348 -5.8060794 3.3019345 10 0 0 0 0
-13.060781 -5.7544026 3.3120911 24 0 0 0 0
-10.490476 -5.9594779 3.3020611 18 0 0 0 0
-9.3322115 -5.728416 3.3003426 5 0 0 0 0
-9.1074257 -5.8549809 3.3067813 1.25 0 0 0 0
-8.6452618 -5.796771 3.30475 1 0 0 0 0
-8.1674652 -5.8761368 3.3138633 1 0 0 0 0
-7.9378281 -5.7859373 3.301928 1 0 0 0 0
-6.8638501 -5.9926453 3.3105953 28 0 0 0 0
-6.4732442 -5.8859334 3.3018122 28.75 0 0 0 0
-6.1566939 -5.8690109 3.3026092 25.833334 0 0 0 0
-5.6348987 -5.7216067 3.3041754 24.5 0 0 0 0
-5.2970238 -5.8991017 3.3040457 25.9375 0 0 0 0
-4.5809755 -5.7522988 3.3080585 23.75 0 0 0 0
-4.2113376 -5.9738264 3.3037322 18 0 0 0 0
-3.4149075 -5.7550049 3.3092175 16.666668 0 0 0 0
-3.1312737 -5.8848209 3.3048089 15.5 0 0 0 0
-1.2548457 -5.9005609 3.3174717 13.386285 0 0 0 0
-0.68499351 -5.9975996 3.3262975 10.333333 0 0 0 0
-0.41526863 -5.7765803 3.3107917 17 0 0 0 0
-0.16460621 -5.9328556 3.3264813 24.501953 0 0 0 0
1.7284275 -5.8068447 3.332545 3.75 0 0 0 0
1.8607224 -5.7328224 3.3330388 1 0 0 0 0
2.3437016 -5.78198 3.3051834 9.3666668 0 0 0 0
2.7329447 -5.8721442 3.3234274 7.75 0 0 0 0
3.3300276 -5.7273598 3.3165226 7 0 0 0 0
-8.565546 -5.5311184 3.3052609 1.4583334 0 0 0 0
-8.3031864 -5.4958868 3.312716 1 0 0 0 0
-7.857708 -5.5603037 3.3084631 1.0416667 0 0 0 0
-7.5427752 -5.5436525 3.3023729 2 0 0 0 0
-7.4520779 -5.6176124 3.3042991 3.25 0 0 0 0
-6.3251777 -5.54883 3.3024697 25 0 0 0 0
-5.3103728 -5.5958285 3.3013189 27 0 0 0 0
-5.0361567 -5.6751223 3.3016491 24 0 0 0 0
-4.0021558 -5.5851383 3.3026128 18.5 0 0 0 0
-3.4652371 -5.5721226 3.3021755 20 0 0 0 0
-3.1318295 -5.5426526 3.3048904 19 0 0 0 0
-2.9212399 -5.6877418 3.3105011 13.5 0 0 0 0
-1.1732311 -5.6232848 3.3061602 1 0 0 0 0
-0.79180908 -5.5048761 3.311115 20.5 0 0 0 0
-0.56085742 -5.6456652 3.3079028 18.375 0 0 0 0
-0.16603328 -5.6469135 3.3271282 0 0 0 0 0
1.6330435 -5.4899387 3.3048568 1 0 0 0 0
2.1810572 -5.6977191 3.3140345 2 0 0 0 0
-8.2291679 -5.1762466 3.3069491 1 0 0 0 0
-8.0031157 -5.1825638 3.302475 1.1666667 0 0 0 0
-7.7597294 -5.3778825 3.3180361 1 0 0 0 0
-7.4154243 -5.2810898 3.3066642 1.2125 0 0 0 0
-7.120419 -5.1304617 3.3085749 1 0 0 0 0
-4.4486418 -5.3320785 3.313446 19 0 0 0 0
-1.0869735 -5.1298652 3.306953 16.4 0 0 0 0
1.6212565 -5.1868887 3.3213148 0 0 0 0 0
-7.9316559 -5.0655494 3.3018897 1.0117188 0 0 0 0
-7.6487889 -4.9497643 3.3100812 1 0 0 0 0
-7.4406223 -5.0291409 3.3054283 1 0 0 0 0
-7.1415029 -4.9402342 3.3102589 1.53125 0 0 0 0
-2.2641361 -4.9958138 3.3037128 13 0 0 0 0
-0.61757523 -5.0631051 3.3123231 21 0 0 0 0
-0.15071756 -5.0568199 3.3132167 18 0 0 0 0
1.3923044 -5.0566802 3.3195066 0 0 0 0 0
1.6780956 -5.0164995 3.4518156 0.5 0 0 0 0
-12.98298 -4.7367029 3.3056936 5 0 0 0 0
-7.5147381 -4.6141481 3.3008828 1.25 0 0 0 0
-7.4375229 -4.6341233 3.3025603 1.00494 0 0 0 0
-7.1429768 -4.6966453 3.3061938 0.796875 0 0 0 0
-6.8332815 -4.7069063 3.3005867 1.3 0 0 0 0
-7.1965451 -4.4794927 3.3009694 1 0 0 0 0
-1.3099577 -4.3185797 3.4907773 0.5 0 0 0 0
-1.1887146 -4.3089151 3.3241396 0 0 0 0 0
-0.28994265 -4.388453 3.3050542 9 0 0 0 0
1.6241426 -4.3957701 3.3030748 0 0 0 0 0
-1.3071505 -4.1012607 3.3384318 1 0 0 0 0
-0.06976863 -4.1801305 3.3100193 1 0 0 0 0
1.6566734 -4.0932703 3.4071169 2.5 0 0 0 0
-1.3085856 -3.1912146 3.3060489 5.3404946 0 0 0 0
-16.831425 -2.1321473 3.4275362 22.714844 0 0 0 0
-16.617481 -2.160027 3.4022248 18.828125 0 0 0 0
-16.223013 -2.1343682 3.4113977 8 0 0 0 0
-15.98534 -2.1515505 3.3800702 10.5 0 0 0 0
-15.662388 -2.1521363 3.3988476 13.03125 0 0 0 0
-15.442177 -2.1178331 3.4107926 6.75 0 0 0 0
-15.037417 -2.1006763 3.3585386 6 0 0 0 0
-14.762988 -2.1512737 3.3275919 8.6875 0 0 0 0
-14.574948 -2.1490204 3.3273768 12 0 0 0 0
0.53756791 -2.119868 3.3758259 1.715097 0 0 0 0
1.3992224 -2.2550747 3.5953074 19 0 0 0 0
1.6894417 -2.2951741 3.507679 24.803446 0 0 0 0
1.827823 -2.3366246 3.3496227 0 0 0 0 0
2.7977347 -2.323895 3.5012045 4.5 0 0 0 0
3.541436 -2.2068954 3.3245919 28.200001 0 0 0 0
-16.873539 -1.9919798 3.5199647 11.217184 0 0 0 0
-16.741213 -2.0706758 3.3549061 37 0 0 0 0
-16.369123 -2.0874414 3.5003855 3 0 0 0 0
-16.02523 -2.0354476 3.5049319 3.03125 0 0 0 0
-15.666673 -2.0127406 3.4787745 2.953125 0 0 0 0
-15.468225 -1.9462609 3.458627 2.71875 0 0 0 0
-15.273972 -2.0628152 3.4523616 5 0 0 0 0
0.49945274 -2.0859404 3.3687639 2.095942 0 0 0 0
-16.857626 -1.72025 3.4993672 16.154739 0 0 0 0
-16.759289 -1.7117164 3.3864281 35.833336 0 0 0 0
-16.324045 -1.5571694 3.5294106 2.5 0 0 0 0
-16.033146 -1.5512536 3.4245207 1.75 0 0 0 0
-15.774599 -1.6473584 3.4473114 3 0 0 0 0
-15.372429 -1.6599715 3.3886361 3 0 0 0 0
0.21547301 -1.5356385 3.5601645 14.507812 0 0 0 0
1.7081214 -1.6987913 3.3349311 1.015625 0 0 0 0
-16.87743 -1.3358258 3.5111704 11.358103 0 0 0 0
-16.041359 -1.2982605 3.4230571 3 0 0 0 0
-15.734404 -1.4393504 3.44596 2.375 0 0 0 0
-15.451246 -1.234668 3.3834059 1.5 0 0 0 0
-15.210015 -1.2619669 3.4009533 3 0 0 0 0
0.21710931 -1.4908155 3.5446811 14 0 0 0 0
-16.862663 -1.1584105 3.4590888 18.876396 0 0 0 0
-16.214504 -1.0189801 3.4581833 2 0 0 0 0
-16.092617 -0.99673063 3.4235129 2.125 0 0 0 0
-15.695841 -0.94977629 3.354538 2.25 0 0 0 0
-15.483171 -1.0724934 3.4007912 2.0625 0 0 0 0
-15.205015 -1.0227022 3.4295554 2.5 0 0 0 0
-16.816078 -0.66640317 3.4235139 56.139935 0 0 0 0
-16.793026 -0.72912419 3.503289 27.6875 0 0 0 0
-16.142885 -0.60954589 3.4693911 2 0 0 0 0
-15.699793 -0.75082964 3.4267614 2 0 0 0 0
-15.43698 -0.72864008 3.387459 2.125 0 0 0 0
1.6501096 -0.8661018 3.4790058 5.25 0 0 0 0
-16.816078 -0.42181864 3.5054147 31.5 0 0 0 0
-16.798849 -0.58719462 3.5758507 8.666667 0 0 0 0
-15.752028 -0.58313632 3.365099 2.5 0 0 0 0
-15.519085 -0.47418946 3.347815 2 0 0 0 0
-15.179707 -0.59615749 3.377634 3 0 0 0 0
-16.831833 -0.18955523 3.4120955 75.710808 0 0 0 0
-16.790169 -0.18733239 3.4819946 64.427574 0 0 0 0
-16.049938 -0.14428206 3.448488 2.5 0 0 0 0
-15.70311 -0.12360967 3.3771968 2 0 0 0 0
-15.450657 -0.15005481 3.3758984 2.125 0 0 0 0
-16.817144 0.26214364 3.4566603 48.043236 0 0 0 0
-16.777637 0.23041123 3.5513864 12.75 0 0 0 0
-16.238918 0.19199701 3.501194 2 0 0 0 0
-16.079201 0.18715027 3.4315262 1.5 0 0 0 0
-15.754074 0.14674552 3.4215546 2.5 0 0 0 0
-15.143795 0.077860892 3.3780746 2.5 0 0 0 0
-16.819818 0.31542081 3.4132402 54.574158 0 0 0 0
-16.792608 0.31689167 3.4430518 58 0 0 0 0
-16.279312 0.44455937 3.5494494 2 0 0 0 0
-16.080219 0.49733564 3.4216323 2 0 0 0 0
-15.729317 0.44738322 3.4179502 1.5 0 0 0 0
-15.552121 0.3988719 3.3793566 2.25 0 0 0 0
-16.82453 0.79907829 3.3901424 58.793575 0 0 0 0
-16.791597 0.81718469 3.4949489 34.5 0 0 0 0
-16.277109 0.80570149 3.4958234 2 0 0 0 0
-16.070076 0.80236399 3.4242685 2 0 0 0 0
-15.758012 0.72495568 3.4638319 2 0 0 0 0
-15.576292 0.69660854 3.4198198 2 0 0 0 0
-15.142649 0.80120325 3.3665814 1.5 0 0 0 0
1.6477813 0.67372918 3.3275354 10 0 0 0 0
-16.832111 0.97500545 3.5107284 18.675781 0 0 0 0
-16.799274 0.90627438 3.4186122 46.5 0 0 0 0
-16.061901 1.0083214 3.3724105 2.5 0 0 0 0
-15.739668 1.0545373 3.429214 3.09375 0 0 0 0
-15.556898 1.0594867 3.304651 2 0 0 0 0
-16.832441 1.3034465 3.4404297 40.239399 0 0 0 0
-16.77401 1.2323693 3.449029 38.3125 0 0 0 0
-16.029102 1.3644459 3.4314752 2.25 0 0 0 0
-15.807213 1.3708864 3.3613777 3 0 0 0 0
-15.209249 1.3439608 3.3444624 2 0 0 0 0
0.23278686 1.4663723 3.5586739 43.875 0 0 0 0
1.6681638 1.4371638 3.3222246 32.625 0 0 0 0
-16.848059 1.5838168 3.5085878 14.362622 0 0 0 0
-16.793592 1.5876034 3.5958295 4 0 0 0 0
-16.298161 1.6269314 3.4563661 1 0 0 0 0
-15.997749 1.6496511 3.4249816 2.84375 0 0 0 0
-15.760321 1.6879981 3.3638186 2.6491699 0 0 0 0
-15.505293 1.6532027 3.3274684 3.1796875 0 0 0 0
-15.231306 1.7004628 3.3622465 3 0 0 0 0
0.16692567 1.5782609 3.5298131 13.88279 0 0 0 0
-16.816004 1.8765109 3.435955 46.792194 0 0 0 0
-16.051311 1.9625793 3.4083307 2.5 0 0 0 0
-15.833982 1.8598168 3.3677583 1.5625 0 0 0 0
-15.448507 1.9551802 3.3565235 2 0 0 0 0
-15.221533 2.0241022 3.3411789 2 0 0 0 0
-16.856756 2.2527113 3.4587996 39.799122 0 0 0 0
-16.765753 2.2735765 3.5212517 10.5 0 0 0 0
-16.345158 2.3260717 3.4960303 3.25 0 0 0 0
-16.075394 2.1729674 3.4244733 1.515625 0 0 0 0
-15.771273 2.172689 3.4338322 2.78125 0 0 0 0
-15.431623 2.3357532 3.3697648 2.4296875 0 0 0 0
-15.160984 2.2792025 3.3404167 1.875 0 0 0 0
0.16640034 2.3058834 3.5714765 16.8125 0 0 0 0
2.6820264 2.3071206 3.4129879 0 0 0 0 0
-16.823086 2.6406415 3.4473586 37.25 0 0 0 0
-16.773346 2.679703 3.515166 9.5 0 0 0 0
-16.341698 2.6765509 3.5141068 2.5 0 0 0 0
-15.978948 2.4905596 3.3508425 2.1875 0 0 0 0
-15.808414 2.549592 3.3798404 2.25 0 0 0 0
-15.454476 2.5014935 3.3595767 2.8730469 0 0 0 0
-15.088635 2.604738 3.3258414 1.5 0 0 0 0
0.16286772 2.4178553 3.5844064 22 0 0 0 0
0.57772118 2.6605444 3.3451173 15.28125 0 0 0 0
-16.849487 2.8451791 3.4228399 43.258408 0 0 0 0
-16.777348 2.8902569 3.5270848 11.395833 0 0 0 0
-16.224691 2.7658381 3.4550533 3.75 0 0 0 0
-16.005344 2.8454638 3.4286969 2.2239585 0 0 0 0
-15.789842 2.9169922 3.4223042 2.578125 0 0 0 0
-15.529987 2.8202109 3.4024165 3.0771484 0 0 0 0
0.5877856 2.742691 3.3227916 18.225 0 0 0 0
-16.833454 3.2166753 3.4549892 29.27795 0 0 0 0
-16.770382 3.1305337 3.4714174 30.75 0 0 0 0
-16.202164 3.1927793 3.4139593 2 0 0 0 0
-16.039188 3.1038005 3.4136362 2.5566406 0 0 0 0
-15.718708 3.097574 3.3922188 2.9270833 0 0 0 0
-15.478068 3.174623 3.3988256 2.810791 0 0 0 0
-15.191083 3.1763201 3.3435557 2 0 0 0 0
2.6850786 3.1981001 3.4126182 0.75 0 0 0 0
-16.840284 3.3646078 3.4391212 37.128658 0 0 0 0
-16.639938 3.4364285 3.498138 6 0 0 0 0
-16.381569 3.400537 3.4808402 4.375 0 0 0 0
-16.041256 3.3847942 3.3868012 2.96875 0 0 0 0
-15.782703 3.3796995 3.3592629 2.21875 0 0 0 0
-15.47312 3.4224343 3.365139 2.4869792 0 0 0 0
-15.179904 3.5651641 3.3132787 2 0 0 0 0
-16.838524 3.7592964 3.3637919 63.126541 0 0 0 0
-16.769037 3.8071775 3.4053509 44 0 0 0 0
-16.223835 3.7216849 3.4735384 4.3333335 0 0 0 0
-16.080158 3.7925653 3.4319563 3.3354492 0 0 0 0
-15.66956 3.7928684 3.4081306 2.846354 0 0 0 0
-15.531483 3.7429948 3.4005468 2.826823 0 0 0 0
-1.2655141 3.8475761 3.3491607 1 0 0 0 0
-0.42691782 3.8573153 3.3249147 2.3333333 0 0 0 0
-16.855919 3.9756136 3.4634626 20.190266 0 0 0 0
-16.77754 4.1967883 3.4327607 18.333334 0 0 0 0
-16.24342 3.9367881 3.4262805 4.5 0 0 0 0
-16.015802 4.0899811 3.393254 4.9166665 0 0 0 0
-15.803412 4.0300732 3.4023719 3.4827881 0 0 0 0
-15.441995 4.1289549 3.3795335 3.9140625 0 0 0 0
-15.298335 4.1053538 3.341419 3 0 0 0 0
-16.839075 4.2775393 3.3933001 43.842316 0 0 0 0
-16.704857 4.2488604 3.4294198 19.5 0 0 0 0
-16.321508 4.3970652 3.4318123 5.729167 0 0 0 0
-16.11157 4.352366 3.4127665 4.2591147 0 0 0 0
-15.730127 4.2752314 3.4101996 4.2109375 0 0 0 0
-15.452177 4.2573252 3.3742466 3.5934243 0 0 0 0
-15.243517 4.3165483 3.3403363 3.5 0 0 0 0
-16.889732 4.7034707 3.3821349 18.655502 0 0 0 0
-16.720245 4.7230778 3.439508 9.875 0 0 0 0
-16.397699 4.6112342 3.4240026 5.75 0 0 0 0
-16.058079 4.641305 3.4024031 5.5195312 0 0 0 0
-15.736302 4.6402779 3.4086699 4.9570312 0 0 0 0
-15.512064 4.7382793 3.406096 5.4583335 0 0 0 0
-15.12316 4.6642499 3.3230166 4 0 0 0 0
0.79299068 4.733285 3.3758273 7 0 0 0 0
-16.873587 4.9680867 3.434938 12.398775 0 0 0 0
-16.64245 4.9029059 3.4520953 12.333334 0 0 0 0
-16.310768 4.9318495 3.4178891 6.234375 0 0 0 0
-16.028624 4.885376 3.4074626 7.109375 0 0 0 0
-15.676641 4.9637203 3.3859205 6.6396484 0 0 0 0
-15.522023 4.9277039 3.3703265 7.4325085 0 0 0 0
-16.856205 5.2030449 3.3537498 34.679359 0 0 0 0
-16.752903 5.2067862 3.3467803 28.252155 0 0 0 0
-16.331581 5.1965466 3.3868308 9.4151611 0 0 0 0
-16.017159 5.2131162 3.3780451 11.09375 0 0 0 0
-15.716694 5.2771091 3.3605692 11.007812 0 0 0 0
-15.51851 5.2443633 3.3400126 16.674255 0 0 0 0
-15.157267 5.2633772 3.352843 14.6875 0 0 0 0
-0.03782713 5.3879876 3.385994 27 0 0 0 0
0.069831893 5.3578138 3.4683578 34.475304 0 0 0 0
0.48325229 5.3881721 3.4004633 37.485863 0 0 0 0
-0.015862957 5.4176769 3.4712698 41 0 0 0 0
0.040782709 5.4108381 3.5689635 31.441702 0 0 0 0
0.45324522 5.4110451 3.4472413 37.694412 0 0 0 0
0.66303051 5.5614662 3.3635731 43.763435 0 0 0 0
1.6636266 6.1903176 3.4789348 9.25 0 0 0 0
-15.486057 7.4225397 3.3692226 2.15625 0 0 0 0
-15.47159 7.6251526 3.391665 2.5 0 0 0 0
-14.95577 7.5852737 3.3298643 3.5 0 0 0 0
-15.305698 8.1563959 3.3584914 2 0 0 0 0
-15.298162 8.1571274 3.3716629 2 0 0 0 0
-6.7582121 8.2545471 3.4327354 20 0 0 0 0
-6.508976 8.2512951 3.3319364 13.5 0 0 0 0
-5.2176986 8.2903223 3.5408597 16.335938 0 0 0 0
-5.0040941 8.3032284 3.3932111 18.875 0 0 0 0
-0.1363367 8.3188105 3.3813136 2.625 0 0 0 0
1.1630259 8.3554344 3.3482571 9 0 0 0 0
1.3570989 8.3133316 3.3290234 3.4000001 0 0 0 0
1.6780877 8.3704786 3.4974508 7.390625 0 0 0 0
1.9767809 8.3485298 3.4134865 6.260417 0 0 0 0
2.2536678 8.3849163 3.5820687 4 0 0 0 0
-13.708385 8.87712 3.3329849 2 0 0 0 0
-10.534851 8.8909435 3.3062892 3.5 0 0 0 0
-10.342199 8.9687252 3.3275456 20.25 0 0 0 0
-8.3284731 8.9173927 3.3220596 6 0 0 0 0
-10.269098 9.1920662 3.3261323 12.526215 0 0 0 0
-4.996644 9.2318468 3.3357775 4.75 0 0 0 0
-5.0057487 9.5146637 3.4666891 5.0550232 0 0 0 0
-10.279346 9.6991701 3.4883161 19.996878 0 0 0 0
-9.9646959 9.8334084 3.5217612 14.616211 0 0 0 0
-9.8538361 9.7974939 3.5124006 33.954205 0 0 0 0
-9.4251041 9.7784615 3.5216122 44.088615 0 0 0 0
-9.241437 9.7811251 3.5224628 42.951172 0 0 0 0
-5.0036821 9.7581358 3.5188408 4.4020576 0 0 0 0
8.6119118 9.7907352 3.4038014 1.0022787 0 0 0 0
-10.244045 10.071211 3.3478322 6.625 0 0 0 0
-10.094264 10.119272 3.3392856 11.619751 0 0 0 0
-9.7757902 10.060304 3.3653336 41.893063 0 0 0 0
-9.4065781 9.9920769 3.4076266 45.792877 0 0 0 0
-9.2647591 9.9395351 3.4466076 43.75 0 0 0 0
-5.0108213 10.086359 3.4923244 5.1986113 0 0 0 0
8.5880566 10.128778 3.4608221 1.9185791 0 0 0 0
-9.7017508 10.202633 3.3117349 37.333332 0 0 0 0
-5.0009432 10.305013 3.5131745 4.2211914 0 0 0 0
8.5811415 10.270403 3.4342234 2.5366795 0 0 0 0
-4.9856892 10.576452 3.4394553 2.1618924 0 0 0 0
8.5931168 10.667187 3.4975696 3.9671113 0 0 0 0
8.5981121 10.834986 3.4835458 4.3118801 0 0 0 0
-13.678638 11.385583 3.3866796 5.1015625 0 0 0 0
8.6341629 11.219871 3.5036962 4.7100792 0 0 0 0
-13.661963 11.6321 3.4869256 10.385092 0 0 0 0
8.6396675 11.6462 3.5171838 4.2370887 0 0 0 0
-13.64003 11.849287 3.4150352 11.271212 0 0 0 0
8.6475658 11.750875 3.5501039 6.7875223 0 0 0 0
-13.587893 12.123476 3.4493146 6.5026855 0 0 0 0
8.6458101 12.257619 3.4590914 5.9358974 0 0 0 0
8.6430855 12.366055 3.4631429 4.0648832 0 0 0 0
-13.809169 12.678144 3.5759795 2 0 0 0 0
-13.698368 12.695081 3.4036493 8.5706072 0 0 0 0
8.6465988 12.82269 3.4375968 5.5262022 0 0 0 0
-13.650135 13.077886 3.3332677 20.773438 0 0 0 0
8.6258326 12.976748 3.3843982 3.7454429 0 0 0 0
-13.659313 13.265251 3.3225846 17 0 0 0 0
7.7964792 13.715672 3.3657107 4 0 0 0 0
7.8698187 13.661663 3.4237728 4.8695722 0 0 0 0
8.2499866 13.589454 3.4481459 8.9121361 0 0 0 0
8.4181747 13.573069 3.5200367 8.7824707 0 0 0 0
7.7971773 13.927604 3.3833277 2.75 0 0 0 0
7.809454 13.838427 3.3965659 3.0499878 0 0 0 0
7.7917738 14.154619 3.4595551 2.4433594 0 0 0 0
7.80585 14.18795 3.4549592 2.203125 0 0 0 0
-0.65426326 29.37421 3.5009832 8.5 0 0 0 0
-0.48517254 29.390421 3.3991263 14 0 0 0 0
-13.615005 29.552896 3.395298 30 0 0 0 0
-4.3821239 29.658859 3.5360646 7 0 0 0 0
-3.484529 29.437099 3.4367778 7 0 0 0 0
-0.54338396 29.462185 3.4824774 19.5 0 0 0 0
-4.0401073 29.935383 3.5664926 10.5 0 0 0 0
-3.8342724 29.941822 3.550694 15.8125 0 0 0 0
-2.8244591 29.82041 3.5505829 15.375 0 0 0 0
-2.6476371 29.904467 3.5492961 15 0 0 0 0
-2.2315564 29.866472 3.5154009 7 0 0 0 0
-2.0694659 29.911674 3.5680926 7.3333335 0 0 0 0
-13.384857 30.198029 3.4020522 12 0 0 0 0
-4.1171336 30.159168 3.5005617 11 0 0 0 0
-3.7952237 30.216753 3.4920559 11.625 0 0 0 0
-3.4776893 30.133564 3.4756465 14.75 0 0 0 0
-3.1864676 30.092505 3.5225897 17.71875 0 0 0 0
-2.8293931 30.26334 3.5123618 19 0 0 0 0
-2.6432946 30.103537 3.5886109 24 0 0 0 0
-4.3960547 30.397093 3.392519 6 0 0 0 0
-3.987412 30.445847 3.4308362 8.875 0 0 0 0
-3.723804 30.363285 3.4564862 22.033854 0 0 0 0
-3.4678802 30.480495 3.4597936 21.875 0 0 0 0
-3.0776901 30.468803 3.516259 27.5 0 0 0 0
-2.7503479 30.509872 3.4400573 13.921875 0 0 0 0
-2.5687973 30.541176 3.5228381 16 0 0 0 0
-3.7317469 30.819286 3.3260565 14 0 0 0 0
-3.3685675 30.754097 3.3649111 20 0 0 0 0
-3.1544204 30.753067 3.3690767 18.53125 0 0 0 0
-2.8442907 30.79159 3.3676519 16.25 0 0 0 0
-2.5204329 30.685268 3.4188929 10.877604 0 0 0 0
-2.3355975 30.68874 3.4459109 7.5 0 0 0 0
-1.0387726 30.875809 3.370693 12 0 0 0 0
-3.6341178 30.936235 3.3623803 19 0 0 0 0
-3.3129396 30.917645 3.3010101 18 0 0 0 0
-1.8453141 31.119556 3.3727872 11 0 0 0 0
-1.6476526 31.159035 3.4803805 18.5 0 0 0 0
-1.4415977 30.962778 3.4701483 15 0 0 0 0
-0.96514189 30.973927 3.4443383 15.5 0 0 0 0
-0.84020668 31.02803 3.4655697 14.666667 0 0 0 0
-0.55017698 30.968906 3.3687096 11 0 0 0 0
-2.0160472 31.389675 3.5325308 10.25 0 0 0 0
-1.6138281 31.334 3.350384 17.84375 0 0 0 0
-1.2488599 31.373615 3.5188146 0 0 0 0 0
-1.9640446 31.528328 3.4370432 9.5625 0 0 0 0
-1.2971184 31.71722 3.4382205 16.272461 0 0 0 0
-1.1543841 31.703064 3.4420576 19.625 0 0 0 0
-13.509007 31.987633 3.5512204 12 0 0 0 0
-13.606609 32.164795 3.3298235 34 0 0 0 0
-1.9926542 32.992725 3.4838018 9 0 0 0 0
-5.2008972 33.196629 3.3068891 11 0 0 0 0
-4.9642692 33.196396 3.313112 8 0 0 0 0
-2.4857192 33.150551 3.4309289 10.71224 0 0 0 0
-2.201427 33.057518 3.4067883 11.5 0 0 0 0
-3.6349053 33.53318 3.3436947 8 0 0 0 0
-3.5793047 33.472694 3.3603342 9 0 0 0 0
-2.2232292 33.524708 3.3408282 9 0 0 0 0
-4.6012526 33.751675 3.46682 11.5 0 0 0 0
-4.3396273 33.726074 3.4690721 11.5 0 0 0 0
-4.0067601 33.803257 3.4106424 12.25 0 0 0 0
-5.1247091 34.072987 3.5419021 11 0 0 0 0
-4.8040366 34.092682 3.3774831 12 0 0 0 0
-4.7914476 34.012554 3.5324545 17 0 0 0 0
-4.0710731 33.910618 3.3457727 20 0 0 0 0
-0.45675233 -6.3003573 3.8446128 1 0 0 0 0
-16.60384 -6.1217279 3.6852388 11.0625 0 0 0 0
-16.320557 -6.1124568 3.6870859 11.90625 0 0 0 0
-16.128262 -6.1106663 3.6394486 10.28125 0 0 0 0
-15.736986 -6.1208653 3.6355634 10.6875 0 0 0 0
-15.589659 -6.1124778 3.6313024 13 0 0 0 0
-15.281063 -6.0852804 3.603766 10 0 0 0 0
-2.3978469 -6.1925354 3.8880522 34 0 0 0 0
-1.9284452 -6.10672 3.8797257 33.984375 0 0 0 0
-1.7532732 -6.1249723 3.8899579 33.4375 0 0 0 0
-1.4040519 -6.1797271 3.7603083 25.333334 0 0 0 0
-0.94701874 -6.1293964 3.8884284 34.375 0 0 0 0
-0.71081179 -6.1839409 3.8715115 34.06134 0 0 0 0
-0.48769081 -6.2604938 3.817735 10.708333 0 0 0 0
-0.20513947 -6.1855688 3.7646699 26.249256 0 0 0 0
1.7117728 -6.1463842 3.8785119 29.721111 0 0 0 0
1.8481319 -6.2006197 3.7776854 13.845467 0 0 0 0
2.2087755 -6.146822 3.7123213 22.32251 0 0 0 0
2.5178518 -6.2697358 3.8805809 3 0 0 0 0
2.870959 -6.157836 3.8606694 6 0 0 0 0
4.0892735 -6.0576239 3.8941636 20 0 0 0 0
-17.157757 -4.5930376 3.7987535 2.5 0 0 0 0
-17.019464 -4.6138926 3.8131886 5.9311523 0 0 0 0
-17.104874 -4.3137093 3.7934861 3.25 0 0 0 0
-16.98576 -4.3004322 3.8459165 8.6942139 0 0 0 0
-17.133282 -4.1697116 3.7697661 2 0 0 0 0
-17.037411 -4.1630177 3.8163347 6.151042 0 0 0 0
-1.3238425 -4.1790857 3.7062306 0 0 0 0 0
-0.33715057 -4.1695108 3.6549463 2.125 0 0 0 0
-17.211327 -3.7812815 3.7857761 2 0 0 0 0
-17.046249 -3.7787082 3.8004379 5.1219888 0 0 0 0
-16.973167 -3.5292559 3.8481095 7.5 0 0 0 0
-0.17127198 -2.4728332 3.8392777 30.995363 0 0 0 0
0.71628618 -2.4844084 3.8755059 0.40625 0 0 0 0
1.0085911 -2.4921601 3.8609729 9.7140379 0 0 0 0
1.42746 -2.4802699 3.8505673 39.810875 0 0 0 0
1.6468891 -2.4989693 3.8452461 15.776932 0 0 0 0
2.0165598 -2.4907918 3.8439479 31.856424 0 0 0 0
2.1811643 -2.4777122 3.8444414 41.387695 0 0 0 0
2.5543849 -2.4962626 3.8360977 21.875 0 0 0 0
2.8473597 -2.4725704 3.8324394 26.261698 0 0 0 0
3.137455 -2.4768748 3.8403006 20.75 0 0 0 0
3.6445003 -2.4785204 3.8282676 17.5 0 0 0 0
-16.819685 -2.2015226 3.6461575 2 0 0 0 0
-0.03690055 -2.2388306 3.7355294 12.88562 0 0 0 0
0.012569346 -2.1921248 3.6777027 10.792274 0 0 0 0
0.39065796 -2.1202648 3.7790265 1.4830358 0 0 0 0
1.0151986 -2.3056278 3.8443706 25.868908 0 0 0 0
1.423422 -2.2885084 3.8910992 48.80468 0 0 0 0
1.652698 -2.320246 3.8293052 44.776508 0 0 0 0
2.0853424 -2.289772 3.8609741 49.748905 0 0 0 0
2.2483473 -2.3283815 3.8534131 50.601929 0 0 0 0
2.6326871 -2.2675271 3.7696373 40.377354 0 0 0 0
2.8250024 -2.3041987 3.8372462 44.548176 0 0 0 0
3.0251489 -2.3187339 3.8424788 44.954376 0 0 0 0
3.3073914 -2.2160814 3.8922036 36 0 0 0 0
3.7022982 -2.2103105 3.8950198 34 0 0 0 0
-16.881344 -2.0066378 3.6279011 2.25 0 0 0 0
0.29268688 -2.0469685 3.7921278 2.4848485 0 0 0 0
0.35912701 -2.0607376 3.801049 3.409482 0 0 0 0
-16.869255 -1.713789 3.621927 2.9609375 0 0 0 0
0.23478273 -1.5706229 3.6405804 15.625 0 0 0 0
0.33764413 -1.7169713 3.8296041 18.580729 0 0 0 0
0.80828512 -1.7014267 3.7740552 4 0 0 0 0
-16.900997 -1.3030416 3.6273842 2.7916665 0 0 0 0
0.35770011 -1.2958109 3.7992318 19.834959 0 0 0 0
-16.871838 -1.1235306 3.6303587 4.3229165 0 0 0 0
0.43016887 -0.95856559 3.8214803 20.286459 0 0 0 0
-16.91098 -0.74821055 3.6559541 2.734375 0 0 0 0
-16.742443 -0.87085515 3.6117623 3 0 0 0 0
-16.878086 -0.46821368 3.6534655 3.25 0 0 0 0
-16.84444 -0.15634048 3.6270247 7.1458335 0 0 0 0
-16.869907 0.078010812 3.6533666 2.65625 0 0 0 0
0.80019724 0.22613382 3.8984761 150 0 0 0 0
-16.862331 0.42392519 3.6314001 2.5 0 0 0 0
1.0452242 0.32270324 3.8938503 150 0 0 0 0
-16.883961 0.70106506 3.6488826 2.1640625 0 0 0 0
-16.862965 1.1841521 3.6073792 3 0 0 0 0
0.42529526 1.0049922 3.7555304 113.62794 0 0 0 0
-16.911219 1.3681104 3.6354713 2.65625 0 0 0 0
0.35545886 1.3277546 3.7883873 68.936455 0 0 0 0
-16.854084 1.761894 3.6103601 3.25 0 0 0 0
0.25727037 1.6925149 3.71559 18.318626 0 0 0 0
-16.886955 1.965301 3.6369233 2.75 0 0 0 0
-16.784212 1.9464947 3.6066937 3 0 0 0 0
0.28507566 1.8330121 3.7929206 13.914824 0 0 0 0
0.31051177 1.8423722 3.8076949 13.268782 0 0 0 0
0.27638993 2.2996125 3.8115363 8.5042677 0 0 0 0
0.30402917 2.3073101 3.8131347 7.7690978 0 0 0 0
0.19955114 2.4745178 3.6341438 23.6875 0 0 0 0
-0.64931333 2.9879851 3.8987439 41 0 0 0 0
-0.0092048217 2.8938289 3.8637271 39.857143 0 0 0 0
0.2758657 2.7701659 3.8383062 24.320681 0 0 0 0
0.31761408 2.8008261 3.8255219 26.274319 0 0 0 0
0.94853473 2.9490004 3.8986988 4.5 0 0 0 0
1.6355727 2.9396462 3.8994861 17.5 0 0 0 0
1.9701834 2.9697084 3.8955126 36.177086 0 0 0 0
2.2462149 2.9404626 3.8956232 41.9375 0 0 0 0
2.6284916 2.9437895 3.8959236 45.5625 0 0 0 0
2.8207088 2.9897342 3.8870287 60.574219 0 0 0 0
3.1640477 2.9561813 3.8864608 54.71875 0 0 0 0
3.451781 2.9356103 3.8908634 41.960938 0 0 0 0
-0.70321524 3.093781 3.8954649 39.105728 0 0 0 0
-0.47311467 3.0839157 3.8930061 29.541668 0 0 0 0
-0.075746596 3.110568 3.8864245 27.375 0 0 0 0
0.14023913 3.2206197 3.8407311 38.552208 0 0 0 0
0.33030644 3.2765412 3.8106575 41.98468 0 0 0 0
0.76567805 3.0654857 3.8957477 20.203125 0 0 0 0
0.93096328 3.0593526 3.8965559 11.668376 0 0 0 0
1.4488479 3.0605767 3.8927331 2.4375 0 0 0 0
1.6295629 3.0984826 3.8852665 5.5172668 0 0 0 0
1.934539 3.0577488 3.8932848 35.570133 0 0 0 0
2.2465453 3.1307054 3.8812881 24.095419 0 0 0 0
2.5571122 3.1091301 3.8755136 53.035927 0 0 0 0
2.8592031 3.0976005 3.8776681 45.125 0 0 0 0
3.1236451 3.1424422 3.8686752 26.324219 0 0 0 0
3.4120779 3.0888593 3.8798962 53.375 0 0 0 0
3.7432787 3.089694 3.8714349 56.75 0 0 0 0
0.2813715 3.3624907 3.8011248 41.736012 0 0 0 0
0.3049075 3.3398321 3.8018465 44.434776 0 0 0 0
-0.35855934 3.8990629 3.6791208 0 0 0 0 0
0.25865197 3.7681534 3.7955711 38.365952 0 0 0 0
0.31916389 3.7592692 3.7966082 36.145821 0 0 0 0
-0.35636216 3.9073539 3.6403534 0.5 0 0 0 0
0.2072123 4.11204 3.7950292 32.336914 0 0 0 0
0.32594633 4.0098381 3.7941756 38.650002 0 0 0 0
0.76921856 3.9107075 3.7429085 7.5 0 0 0 0
0.20620589 4.3017311 3.8241405 32.898449 0 0 0 0
0.3166849 4.3336849 3.7870183 36.785954 0 0 0 0
-1.2903664 4.7570224 3.7535563 0 0 0 0 0
0.23038833 4.7478819 3.7872062 32.765663 0 0 0 0
0.32471439 4.736907 3.7877421 32.725521 0 0 0 0
0.26845348 4.8293705 3.7870355 35.00219 0 0 0 0
0.3559821 4.9319277 3.7892408 37.083332 0 0 0 0
-1.2654401 5.270308 3.7293146 0.875 0 0 0 0
-1.0097957 5.2706017 3.702095 1.1079102 0 0 0 0
-0.74657214 5.2605643 3.7123771 2.3625896 0 0 0 0
-0.55197322 5.2773151 3.8033888 20.317709 0 0 0 0
-0.093987897 5.3062849 3.7134132 8.3571568 0 0 0 0
0.15468907 5.2204862 3.8085306 27.832369 0 0 0 0
0.40378487 5.3646803 3.7296333 19.830389 0 0 0 0
0.7937389 5.3397126 3.7355018 3.875 0 0 0 0
1.0703886 5.282547 3.6986017 1.75 0 0 0 0
1.3585613 5.2827272 3.7189834 3.4601135 0 0 0 0
1.5938532 5.2631135 3.6844285 0.9921875 0 0 0 0
2.1862073 5.2880497 3.6839199 1.25 0 0 0 0
2.6460841 5.2926049 3.6937799 2 0 0 0 0
2.8785369 5.2845964 3.68855 1.5 0 0 0 0
3.1846118 5.3264265 3.7215457 0 0 0 0 0
0.059992924 5.4073467 3.7247157 25.64974 0 0 0 0
0.49273035 5.4187574 3.6716082 26.25 0 0 0 0
0.61871183 5.5665159 3.7633109 20.864384 0 0 0 0
1.0768052 5.5848165 3.8325737 15.097917 0 0 0 0
1.2955823 5.4037328 3.835392 11 0 0 0 0
-2.1955557 5.8593397 3.7805531 32 0 0 0 0
-1.8983635 5.7754927 3.7948871 31.408855 0 0 0 0
-1.6570883 5.9048538 3.7807968 31.851562 0 0 0 0
-1.4657478 5.9573412 3.7821596 31.623987 0 0 0 0
-1.1209017 5.8652868 3.7919493 34.805847 0 0 0 0
-0.77705717 5.7755404 3.8413873 30.751537 0 0 0 0
-0.49198374 5.926199 3.7875814 36.75 0 0 0 0
-0.23308811 5.89849 3.786747 34.618599 0 0 0 0
0.82789069 5.8562021 3.7837429 35.146267 0 0 0 0
0.96716863 5.8422279 3.786931 32.677444 0 0 0 0
1.2860322 5.920301 3.769907 34.860657 0 0 0 0
1.635465 5.8111243 3.7955053 31.540701 0 0 0 0
2.0359001 5.8181262 3.8048899 24.959646 0 0 0 0
2.2273231 5.8440552 3.7839205 37.390625 0 0 0 0
2.5568464 5.8655109 3.7616189 34.53125 0 0 0 0
2.7345743 5.9213428 3.7634387 35.56189 0 0 0 0
3.0960739 5.9339976 3.7683804 36.25 0 0 0 0
3.7372463 5.7995481 3.7956707 14.949219 0 0 0 0
4.0375495 5.9534206 3.7848446 3.5 0 0 0 0
-2.1092794 6.0334411 3.7793641 34.5 0 0 0 0
-1.6322677 6.0145445 3.7636328 34.25 0 0 0 0
-1.4402723 6.0146637 3.7803705 34.25 0 0 0 0
-0.94946122 6.0484314 3.7725472 22.796875 0 0 0 0
-0.75152445 6.0454397 3.775485 21.28125 0 0 0 0
-0.53903985 6.0209208 3.7716999 26.7836 0 0 0 0
-0.1567895 6.0858917 3.7930176 15.393881 0 0 0 0
0.83514416 6.0357671 3.7587378 29.75 0 0 0 0
1.0260632 6.0427141 3.7495949 18.9375 0 0 0 0
1.3460951 6.0525465 3.7508285 14.125 0 0 0 0
1.650533 6.047924 3.73351 11.402344 0 0 0 0
2.0328639 6.052423 3.7426114 18.25 0 0 0 0
2.187597 6.0196962 3.7643511 34 0 0 0 0
2.6061239 6.0144067 3.7531118 34 0 0 0 0
2.7219954 6.0546317 3.7432649 33 0 0 0 0
3.8625615 6.0571451 3.7621839 18 0 0 0 0
-5.7141066 8.2761688 3.852077 22 0 0 0 0
-5.5393009 8.2684059 3.7358124 21.044922 0 0 0 0
-5.3430085 8.2953682 3.6311429 5 0 0 0 0
-0.66143453 8.3294411 3.7866902 35 0 0 0 0
-0.54898369 8.3278818 3.8007946 31 0 0 0 0
-0.21462095 8.3621645 3.7689533 31.315104 0 0 0 0
1.1460025 8.3408241 3.8716424 43.789062 0 0 0 0
1.2797691 8.3598108 3.7660985 27.897217 0 0 0 0
1.5506229 8.364789 3.7698798 30.306322 0 0 0 0
1.9555153 8.3506536 3.7948596 35.972351 0 0 0 0
2.2000983 8.3485432 3.8323288 41 0 0 0 0
-0.64249796 8.4622221 3.7820702 30 0 0 0 0
-0.12790322 8.4061871 3.7782271 33 0 0 0 0
1.1490207 8.6010666 3.6962726 1 0 0 0 0
1.2882299 8.4058456 3.658221 8 0 0 0 0
1.6514469 8.4281073 3.73071 31.660156 0 0 0 0
2.3385623 8.4066896 3.757633 39 0 0 0 0
-10.305672 9.6577835 3.6760364 2 0 0 0 0
-4.9885054 9.8769073 3.6555688 5 0 0 0 0
-5.0160422 10.088114 3.6993725 3.8567708 0 0 0 0
8.5910273 10.129278 3.7062473 1 0 0 0 0
-4.9978523 10.429252 3.7625189 3.958622 0 0 0 0
8.6068306 10.374006 3.7287846 2.8849792 0 0 0 0
-4.9908104 10.575402 3.7923627 1.8025513 0 0 0 0
8.6311998 10.650459 3.8145447 4.7817488 0 0 0 0
8.6441755 10.869746 3.8621254 3.5449176 0 0 0 0
-13.617466 11.354344 3.7893689 10.485095 0 0 0 0
8.6346207 11.251934 3.8277011 8.1001616 0 0 0 0
-13.590912 11.584425 3.7788799 21.650415 0 0 0 0
8.6405649 11.522232 3.8308372 4.15625 0 0 0 0
-13.560431 11.866816 3.7745154 25.299532 0 0 0 0
8.6294298 11.781744 3.8600628 7.1846561 0 0 0 0
-13.616837 12.175477 3.7064459 11.840919 0 0 0 0
-13.469473 12.190504 3.8245308 4.875 0 0 0 0
8.6279421 12.116432 3.7947516 3.8954597 0 0 0 0
-13.848845 12.771352 3.7211673 3 0 0 0 0
-13.711242 12.689014 3.6428089 10 0 0 0 0
7.9682875 13.660669 3.6416037 7.4305649 0 0 0 0
8.3087406 13.583583 3.8473556 13.156092 0 0 0 0
8.4529877 13.568648 3.8113842 8.1032877 0 0 0 0
7.792244 14.050179 3.8268788 3 0 0 0 0
7.8305287 14.053142 3.6906292 2.9166665 0 0 0 0
7.7888803 14.174369 3.7788742 3.5 0 0 0 0
7.8080263 14.111562 3.7088168 3.359375 0 0 0 0
-4.070497 29.34074 3.7669406 14.5 0 0 0 0
-3.81815 29.297525 3.8212519 24.09375 0 0 0 0
-4.5098953 29.564148 3.7622826 0 0 0 0 0
-4.307364 29.609552 3.759249 19.15625 0 0 0 0
-4.1488633 29.532768 3.755301 20.375 0 0 0 0
-3.6452968 29.426151 3.8097849 18 0 0 0 0
-3.4101191 29.556438 3.8700252 7.375 0 0 0 0
-3.2608964 29.597029 3.8264196 0 0 0 0 0
-4.2191901 29.800919 3.6192086 15 0 0 0 0
-3.9825044 29.884544 3.6434689 16.203125 0 0 0 0
-3.8242292 29.895477 3.7202024 22.0625 0 0 0 0
-2.8009791 29.823698 3.6989362 23.484375 0 0 0 0
-2.5473385 29.908363 3.813555 11.886719 0 0 0 0
-2.2014103 29.892052 3.7959859 10.799479 0 0 0 0
-2.0551844 29.864271 3.7459388 7.1054688 0 0 0 0
-3.7402155 30.039354 3.6652732 32 0 0 0 0
-3.3541493 30.118273 3.6358483 22 0 0 0 0
-3.1077573 30.11639 3.7066398 13.125 0 0 0 0
-2.3912356 30.031191 3.6195893 8 0 0 0 0
-3.6001685 30.583788 3.8200872 24 0 0 0 0
-3.3831003 30.501295 3.7463212 20.96875 0 0 0 0
-3.1146531 30.482048 3.811213 19.354492 0 0 0 0
-2.9215472 30.331146 3.734108 16 0 0 0 0
-2.6407218 30.427517 3.6074288 20.5 0 0 0 0
-3.3647678 30.645184 3.7796769 16.5 0 0 0 0
-1.2405107 31.087606 3.7208776 6.5 0 0 0 0
-1.0495071 31.046074 3.7859812 8 0 0 0 0
-0.99086821 31.330696 3.6956115 7.75 0 0 0 0
-0.89733249 31.356302 3.7069433 7 0 0 0 0
-13.612103 32.030331 3.743974 8 0 0 0 0
-2.0221386 32.347511 3.7933877 10 0 0 0 0
-1.9749056 32.548752 3.8263204 19 0 0 0 0
-4.3674479 33.206909 3.7847042 10 0 0 0 0
-2.4770429 33.123974 3.6091065 10 0 0 0 0
-4.3089848 33.3694 3.6884122 15 0 0 0 0
-4.9257412 34.031479 3.7775469 9 0 0 0 0
-4.7048931 33.976837 3.7216837 9.5 0 0 0 0
-7.3276305 -8.4054193 4.1707306 1 0 0 0 0
2.5449991 -8.4016867 4.1794534 1 0 0 0 0
5.1749759 -8.418911 4.190186 1 0 0 0 0
6.1463342 -8.4119034 4.1730528 0 0 0 0 0
-3.5805154 -8.3758106 4.1990519 4 0 0 0 0
-3.0559027 -8.3084803 4.1977158 22 0 0 0 0
-2.8113098 -8.3373299 4.1923723 13.75 0 0 0 0
-1.3739595 -8.3343868 4.1868038 9.5 0 0 0 0
-0.83167082 -8.3389645 4.1947289 10 0 0 0 0
-0.38146397 -8.3800821 4.1735253 1 0 0 0 0
2.3817677 -8.3196411 4.1853752 15 0 0 0 0
2.6357994 -8.3435001 4.175271 8.75 0 0 0 0
2.8992391 -8.3128214 4.189261 12 0 0 0 0
3.2809367 -8.2499104 4.1836848 10.5 0 0 0 0
3.3809338 -8.3588772 4.178803 3.3072917 0 0 0 0
3.6909592 -8.3095226 4.1851401 13.903646 0 0 0 0
4.0369349 -8.2956276 4.1816812 13.34375 0 0 0 0
4.4085741 -8.2739372 4.1820908 16.6875 0 0 0 0
4.6720419 -8.2593298 4.1762123 19.186523 0 0 0 0
4.8819942 -8.3046722 4.1891336 18.860937 0 0 0 0
5.1894617 -8.2520676 4.1929097 24.314453 0 0 0 0
5.5257673 -8.2965527 4.1929483 21.911291 0 0 0 0
5.8653994 -8.3148842 4.1665196 8.769186 0 0 0 0
6.1609173 -8.2798214 4.1687121 7.8419695 0 0 0 0
6.3829746 -8.3425713 4.159153 2.5303955 0 0 0 0
6.8025026 -8.3306427 4.1762109 1.5 0 0 0 0
7.0771828 -8.3379803 4.1821175 1 0 0 0 0
7.4365172 -8.3591433 4.1983409 1 0 0 0 0
7.6428318 -8.2887897 4.1963682 1.8567708 0 0 0 0
7.9433751 -8.3339167 4.1800051 2.0707464 0 0 0 0
8.221344 -8.344656 4.171618 1.8524306 0 0 0 0
8.6116772 -8.3246946 4.1584144 2.3694634 0 0 0 0
8.8493643 -8.2616606 4.1769738 7.2946358 0 0 0 0
9.2277241 -8.3054962 4.1478739 3.5703125 0 0 0 0
9.4478703 -8.2734299 4.1691227 4.78125 0 0 0 0
9.7239094 -8.2733135 4.1710715 5.5 0 0 0 0
10.050254 -8.3104944 4.1254182 0 0 0 0 0
-22.25106 -6.0753551 4.1716571 14 0 0 0 0
-1.4366865 -6.0284805 4.1079388 17.75 0 0 0 0
-0.95196021 -6.0186386 4.1682377 34.23275 0 0 0 0
-0.7178309 -6.0487418 4.0168657 35.268436 0 0 0 0
-0.44929105 -6.0878544 4.019681 32.672134 0 0 0 0
-0.24503225 -6.0141611 4.0971375 42.916664 0 0 0 0
1.6723378 -6.0512514 3.9688036 32.131859 0 0 0 0
1.9978554 -6.0368981 3.9602315 28.0625 0 0 0 0
2.2601881 -6.021441 4.0222721 27.886719 0 0 0 0
2.4035363 -6.1056619 3.91676 36 0 0 0 0
3.8827403 -6.0020084 4.0648556 21 0 0 0 0
4.0773134 -6.0175314 4.1126127 1.25 0 0 0 0
4.3758612 -6.1503496 3.9139264 0.5 0 0 0 0
4.5092649 -6.2603226 3.9214172 0 0 0 0 0
4.8423057 -6.0417204 4.116498 0.5 0 0 0 0
-23.553873 -5.8030014 3.9800134 26 0 0 0 0
1.5789778 -5.9978085 4.068449 35.4375 0 0 0 0
1.87596 -5.9952192 4.1666012 36.708332 0 0 0 0
3.3430622 -5.9958806 4.1102576 36 0 0 0 0
4.0286617 -5.9828577 4.1174417 4.791667 0 0 0 0
-23.644665 -5.3904305 3.9415886 16 0 0 0 0
-16.93074 -4.1032624 3.9177368 13 0 0 0 0
-0.21699655 -2.6964638 4.1717815 24.5 0 0 0 0
1.1772952 -2.679132 4.1499715 22 0 0 0 0
-0.14959458 -2.2755916 3.957283 17.033482 0 0 0 0
0.020004913 -2.1944571 4.0663548 2.6362305 0 0 0 0
0.75978911 -2.2089462 4.1533313 17.896908 0 0 0 0
0.96690261 -2.3177001 3.9011769 19.833334 0 0 0 0
1.4277523 -2.2767427 3.9255199 48.434341 0 0 0 0
1.581897 -2.2998881 3.9445806 46.040886 0 0 0 0
1.9393532 -2.2276325 4.0339146 36.173447 0 0 0 0
2.3247428 -2.2220149 4.0452623 34.78125 0 0 0 0
2.6164432 -2.2780085 3.944926 37.366768 0 0 0 0
2.8716345 -2.2203655 4.0039673 38.5 0 0 0 0
3.1659222 -2.2254698 4.0234833 38.546875 0 0 0 0
3.7474616 -2.2125154 3.9442697 34 0 0 0 0
0.83211827 -1.5621176 4.1019106 13.230087 0 0 0 0
1.1195161 -1.5800729 4.0608869 14.487476 0 0 0 0
1.4430921 -1.5864766 4.0921116 14.086686 0 0 0 0
1.6248804 -1.5952939 4.114913 14.197917 0 0 0 0
1.9257779 -1.5407091 4.0803165 13.188761 0 0 0 0
2.2505853 -1.5711856 4.0723667 13.305481 0 0 0 0
2.52507 -1.5735607 4.0704489 15.371582 0 0 0 0
2.7838349 -1.5506344 4.0633125 16.0625 0 0 0 0
3.1219964 -1.5870833 4.0722551 17.5 0 0 0 0
0.56779027 -1.4005264 4.0606813 11.75 0 0 0 0
0.79009521 -1.4181339 4.0861578 10.956901 0 0 0 0
1.1063805 -1.4150538 4.061542 14.311804 0 0 0 0
1.3633065 -1.4239531 4.0698099 13.028168 0 0 0 0
1.7006493 -1.4309026 4.0845709 9.8348341 0 0 0 0
1.962162 -1.4045569 4.078227 13.247829 0 0 0 0
2.2434466 -1.4095109 4.0654516 13.587457 0 0 0 0
2.5155158 -1.3801438 4.0842123 15.033508 0 0 0 0
2.83726 -1.461534 4.0626512 16 0 0 0 0
3.1868091 -1.4035463 4.052835 17 0 0 0 0
0.80907691 0.24022508 3.9135423 147.61713 0 0 0 0
0.98314232 0.25130391 3.9186087 140.60832 0 0 0 0
1.346041 0.25322062 3.9240077 130.5197 0 0 0 0
1.5845125 0.23590171 3.9230266 138.57629 0 0 0 0
2.0242393 0.26251429 3.922204 129.34375 0 0 0 0
2.1855869 0.15282872 4.0413494 87.708206 0 0 0 0
2.5984654 0.24568586 3.9185004 82.462601 0 0 0 0
2.8729491 0.20773154 3.9187465 53.984375 0 0 0 0
3.0874679 0.24156493 3.9178064 56.5 0 0 0 0
0.83772534 0.35196093 4.0274358 116.25 0 0 0 0
1.0844061 0.34054938 3.9204748 148.44531 0 0 0 0
1.3217213 0.30876532 3.9174898 132 0 0 0 0
1.9300346 0.38177478 4.0999374 138.125 0 0 0 0
2.4892859 0.34244442 3.9162278 114.25 0 0 0 0
2.888864 0.32934362 3.9197679 55 0 0 0 0
-0.65671504 2.9855523 3.9068589 40.914299 0 0 0 0
-0.53211629 2.9440832 3.9260509 37.537407 0 0 0 0
-0.24148658 2.9023345 3.9801545 33.651356 0 0 0 0
0.0065423348 2.9006732 3.9286466 34.150311 0 0 0 0
0.77286303 2.8313303 4.1740952 6.0994096 0 0 0 0
0.97426736 2.9753036 3.9186831 5.3499422 0 0 0 0
1.3930612 2.9153907 3.9783432 8.8620911 0 0 0 0
1.5353829 2.9327807 3.9264994 14.923857 0 0 0 0
1.9870996 2.8831186 4.0824623 35.837952 0 0 0 0
2.1781063 2.9120455 3.9758387 35.721584 0 0 0 0
2.6003537 2.8974931 4.005157 40.82225 0 0 0 0
2.8894312 2.8953278 3.9683678 39.708332 0 0 0 0
3.1565747 2.8922117 3.9604893 41.783852 0 0 0 0
3.4593639 2.8947651 3.9091151 25 0 0 0 0
3.7691495 2.8949168 3.932179 25 0 0 0 0
-0.73244256 3.0899153 3.9081266 40.98835 0 0 0 0
-0.34691221 3.0851011 3.9027727 32.557869 0 0 0 0
-0.081461772 3.0710125 3.9066136 44.548027 0 0 0 0
0.0076310942 3.0851762 3.9065962 44.324219 0 0 0 0
0.8088181 3.1625566 3.9927812 21.447021 0 0 0 0
0.96977746 3.0945773 3.9050639 10.473375 0 0 0 0
1.378599 3.108119 3.9024675 0.640625 0 0 0 0
1.6222754 3.1036158 3.9153681 4.1601562 0 0 0 0
1.9331052 3.1952767 3.9903936 22.5625 0 0 0 0
2.5436094 3.2598238 4.0396757 40.5 0 0 0 0
-0.88278055 3.3401799 4.1698599 26.5 0 0 0 0
0.1380384 3.4505942 4.1689301 29.5 0 0 0 0
0.72882807 3.3389411 4.1784048 26 0 0 0 0
1.9844209 3.3292007 4.1423655 28.5 0 0 0 0
2.1699045 3.3678999 4.19521 29 0 0 0 0
2.4761891 3.3048778 4.0553751 24 0 0 0 0
3.8501318 3.4086454 4.1805973 39 0 0 0 0
-0.55011421 5.2349224 4.0027695 11.193359 0 0 0 0
-0.012338731 5.3046608 4.1940775 40 0 0 0 0
0.13023441 5.1272049 3.9395139 34 0 0 0 0
2.8477645 5.2519474 3.9733329 0 0 0 0 0
-1.3642526 5.6866293 3.9552093 8 0 0 0 0
-0.81016719 5.6852789 3.9816306 6.75 0 0 0 0
-0.54146099 5.4797029 3.9872406 18.75 0 0 0 0
-0.10134237 5.5561857 4.0343528 24.527344 0 0 0 0
0.081799455 5.4092636 4.0518208 37.375 0 0 0 0
0.56213164 5.4268889 4.1705046 34.421875 0 0 0 0
0.79783368 5.5702009 4.0397882 32.623116 0 0 0 0
0.97465789 5.5486813 4.0264921 46.565022 0 0 0 0
2.7943451 5.6679764 3.9085686 3 0 0 0 0
-2.2435298 5.7455587 4.0249004 32 0 0 0 0
-1.8683177 5.7448516 4.1041474 32 0 0 0 0
-1.5037032 5.7306662 3.9491329 25 0 0 0 0
-1.3746874 5.7385383 4.0923471 31.766666 0 0 0 0
-1.0212934 5.74123 4.1003828 27.310547 0 0 0 0
-0.86941731 5.7481208 4.0601649 25.951496 0 0 0 0
-0.31557202 5.7971311 4.051209 33.416668 0 0 0 0
-0.24132727 5.7571487 4.0789804 22.587915 0 0 0 0
0.78063267 5.7301679 3.9603209 21 0 0 0 0
0.98904008 5.7086 4.1553006 30.5 0 0 0 0
1.449945 5.7614279 4.0105896 24.872623 0 0 0 0
1.6091162 5.7549877 4.0871372 26.773438 0 0 0 0
2.0597856 5.767539 4.0728273 31 0 0 0 0
2.3233171 5.766468 4.0811605 28.625 0 0 0 0
2.4906359 5.769722 3.9709768 29.25 0 0 0 0
2.8640361 5.7706556 4.0093751 28 0 0 0 0
3.2508919 5.7707472 4.1314249 22.5 0 0 0 0
3.50669 5.7684646 4.1568303 15.125 0 0 0 0
4.3992987 5.8166966 4.143507 1 0 0 0 0
1.7649529 7.2916851 3.9107871 1 0 0 0 0
-6.0070319 8.2741642 4.0504317 18 0 0 0 0
-5.8435488 8.2757788 3.9475784 22.241058 0 0 0 0
-0.71414793 8.3349152 4.0664272 41.15625 0 0 0 0
-0.39908928 8.3362331 4.062459 32.722656 0 0 0 0
-0.19273302 8.329483 3.9826114 41.92643 0 0 0 0
1.112026 8.3342266 3.9659119 47.125 0 0 0 0
1.3161476 8.3406696 3.9302342 42.635223 0 0 0 0
1.7580237 8.335165 4.0351305 39.8125 0 0 0 0
1.8583567 8.3327618 4.0981374 36.360596 0 0 0 0
2.2643642 8.3389549 4.003406 43 0 0 0 0
2.4088917 8.3426552 4.0637264 36 0 0 0 0
-4.9984007 10.572427 3.9104686 2.5 0 0 0 0
8.628994 10.765926 3.9074411 5 0 0 0 0
8.6530027 10.92296 3.9414811 2.9822998 0 0 0 0
8.7050972 11.060848 3.9891174 3 0 0 0 0
-13.576065 11.365799 4.0232506 18.330755 0 0 0 0
8.6548748 11.344934 3.9702883 3.6680782 0 0 0 0
-13.547575 11.497568 4.0772457 22.336996 0 0 0 0
8.6567841 11.482013 4.0395012 3.8346786 0 0 0 0
-13.541018 11.733022 3.9455752 27.8125 0 0 0 0
8.6519699 11.766077 3.9116793 5.2996416 0 0 0 0
7.7984796 13.683818 4.1888127 6 0 0 0 0
7.8645821 13.732862 4.0997086 11.194614 0 0 0 0
8.2947168 13.578424 3.9903638 9.3360023 0 0 0 0
8.4356098 13.577721 3.959796 6.9559302 0 0 0 0
7.7943926 14.076578 4.0161371 6.625 0 0 0 0
7.8263226 13.847424 4.1270628 7.6125002 0 0 0 0
7.7783365 14.170645 4.0786438 5.143209 0 0 0 0
7.8145347 14.187363 4.1243615 3.0347495 0 0 0 0
-4.0072722 29.313919 3.9852397 21.462891 0 0 0 0
-3.8453012 29.35257 4.0257897 19.3125 0 0 0 0
-3.5740616 29.351866 3.9296784 17 0 0 0 0
-3.7081752 29.43877 4.0424771 17 0 0 0 0
-3.5325582 29.49045 4.0565319 9.8085938 0 0 0 0
-3.2593887 29.60466 3.9051335 7 0 0 0 0
-2.387831 29.922354 3.9309447 0 0 0 0 0
-3.3128974 30.478598 3.9395525 15 0 0 0 0
-3.2243338 30.401773 3.9507222 12.992188 0 0 0 0
-2.7938857 31.38018 4.129137 18.5 0 0 0 0
-2.6361928 31.396791 4.1593046 16.4375 0 0 0 0
-2.2659285 31.418257 4.1281729 6.625 0 0 0 0
-1.3081897 31.486439 3.9473586 8 0 0 0 0
-3.0417557 31.515896 4.1886683 0 0 0 0 0
-2.9242725 31.576963 4.1671963 12.375 0 0 0 0
-5.0646338 32.655193 4.0352983 12 0 0 0 0
-5.1586709 32.805305 4.0787358 15 0 0 0 0
-5.0295687 32.824257 4.0457492 14 0 0 0 0
-2.0277002 32.929848 4.0955319 10.6875 0 0 0 0
-1.7810798 32.943699 4.0217419 8 0 0 0 0
-5.4600506 33.206177 4.0630732 13.5 0 0 0 0
-5.2641096 33.082306 4.1572256 17.5 0 0 0 0
-2.0249975 33.007999 4.0740962 10 0 0 0 0
-5.4072256 33.350037 4.0494146 10 0 0 0 0
-4.4772277 33.311829 4.021307 10 0 0 0 0
-9.8267841 -8.437767 4.2532992 2.1145833 0 0 0 0
-9.473958 -8.4107847 4.2488804 6.5 0 0 0 0
-9.1160955 -8.4387541 4.2510424 6.75 0 0 0 0
-8.9132214 -8.431407 4.2383661 2.5 0 0 0 0
-8.494072 -8.4618187 4.2422981 0.9375 0 0 0 0
-8.2469349 -8.4433718 4.2480831 4.125 0 0 0 0
-7.9457221 -8.41786 4.2411146 3.75 0 0 0 0
-7.7300124 -8.4537506 4.2582784 2.5 0 0 0 0
-7.3059249 -8.4091244 4.2446876 3 0 0 0 0
-7.0687423 -8.463254 4.2472053 0 0 0 0 0
-6.5552135 -8.4127493 4.240242 4 0 0 0 0
-5.9804559 -8.4242687 4.2366219 1.5 0 0 0 0
-5.4886069 -8.4143372 4.2466192 2.5 0 0 0 0
-4.2949734 -8.4454451 4.2427649 1 0 0 0 0
-9.6887436 -8.3375845 4.2539244 11 0 0 0 0
-9.5125113 -8.3541298 4.2529116 12.724936 0 0 0 0
-9.1315975 -8.3209629 4.2533112 16.736572 0 0 0 0
-8.8208237 -8.3405571 4.2543287 17.757812 0 0 0 0
-8.5560036 -8.3144379 4.2493544 21.654623 0 0 0 0
-8.2340736 -8.2483902 4.2451658 31.853516 0 0 0 0
-7.8856926 -8.3484335 4.2418804 25.043861 0 0 0 0
-7.6448069 -8.2823391 4.2337537 29.5625 0 0 0 0
-7.3520536 -8.3107548 4.2383275 20.529922 0 0 0 0
-6.9864244 -8.2495956 4.2587776 27.008545 0 0 0 0
-6.7392292 -8.2959318 4.2558136 28.721212 0 0 0 0
-6.4501514 -8.326561 4.2539959 31.933485 0 0 0 0
-6.203711 -8.3004322 4.2624545 32.29248 0 0 0 0
-5.8159218 -8.3235664 4.2678432 30.225632 0 0 0 0
-5.4577379 -8.3073139 4.2532773 33.396965 0 0 0 0
-5.1792059 -8.2808533 4.2646103 38.453522 0 0 0 0
-4.881846 -8.3344851 4.2356558 21.744041 0 0 0 0
-4.6245127 -8.300621 4.256732 33.45504 0 0 0 0
-4.3675022 -8.2793789 4.2501392 37.33247 0 0 0 0
-4.0502906 -8.2921076 4.2542529 23.777472 0 0 0 0
-3.8240714 -8.2715225 4.2385373 33.708923 0 0 0 0
-3.345808 -8.2764721 4.2464385 25.251953 0 0 0 0
-3.2036214 -8.3193722 4.2486944 19.793879 0 0 0 0
-2.8051391 -8.2504616 4.2394896 32.770798 0 0 0 0
-2.486248 -8.2568016 4.2500467 18.715208 0 0 0 0
-2.1332595 -8.2373257 4.2398462 35.125092 0 0 0 0
-2.0116954 -8.2608204 4.2367258 32.62862 0 0 0 0
-1.6054919 -8.2369261 4.2486973 34.435444 0 0 0 0
-1.4058619 -8.3112354 4.2312827 25.227182 0 0 0 0
-1.0413191 -8.2590914 4.2431021 28.706896 0 0 0 0
-0.75043213 -8.2603817 4.2373438 37.810112 0 0 0 0
-0.51008964 -8.2978249 4.2372694 28.001194 0 0 0 0
2.3953147 -8.2649651 4.2240939 28 0 0 0 0
2.5212922 -8.2014608 4.2466373 33.22044 0 0 0 0
2.958159 -8.2316275 4.3134165 11.802734 0 0 0 0
3.143851 -8.2479801 4.218092 20.39262 0 0 0 0
3.4665265 -8.2198696 4.2368488 32.036285 0 0 0 0
3.700429 -8.1972351 4.2223701 31.601954 0 0 0 0
4.0533032 -8.2324982 4.2230635 32.625 0 0 0 0
4.334352 -8.2316704 4.2179098 33.395832 0 0 0 0
4.6487713 -8.2500706 4.2225246 18.602051 0 0 0 0
4.9414654 -8.2344341 4.2217331 35.599998 0 0 0 0
5.3146172 -8.2305756 4.2318726 33.380207 0 0 0 0
5.5387177 -8.2833881 4.2118692 22.041666 0 0 0 0
5.8457708 -8.2532949 4.2017617 21.333334 0 0 0 0
6.2492609 -8.2031498 4.2219305 9.5 0 0 0 0
6.4467449 -8.2745838 4.2196369 5.1888428 0 0 0 0
6.6718211 -8.240078 4.2238989 2.3732638 0 0 0 0
7.0370312 -8.2150736 4.2519455 1.4445608 0 0 0 0
7.3817525 -8.2702255 4.2282629 1.0351562 0 0 0 0
7.6141782 -8.2489529 4.2332749 1.7870178 0 0 0 0
7.9261913 -8.2701826 4.2437859 2.1800537 0 0 0 0
8.1941385 -8.2669125 4.2119493 2.7851562 0 0 0 0
8.457449 -8.2344275 4.2130451 6.4375 0 0 0 0
9.6351194 -8.2042665 4.2042899 6 0 0 0 0
-0.40175325 -8.0773287 4.4695158 20 0 0 0 0
-1.0358483 -7.6632738 4.4794836 32.25 0 0 0 0
2.1454194 -7.5097952 4.4793549 30 0 0 0 0
-0.73773944 -7.3987207 4.4825697 29.75 0 0 0 0
-0.55981034 -7.3384919 4.4693794 30 0 0 0 0
2.0109184 -7.4660316 4.4644923 26.59375 0 0 0 0
2.2547464 -7.422111 4.4585228 19.25 0 0 0 0
-23.026587 -6.1156759 4.2047772 13 0 0 0 0
-1.6263716 -6.0227766 4.3676682 16.5 0 0 0 0
-1.3365529 -6.0255084 4.303731 32.833336 0 0 0 0
-0.99698937 -6.0191584 4.263515 37.904572 0 0 0 0
-0.69054639 -6.0137148 4.3886929 41.091858 0 0 0 0
-0.46404299 -6.0127177 4.2795105 39.530163 0 0 0 0
-0.18406615 -6.0143018 4.3847723 36.252602 0 0 0 0
1.7798312 -6.0048723 4.3171425 32.16626 0 0 0 0
1.9103985 -6.0068951 4.2638826 32.960938 0 0 0 0
2.1953025 -6.0124159 4.3435426 27.025391 0 0 0 0
2.4392695 -6.0081406 4.4342852 35 0 0 0 0
2.9601407 -6.0057249 4.3506565 35 0 0 0 0
3.1703746 -6.0073209 4.3300343 37.5 0 0 0 0
3.4929733 -6.0043898 4.2740088 33.5 0 0 0 0
3.7150323 -6.0091319 4.359375 21 0 0 0 0
4.0377755 -6.0028644 4.2395954 1.5 0 0 0 0
4.7700481 -6.0272875 4.2995281 2.75 0 0 0 0
4.8109245 -6.0286212 4.2486358 1.5 0 0 0 0
-1.5832703 -5.89573 4.4804401 17 0 0 0 0
-1.3685293 -5.8746338 4.4696369 31.022659 0 0 0 0
-1.1067762 -5.7724271 4.4692287 31.445131 0 0 0 0
-0.74754173 -5.8228388 4.4653239 32.604168 0 0 0 0
-0.46309924 -5.7416358 4.4709983 35.587811 0 0 0 0
-0.22594266 -5.8374147 4.4683843 34.838543 0 0 0 0
1.690295 -5.9262419 4.4217281 34.190754 0 0 0 0
1.9005444 -5.9239397 4.4693336 19.437267 0 0 0 0
2.2181296 -5.882802 4.4407082 33.679688 0 0 0 0
2.4640234 -5.9053497 4.4762344 33.875 0 0 0 0
2.8549814 -5.9009695 4.4117193 35.5 0 0 0 0
3.2001412 -5.855217 4.4730463 29 0 0 0 0
3.414351 -5.7291126 4.4754252 11.208333 0 0 0 0
3.6931772 -5.9773874 4.3989506 16.583984 0 0 0 0
4.3856544 -5.8013773 4.4664841 0.75 0 0 0 0
4.5334702 -5.9103584 4.4688072 1 0 0 0 0
-20.599897 -5.4514217 4.446454 5 0 0 0 0
-1.5972598 -5.5100412 4.4708495 32 0 0 0 0
-1.3224934 -5.4625602 4.4669876 35.888889 0 0 0 0
-0.95319283 -5.6555467 4.4696102 36.798828 0 0 0 0
-0.81327832 -5.4851723 4.4659886 38.34375 0 0 0 0
-0.47446269 -5.6235766 4.4699163 35.821022 0 0 0 0
-0.25417084 -5.5234013 4.4693289 26.752277 0 0 0 0
1.4121051 -5.511765 4.4689474 21 0 0 0 0
1.6465511 -5.5362763 4.4694667 38.78125 0 0 0 0
1.9287533 -5.5803795 4.4762344 35.546875 0 0 0 0
2.2240376 -5.449789 4.4664974 33.5625 0 0 0 0
2.5335903 -5.4602451 4.4692831 32 0 0 0 0
2.7562118 -5.428647 4.4703751 24.75 0 0 0 0
3.1775064 -5.5181022 4.4771748 8.703125 0 0 0 0
3.3497243 -5.5421662 4.4751987 2 0 0 0 0
3.6587317 -5.4947109 4.4855261 1 0 0 0 0
4.0862255 -5.475122 4.4475169 7.6666665 0 0 0 0
4.2369223 -5.535183 4.4613461 11.75 0 0 0 0
-22.662868 -5.1827435 4.4133525 4 0 0 0 0
-21.46015 -5.2329087 4.4903836 6.5 0 0 0 0
-20.968676 -5.1652155 4.4519916 6 0 0 0 0
-20.354275 -5.1949058 4.4103665 3 0 0 0 0
-1.5663152 -5.2614961 4.4523411 31.180012 0 0 0 0
-1.394015 -5.3236189 4.4623108 33.548611 0 0 0 0
-1.0300437 -5.2337041 4.4633121 40.22821 0 0 0 0
-0.67195904 -5.1488175 4.4649348 40.613716 0 0 0 0
-0.41803902 -5.234786 4.4671707 40.97789 0 0 0 0
-0.14917862 -5.2296567 4.4696722 42.194626 0 0 0 0
1.4022446 -5.1988578 4.4735413 44.714512 0 0 0 0
1.6129086 -5.2058973 4.4703131 43.605427 0 0 0 0
1.9366446 -5.3049402 4.4657302 41.671646 0 0 0 0
2.2310696 -5.158494 4.4571276 34.415085 0 0 0 0
2.5825975 -5.172946 4.447298 27.260418 0 0 0 0
2.8186302 -5.1503725 4.4705687 12.21934 0 0 0 0
3.0984192 -5.2113504 4.4546719 1.6328125 0 0 0 0
3.4120533 -5.1584015 4.4867983 0.9375 0 0 0 0
3.6622763 -5.1474705 4.4636908 3.875 0 0 0 0
3.9684215 -5.2007246 4.4478493 18.75 0 0 0 0
-21.667784 -4.9321718 4.3818474 4 0 0 0 0
-21.169153 -4.8294339 4.4286737 3 0 0 0 0
-1.7207577 -4.9412723 4.4548206 30.050781 0 0 0 0
-1.3373419 -4.9856043 4.4577818 36.646297 0 0 0 0
-1.0600842 -5.0232458 4.4632959 38.695312 0 0 0 0
-0.76385409 -4.9870629 4.4607406 41.1684 0 0 0 0
-0.51356173 -5.0075736 4.4676542 41.755234 0 0 0 0
-0.10912308 -5.0466471 4.4696188 41.117226 0 0 0 0
1.3876199 -4.9271441 4.4658856 44.022568 0 0 0 0
1.6305268 -4.8579788 4.463994 44.114258 0 0 0 0
1.9764274 -4.9914103 4.4621086 44.07666 0 0 0 0
2.2271984 -4.9677868 4.4558983 41.8125 0 0 0 0
2.5968256 -4.8878374 4.4636288 9.609375 0 0 0 0
2.7497103 -4.9354677 4.4773521 5.4837241 0 0 0 0
3.0514202 -4.9485741 4.4803743 1.875 0 0 0 0
3.4416378 -4.9860487 4.4499645 5.869792 0 0 0 0
3.6645966 -4.8947201 4.457839 23.630207 0 0 0 0
4.0058899 -4.9283829 4.4483199 33 0 0 0 0
4.2226572 -4.9459581 4.4439068 35.5 0 0 0 0
-22.13847 -4.7315402 4.4371328 7 0 0 0 0
-20.737526 -4.6176925 4.4398313 7.25 0 0 0 0
-20.685339 -4.7681518 4.4601016 3 0 0 0 0
-20.331347 -4.6135373 4.4444971 5.5 0 0 0 0
-1.6434441 -4.5830479 4.4494686 37.292725 0 0 0 0
-1.3457956 -4.6638594 4.45928 40.363518 0 0 0 0
-1.0170763 -4.69209 4.4616652 40.675598 0 0 0 0
-0.72219753 -4.6557269 4.4681749 41.398438 0 0 0 0
-0.45584255 -4.6919222 4.4691734 38.211647 0 0 0 0
-0.18341827 -4.5849619 4.4763503 40.580101 0 0 0 0
1.3083297 -4.6059074 4.4617128 48.027554 0 0 0 0
1.5333979 -4.6000643 4.4609332 48.50692 0 0 0 0
1.8616943 -4.6615205 4.4574151 42.107754 0 0 0 0
2.3307345 -4.6341696 4.4652452 14.940478 0 0 0 0
2.4794583 -4.6859789 4.4624076 12.077181 0 0 0 0
2.7895453 -4.7215538 4.4725056 3.7753906 0 0 0 0
3.120245 -4.6648378 4.4506512 5.6529341 0 0 0 0
3.3848445 -4.6690283 4.4566889 19.962891 0 0 0 0
3.720994 -4.6229343 4.4457841 35.479168 0 0 0 0
3.9963903 -4.745369 4.4355669 34.5 0 0 0 0
4.5283895 -4.7090139 4.445909 35 0 0 0 0
-20.781488 -4.4221334 4.4342508 6.5 0 0 0 0
-1.5870684 -4.3724947 4.453033 37.320312 0 0 0 0
-1.4357303 -4.3615746 4.4564548 35.197395 0 0 0 0
-1.0151842 -4.4409242 4.4667025 40.622395 0 0 0 0
-0.8704288 -4.4352841 4.4677563 31.75 0 0 0 0
-0.46097544 -4.2478504 4.4667406 34.251884 0 0 0 0
-0.15585494 -4.2331438 4.4767456 44.002144 0 0 0 0
1.3804333 -4.3695564 4.4629393 47.01923 0 0 0 0
1.6879491 -4.3724174 4.4596372 34.840248 0 0 0 0
1.9825842 -4.3268642 4.4648447 9.8801537 0 0 0 0
2.1923914 -4.2699547 4.4509029 5.366374 0 0 0 0
2.4650574 -4.3082247 4.4634457 2.5 0 0 0 0
2.947156 -4.2622213 4.4537086 21.497395 0 0 0 0
3.1223378 -4.391952 4.4556389 20.599609 0 0 0 0
3.4018769 -4.375865 4.4532905 36.9375 0 0 0 0
3.6625733 -4.2908058 4.4349513 43.25 0 0 0 0
-1.569551 -4.1531253 4.4542513 36.927261 0 0 0 0
-1.360234 -4.0369225 4.4619617 39.164589 0 0 0 0
-1.0246768 -4.1458025 4.4644318 41.949272 0 0 0 0
-0.63525462 -4.0946426 4.4694986 44.263889 0 0 0 0
-0.53688312 -4.1269474 4.4701591 44.543137 0 0 0 0
-0.1592444 -4.0296559 4.4701204 49.443237 0 0 0 0
1.1121087 -4.0968513 4.4693375 45.895836 0 0 0 0
1.3092797 -4.1171279 4.46591 42.521545 0 0 0 0
1.5853714 -4.1267271 4.4664726 27.179363 0 0 0 0
1.9200184 -4.1230192 4.4705067 9.0600986 0 0 0 0
2.3249078 -4.1498842 4.4576488 6.6946616 0 0 0 0
2.5194168 -4.0369129 4.4509335 16.067059 0 0 0 0
2.7931938 -4.0739093 4.4516435 30.752823 0 0 0 0
3.1672893 -4.0718155 4.4484053 41.677086 0 0 0 0
3.4459028 -3.994868 4.4459209 41.633789 0 0 0 0
3.6959434 -4.1468821 4.4389262 37.538193 0 0 0 0
3.9935098 -4.0334582 4.4296713 37 0 0 0 0
-1.3389735 -3.8639421 4.4577265 37.428307 0 0 0 0
-0.96201921 -3.716207 4.4637976 45.113491 0 0 0 0
-0.54742366 -3.6760187 4.4661851 47.784897 0 0 0 0
-0.1967687 -3.6870401 4.4635148 46.61763 0 0 0 0
1.1849707 -3.6601615 4.465003 23.147217 0 0 0 0
1.3234011 -3.7451921 4.4635344 18.558029 0 0 0 0
1.5696977 -3.7506664 4.4822292 3.1429081 0 0 0 0
1.912648 -3.7089844 4.4542475 5.1823874 0 0 0 0
2.2545085 -3.6744151 4.4468775 27.232447 0 0 0 0
2.4407916 -3.7143645 4.4540801 34.660118 0 0 0 0
2.7917476 -3.7393076 4.4475956 47.26104 0 0 0 0
3.105824 -3.7868996 4.4414234 43.937336 0 0 0 0
3.4192772 -3.7785077 4.4392495 41.094646 0 0 0 0
3.6411307 -3.8015938 4.4361429 42.34375 0 0 0 0
3.9689174 -3.7321687 4.4357147 41.1875 0 0 0 0
4.2013545 -3.7685356 4.4226122 42 0 0 0 0
-0.91128373 -3.4409668 4.4606118 44.515625 0 0 0 0
-0.88047409 -3.4368281 4.4585371 53.93615 0 0 0 0
-0.47617349 -3.3513317 4.4629207 48.011845 0 0 0 0
-0.19477516 -3.4832625 4.466403 51.909359 0 0 0 0
1.1363453 -3.5660291 4.4656906 17.0625 0 0 0 0
1.3671652 -3.5176654 4.4669108 3.25 0 0 0 0
1.6464709 -3.3861341 4.454545 3.2747395 0 0 0 0
1.8980091 -3.4462934 4.4505486 12.791998 0 0 0 0
2.1256962 -3.5477796 4.4459028 29.9375 0 0 0 0
2.5059512 -3.3119612 4.4427767 41.333336 0 0 0 0
2.792026 -3.3860734 4.4388003 44.672745 0 0 0 0
3.1568561 -3.3613966 4.4383855 42.4375 0 0 0 0
3.398937 -3.5232463 4.4369965 41.302082 0 0 0 0
3.7274354 -3.5078311 4.4351354 39.8125 0 0 0 0
4.0613508 -3.4779019 4.4264398 37 0 0 0 0
-0.49679187 -3.2731929 4.4625697 48.656773 0 0 0 0
-0.14323537 -3.1958692 4.4625001 46.215446 0 0 0 0
0.89500999 -3.247632 4.4597511 1 0 0 0 0
1.1726648 -3.2392325 4.4684401 2.7947249 0 0 0 0
1.2317278 -3.1323466 4.4651737 7.0588856 0 0 0 0
1.6184196 -3.1985211 4.4576254 19.702633 0 0 0 0
1.846885 -3.1580701 4.4477463 37.743126 0 0 0 0
2.1912122 -3.1587594 4.4398355 46.429726 0 0 0 0
2.5335989 -3.22228 4.4446826 48.579681 0 0 0 0
2.8487632 -3.1890104 4.4446969 42.073452 0 0 0 0
3.1331682 -3.2403612 4.4429808 38.752602 0 0 0 0
3.3961585 -3.1655958 4.4356151 34.692383 0 0 0 0
-0.30625966 -2.8267426 4.3323994 33.355469 0 0 0 0
-0.2128775 -2.9351223 4.4578271 42.185085 0 0 0 0
0.79672575 -2.9273062 4.476387 0 0 0 0 0
1.1489021 -2.9206314 4.4619513 12.359253 0 0 0 0
1.3326172 -2.9360476 4.4538069 24.425411 0 0 0 0
1.6032557 -2.9472094 4.4623365 53.519165 0 0 0 0
1.8888098 -2.8817601 4.398921 62.858887 0 0 0 0
2.2227588 -2.9428329 4.4473829 53.841797 0 0 0 0
2.5364127 -2.921273 4.4534469 63.9375 0 0 0 0
2.8031611 -2.9287317 4.4471874 55.832031 0 0 0 0
3.0674465 -2.9424987 4.4411812 45.25 0 0 0 0
3.3709736 -2.9379115 4.4471569 46.71875 0 0 0 0
3.6927733 -2.9511132 4.4321761 44 0 0 0 0
0.040126164 -2.1682153 4.2263622 0.88541669 0 0 0 0
0.64035404 -2.131146 4.4381447 28.647289 0 0 0 0
1.1241755 -2.1291423 4.3922639 45.702126 0 0 0 0
1.3567072 -2.1874428 4.387979 48.264488 0 0 0 0
1.7126224 -2.2011647 4.3797259 44.164692 0 0 0 0
1.9352829 -2.1974912 4.2922668 48.309711 0 0 0 0
2.1573501 -2.1456838 4.4425888 57.793781 0 0 0 0
2.5193105 -2.1794167 4.4145021 51.870293 0 0 0 0
2.7761896 -2.1395583 4.4398069 58.421875 0 0 0 0
3.1132927 -2.1302896 4.4100528 52.78125 0 0 0 0
3.3099353 -2.1630008 4.4336514 51 0 0 0 0
0.1300611 -2.0288367 4.4003477 1.0029297 0 0 0 0
0.6566751 -1.9896338 4.4446068 39.934071 0 0 0 0
1.0472766 -1.8960614 4.4428377 50.335464 0 0 0 0
1.2723234 -1.8657649 4.4356446 47.37793 0 0 0 0
1.5612323 -1.955492 4.4439158 59.256645 0 0 0 0
1.8294109 -1.9197083 4.4377251 55.369438 0 0 0 0
2.2551785 -2.0549235 4.4447956 58.583092 0 0 0 0
2.4875419 -2.0095999 4.4345264 60.108643 0 0 0 0
2.7375336 -1.9040508 4.4394941 59.04512 0 0 0 0
3.0410697 -2.0237246 4.4341726 53.351562 0 0 0 0
3.3030987 -1.984513 4.429069 60 0 0 0 0
0.77761114 -1.6694998 4.204463 21.75 0 0 0 0
1.1032174 -1.7701477 4.3742204 32.953125 0 0 0 0
1.4962257 -1.7867908 4.4329219 26 0 0 0 0
1.559865 -1.7711868 4.3947835 27.6875 0 0 0 0
1.9094753 -1.6968727 4.2656164 28.558334 0 0 0 0
2.1452093 -1.7964717 4.4245167 37.5 0 0 0 0
2.4854846 -1.7800195 4.4351797 27.5 0 0 0 0
2.7459369 -1.6994219 4.2530894 22 0 0 0 0
3.1633177 -1.7865987 4.4316258 36 0 0 0 0
3.512605 -1.7757077 4.4001284 27 0 0 0 0
0.59064955 -1.4254242 4.3400664 12 0 0 0 0
0.64974231 -1.3458159 4.4223309 15.89245 0 0 0 0
1.086367 -1.3473392 4.4245772 26.094679 0 0 0 0
1.2623088 -1.3249687 4.420454 33.293575 0 0 0 0
1.5627692 -1.3542855 4.4239264 36.097191 0 0 0 0
1.9481276 -1.3290427 4.2752247 35.739563 0 0 0 0
2.2344031 -1.4045289 4.3897986 30.795246 0 0 0 0
2.4328794 -1.3118105 4.4249258 54.625 0 0 0 0
2.8425648 -1.3789902 4.4236097 55.8125 0 0 0 0
0.65873134 -1.0411451 4.4359326 22.755859 0 0 0 0
1.0881408 -1.1522884 4.4385691 24.183088 0 0 0 0
1.2488911 -1.115679 4.4408541 34.487499 0 0 0 0
1.5496945 -0.99568206 4.4379144 50.55777 0 0 0 0
1.8378834 -0.98023462 4.4230981 62.539352 0 0 0 0
2.1125255 -1.0728345 4.4194622 72.40625 0 0 0 0
2.4124756 -1.040382 4.4184628 62.75 0 0 0 0
0.62426412 -0.8194952 4.4327292 36.8125 0 0 0 0
1.0333403 -0.77913654 4.4345961 37.5625 0 0 0 0
1.2841836 -0.81269789 4.43435 40.421875 0 0 0 0
1.6405797 -0.76971984 4.4303703 52.869789 0 0 0 0
1.8527126 -0.80594015 4.4216928 54 0 0 0 0
2.2687929 -0.89074975 4.4232192 62.5 0 0 0 0
1.6648514 -0.52307224 4.4212599 56 0 0 0 0
1.1077547 0.10910692 4.2932601 85.5 0 0 0 0
1.3065202 0.10972069 4.3517647 134.625 0 0 0 0
1.55442 0.1070087 4.3604078 69.041664 0 0 0 0
1.9328464 0.12243245 4.3315759 127.5 0 0 0 0
2.2471342 0.11503769 4.2940111 102 0 0 0 0
0.88776493 0.40630007 4.2815876 91 0 0 0 0
1.1231129 0.40564924 4.2976866 125.625 0 0 0 0
1.3152895 0.42346025 4.3600702 138.17188 0 0 0 0
1.6106128 0.42660832 4.3519373 137.58333 0 0 0 0
1.9005065 0.35927248 4.2590742 130.16667 0 0 0 0
2.2770679 0.45695397 4.403141 107 0 0 0 0
1.0326537 0.87607199 4.4013538 57.875 0 0 0 0
1.3721991 0.80383909 4.4107046 71.666664 0 0 0 0
1.5884676 0.84509361 4.4095631 68.8125 0 0 0 0
1.9162459 0.82184303 4.4047956 67 0 0 0 0
0.62264693 1.1593974 4.4072418 60.75 0 0 0 0
0.99422157 1.1478641 4.3977861 55.037498 0 0 0 0
1.2795429 1.1453121 4.3971004 66.0625 0 0 0 0
1.6187305 1.0972874 4.4032536 52.604168 0 0 0 0
1.8459389 1.167562 4.4021864 58.625 0 0 0 0
2.1172142 1.0384216 4.406908 51 0 0 0 0
0.61469001 1.3257098 4.4129038 52.893555 0 0 0 0
0.96577972 1.3800272 4.3989348 51.615913 0 0 0 0
1.3376582 1.3570341 4.3985281 56.446224 0 0 0 0
1.6201591 1.3029826 4.3989849 56.56078 0 0 0 0
1.922649 1.4654919 4.3971462 60.684284 0 0 0 0
2.1577868 1.3603816 4.3929586 60.75 0 0 0 0
2.5040941 1.3644965 4.3974829 66.03125 0 0 0 0
0.67474556 1.7017825 4.4079733 49.047829 0 0 0 0
1.0975069 1.6818626 4.4013243 53.324741 0 0 0 0
1.2828115 1.7240989 4.3976212 58.389191 0 0 0 0
1.5567448 1.6317183 4.3954563 69.381294 0 0 0 0
1.8891699 1.6117373 4.3877201 63.76548 0 0 0 0
2.1621709 1.6218436 4.3938847 59.350143 0 0 0 0
2.4973946 1.5935192 4.3926096 66.03125 0 0 0 0
2.8794303 1.6231456 4.3878932 65.71875 0 0 0 0
3.1565034 1.7398952 4.3878245 63 0 0 0 0
0.59302688 1.9194145 4.4002309 48.125 0 0 0 0
0.63485169 1.9823427 4.4082685 34.328678 0 0 0 0
0.97264779 1.9071798 4.3999629 50.138756 0 0 0 0
1.2196691 1.9145052 4.3961525 56.54192 0 0 0 0
1.5986164 1.9423112 4.3931308 53.949066 0 0 0 0
1.8507965 1.9906515 4.3917599 48.125 0 0 0 0
2.143712 1.9610355 4.3933325 67.25 0 0 0 0
2.5523655 1.8281519 4.3890295 69.5 0 0 0 0
2.9220548 1.8812389 4.3908482 64 0 0 0 0
3.2982473 1.8546913 4.3934827 67 0 0 0 0
3.4441481 1.8536205 4.3939624 69 0 0 0 0
-0.023363385 2.3675566 4.4120364 5.7351561 0 0 0 0
0.015000083 2.3575387 4.4118924 4.2615905 0 0 0 0
0.7317 2.3170307 4.3962078 24.91799 0 0 0 0
1.1200426 2.2429185 4.3921571 51.708221 0 0 0 0
1.2592592 2.3216133 4.3921976 55.385284 0 0 0 0
1.5671279 2.2614024 4.390727 61.158119 0 0 0 0
1.9283632 2.1785102 4.3916302 65.621758 0 0 0 0
2.2215204 2.2957411 4.3917093 66.225418 0 0 0 0
2.5464547 2.2793126 4.3893065 68.783524 0 0 0 0
2.8695197 2.2245202 4.386549 65.627563 0 0 0 0
3.1032603 2.3227358 4.3823895 65 0 0 0 0
-0.0059619299 2.4173927 4.4104552 6.2375002 0 0 0 0
0.013854326 2.4133148 4.3885098 5.1185312 0 0 0 0
0.59535062 2.6520772 4.3973455 3.1270833 0 0 0 0
0.60736275 2.6509819 4.4021091 3.9999225 0 0 0 0
1.1727082 2.4303944 4.3923559 47.75 0 0 0 0
1.2446787 2.402647 4.3908291 56.166668 0 0 0 0
1.7265556 2.4737802 4.3962727 64.350418 0 0 0 0
2.0378535 2.5576093 4.3940907 64.531013 0 0 0 0
2.1416724 2.5305119 4.3904285 62.980469 0 0 0 0
2.6831026 2.6395681 4.3855052 65.340332 0 0 0 0
2.9102957 2.5504789 4.3846335 67.658691 0 0 0 0
3.2487977 2.4863577 4.3835659 60.125 0 0 0 0
3.4316616 2.5017638 4.3778067 55 0 0 0 0
3.880085 2.6996782 4.3717895 43 0 0 0 0
-0.30829865 2.8015206 4.4000683 39.09687 0 0 0 0
-0.15431201 2.7810314 4.354629 30.050333 0 0 0 0
0.0036686419 2.7574956 4.3184347 20.53706 0 0 0 0
0.5951879 2.7283978 4.3861928 3.3333335 0 0 0 0
0.77543807 2.7938817 4.2853146 5.016901 0 0 0 0
1.1453896 2.7675581 4.3346543 17.032341 0 0 0 0
1.26543 2.7878542 4.3237042 24.017693 0 0 0 0
1.6104398 2.7711 4.3947678 56.284012 0 0 0 0
1.839752 2.7731624 4.3106065 49.84597 0 0 0 0
2.1875267 2.7971759 4.3760567 60.754101 0 0 0 0
2.5428023 2.8211529 4.3450217 58.386765 0 0 0 0
2.8738992 2.7647069 4.3658171 63.616875 0 0 0 0
3.198782 2.8005559 4.3709993 61.358727 0 0 0 0
3.4880314 2.8481197 4.2988138 32.625 0 0 0 0
-0.92248517 3.5264239 4.3941841 50.53125 0 0 0 0
-0.79001617 3.4206433 4.2677712 32.296974 0 0 0 0
-0.5523231 3.510622 4.3772364 39.867817 0 0 0 0
-0.15296414 3.5361514 4.406137 51.705841 0 0 0 0
0.040140647 3.4878488 4.3071365 38.125 0 0 0 0
0.5896821 3.5238514 4.3947582 47.75 0 0 0 0
0.78857851 3.4196448 4.255311 29.507812 0 0 0 0
1.1170292 3.5274081 4.3986907 15.189453 0 0 0 0
1.3171868 3.5312266 4.3917384 2.25 0 0 0 0
1.7779163 3.5819764 4.3924999 1.5 0 0 0 0
1.9605742 3.5620461 4.3857989 7.25 0 0 0 0
2.2242811 3.4708223 4.2934914 28 0 0 0 0
2.6763191 3.5740573 4.3882332 50 0 0 0 0
2.8809285 3.434689 4.2274256 36 0 0 0 0
3.2712259 3.5841098 4.383008 54 0 0 0 0
-1.3629556 3.8910484 4.3752871 37.042236 0 0 0 0
-1.0164814 3.8206353 4.3847375 38.748878 0 0 0 0
-0.60196847 3.73683 4.3940911 39.36842 0 0 0 0
-0.54353505 3.7707987 4.3929138 40.205757 0 0 0 0
-0.070661873 3.7526636 4.3881216 42.287121 0 0 0 0
0.5872736 3.7591591 4.3904982 43.153091 0 0 0 0
0.87595922 3.6841714 4.3895493 34.51506 0 0 0 0
1.109967 3.753356 4.3872633 25.149467 0 0 0 0
1.327551 3.8416419 4.3819008 20.529205 0 0 0 0
1.6392597 3.7803965 4.3949986 5.0397134 0 0 0 0
1.9944217 3.6717567 4.3895946 8.6253347 0 0 0 0
2.2123752 3.8059349 4.4001718 7.5253525 0 0 0 0
2.5965118 3.7747092 4.3769751 36.472179 0 0 0 0
2.8714066 3.7209141 4.3729219 43.031425 0 0 0 0
3.129719 3.7650046 4.3694921 42.129242 0 0 0 0
3.4696493 3.7521255 4.3722606 44.711609 0 0 0 0
3.797096 3.6779778 4.3685093 43 0 0 0 0
4.0231481 3.8240294 4.3622613 44 0 0 0 0
-1.5167848 4.0908618 4.3696089 34.61792 0 0 0 0
-1.3596119 4.087059 4.3766556 35.279835 0 0 0 0
-1.0786061 4.1517696 4.3776155 35.712139 0 0 0 0
-0.64391673 4.1886072 4.3775597 37.979168 0 0 0 0
-0.52024239 4.1749225 4.3830552 37.834824 0 0 0 0
-0.096822143 4.1660624 4.3921938 37.973598 0 0 0 0
0.58516878 4.0890908 4.3807669 47.035805 0 0 0 0
0.83675075 4.1270485 4.3794727 46.406654 0 0 0 0
1.0586734 4.1577749 4.3734522 38.808594 0 0 0 0
1.27885 4.1228666 4.375185 37.523438 0 0 0 0
1.650611 4.0471501 4.3846316 13.634472 0 0 0 0
1.8873703 4.1687412 4.3824854 10.214423 0 0 0 0
2.3200893 4.0722733 4.3857012 1.8333334 0 0 0 0
2.5703654 4.0402822 4.3805742 15.583901 0 0 0 0
2.8225522 4.0390739 4.360693 33.072266 0 0 0 0
3.2333059 4.1195779 4.3614521 41.875 0 0 0 0
3.3966374 3.9803624 4.3695297 42.3125 0 0 0 0
3.82026 4.0241785 4.361073 40.75 0 0 0 0
4.0274992 3.9999318 4.3576136 44.25 0 0 0 0
-1.556529 4.2974176 4.3595128 32.615059 0 0 0 0
-1.3478417 4.3026981 4.3729558 35.214405 0 0 0 0
-1.0744113 4.221405 4.3766356 35.256496 0 0 0 0
-0.60995901 4.2257147 4.3827682 36.94162 0 0 0 0
-0.54203749 4.2576571 4.3842077 36.774101 0 0 0 0
-0.046085123 4.2716093 4.3887277 36.870163 0 0 0 0
0.040580608 4.3393717 4.3596582 37.95052 0 0 0 0
0.5876286 4.2942562 4.3760767 38.820759 0 0 0 0
0.79800791 4.3100634 4.372406 40.46867 0 0 0 0
1.0693229 4.2895513 4.3734612 41.576202 0 0 0 0
1.3030586 4.3076186 4.3715591 38.043297 0 0 0 0
1.6481798 4.2857533 4.3760791 29.809872 0 0 0 0
1.9573976 4.331912 4.37321 10.215652 0 0 0 0
2.2603769 4.3164735 4.3818235 1.9701335 0 0 0 0
2.5044913 4.2254677 4.3660316 10.019389 0 0 0 0
2.8466365 4.2904263 4.3665843 12.994344 0 0 0 0
3.1310151 4.3606524 4.35847 26.84375 0 0 0 0
3.4753294 4.3466711 4.3655682 39.5 0 0 0 0
3.7471957 4.2832594 4.3618574 40.21875 0 0 0 0
3.9960763 4.2873054 4.3416414 30 0 0 0 0
4.4755235 4.4767489 4.3538647 39.5 0 0 0 0
-1.8795102 4.7000837 4.3733959 25.75 0 0 0 0
-1.6335108 4.7233114 4.3716602 27.520149 0 0 0 0
-1.3093443 4.6693478 4.3784442 33.195999 0 0 0 0
-1.0679661 4.7273531 4.3851247 36.935364 0 0 0 0
-0.62460285 4.6944532 4.3842125 37.156944 0 0 0 0
-0.51009279 4.7087603 4.3852382 37.112011 0 0 0 0
-0.12070679 4.7371349 4.3859425 36.167503 0 0 0 0
0.01511631 4.7377496 4.3789282 35.471428 0 0 0 0
0.58641899 4.6700821 4.3745642 41.644451 0 0 0 0
0.84623164 4.5967121 4.3700538 40.854206 0 0 0 0
1.0663278 4.6920242 4.3675919 39.824089 0 0 0 0
1.2901976 4.7268534 4.3700771 38.976906 0 0 0 0
1.7495538 4.7426777 4.3698268 38.221256 0 0 0 0
1.8767233 4.7282572 4.3685818 34.995132 0 0 0 0
2.2949071 4.7416658 4.3775034 14.071224 0 0 0 0
2.4822392 4.6923056 4.3740277 4.942708 0 0 0 0
2.916132 4.6955996 4.3841786 1.0911459 0 0 0 0
3.1841974 4.6210885 4.3695812 7.5871496 0 0 0 0
3.4799907 4.753767 4.3650522 23.9375 0 0 0 0
3.75559 4.7545266 4.3524971 34.736111 0 0 0 0
4.0954275 4.6375971 4.3546963 38 0 0 0 0
4.483058 4.7048731 4.3535166 33.375 0 0 0 0
-1.8513861 4.9949818 4.3789167 27.875 0 0 0 0
-1.5994997 4.8734913 4.3808384 33.484741 0 0 0 0
-1.3284178 4.9660711 4.3841405 30.897787 0 0 0 0
-1.0289373 4.8372164 4.3811655 35.997231 0 0 0 0
-0.78421092 5.042315 4.3818707 35.25 0 0 0 0
-0.53112161 4.8295822 4.3852921 36.840847 0 0 0 0
-0.09581697 4.881216 4.3875237 38.322128 0 0 0 0
0.060064927 4.9907703 4.3846517 37.458332 0 0 0 0
0.59074867 4.97052 4.3709183 38.813591 0 0 0 0
0.87008989 4.8844523 4.3688002 39.761654 0 0 0 0
0.92183858 4.9011865 4.3649244 36.442711 0 0 0 0
1.3701662 4.8367348 4.3696284 36.044922 0 0 0 0
1.6521254 5.0087934 4.3642502 39.538383 0 0 0 0
1.968286 4.8512087 4.368331 35.533333 0 0 0 0
2.278007 5.0561199 4.3705688 32.238281 0 0 0 0
2.6371017 4.9997559 4.3824053 10.102946 0 0 0 0
2.9917717 4.8924336 4.3977222 0.5 0 0 0 0
3.1312017 4.9159627 4.3793545 1.109375 0 0 0 0
3.4253488 4.8991871 4.3648324 13.325521 0 0 0 0
3.7879572 4.8712196 4.3612628 30.152779 0 0 0 0
4.0937481 4.8603964 4.3535786 35 0 0 0 0
4.4814286 4.9671459 4.3559313 40.5 0 0 0 0
-1.8131126 5.1765847 4.3817201 28 0 0 0 0
-1.6325505 5.1841125 4.3782396 30.347355 0 0 0 0
-1.3562169 5.2988234 4.3902245 32.186558 0 0 0 0
-1.0431819 5.182107 4.3875632 35.828999 0 0 0 0
-0.66633439 5.2746053 4.3905644 32.862652 0 0 0 0
-0.50468361 5.330164 4.3835421 36.357601 0 0 0 0
-0.053285696 5.2663999 4.373579 36.948608 0 0 0 0
0.034695003 5.3391862 4.2759509 35.869793 0 0 0 0
0.57732767 5.3525152 4.3723927 36.275032 0 0 0 0
0.66418588 5.2273932 4.3171511 33.930573 0 0 0 0
1.1645718 5.2758551 4.3594933 33.259609 0 0 0 0
1.3542275 5.2893634 4.3633227 34.034981 0 0 0 0
1.7046721 5.1475897 4.3671551 32.890987 0 0 0 0
1.9570533 5.310545 4.367259 34.283916 0 0 0 0
2.3045235 5.2685766 4.3702049 32.458984 0 0 0 0
2.5767746 5.1984596 4.3711314 23.71875 0 0 0 0
2.8770351 5.2111702 4.3844237 2.3125 0 0 0 0
3.044086 5.3317595 4.3980718 2.75 0 0 0 0
3.5365837 5.1997051 4.3774529 0.734375 0 0 0 0
3.7055926 5.2253127 4.3541136 8.25 0 0 0 0
4.1598606 5.2486105 4.3452587 25.25 0 0 0 0
4.4097719 5.2228293 4.3597655 31.25 0 0 0 0
-1.895678 5.5227346 4.3796234 29 0 0 0 0
-1.6243593 5.5801806 4.388773 29.52623 0 0 0 0
-1.2794437 5.5151033 4.3832817 30.608128 0 0 0 0
-1.0883185 5.6026835 4.3862066 38.326904 0 0 0 0
-0.8130151 5.5990839 4.3798342 37.486507 0 0 0 0
-0.4572193 5.553299 4.3855019 29.99707 0 0 0 0
-0.15023047 5.6200809 4.3694215 38.123379 0 0 0 0
0.045296177 5.4064674 4.2955637 35.25 0 0 0 0
0.58853018 5.4934969 4.3225446 31.304688 0 0 0 0
0.76395941 5.4574695 4.368207 34.70612 0 0 0 0
1.0913855 5.5815601 4.3293881 46.442707 0 0 0 0
1.3616347 5.5380311 4.3210487 27.763515 0 0 0 0
1.6531317 5.5483513 4.3642054 37.460312 0 0 0 0
1.9855508 5.5407152 4.3621469 32.887989 0 0 0 0
2.3151522 5.544332 4.3654318 34.476562 0 0 0 0
2.5751123 5.6257839 4.3744197 31.90625 0 0 0 0
2.8848944 5.5836902 4.3612967 21.921875 0 0 0 0
3.1688795 5.6530752 4.3333607 16.635416 0 0 0 0
3.3422053 5.60322 4.3645339 3.5 0 0 0 0
4.1561136 5.5546942 4.3675227 11.25 0 0 0 0
4.4081593 5.5744076 4.320631 15.375 0 0 0 0
-1.6544235 5.7238245 4.3419275 32.996094 0 0 0 0
-1.3435626 5.7275429 4.2823305 33.699867 0 0 0 0
-1.0369463 5.7197094 4.2519503 36.462242 0 0 0 0
-0.77384645 5.7186027 4.2967739 36.594444 0 0 0 0
-0.32628381 5.7350025 4.3584642 43.95752 0 0 0 0
-0.24366958 5.7345567 4.2945099 35.633247 0 0 0 0
1.0280257 5.7510471 4.3107734 44.700195 0 0 0 0
1.2667907 5.7394476 4.30445 43.386292 0 0 0 0
1.6973313 5.7198887 4.343729 40.126026 0 0 0 0
1.9809251 5.7603388 4.2951717 34.200993 0 0 0 0
2.2966487 5.7542138 4.3137708 33.601562 0 0 0 0
2.4497716 5.7755365 4.2262292 33 0 0 0 0
2.8049088 5.7561054 4.3048201 38.65625 0 0 0 0
3.172801 5.7615099 4.2440958 27.340626 0 0 0 0
3.4848924 5.7704573 4.3399925 7.7565103 0 0 0 0
3.6110454 5.7835689 4.3036156 0.5 0 0 0 0
4.3916922 5.8049402 4.2815647 4.0686035 0 0 0 0
-1.28117 7.0556927 4.3691983 32.666668 0 0 0 0
-1.0204301 7.1197252 4.3529944 29.125 0 0 0 0
-0.75186241 7.0764236 4.3603716 35.703125 0 0 0 0
-0.3983255 7.0763121 4.3623905 27.144629 0 0 0 0
-0.16052331 7.0541406 4.3706779 30.886719 0 0 0 0
1.3324178 7.1644111 4.3505211 34.5 0 0 0 0
1.6512027 7.1596365 4.3445435 31.145832 0 0 0 0
2.0412357 7.178607 4.3320208 34 0 0 0 0
2.2426941 7.1370583 4.3441396 27.625 0 0 0 0
2.5010414 7.1938848 4.3223734 43 0 0 0 0
3.0945549 7.1430092 4.3352647 31 0 0 0 0
4.9484711 7.12643 4.3481393 1.5 0 0 0 0
-1.3713491 7.2379904 4.3447423 34 0 0 0 0
-0.98991287 7.3565493 4.3636513 29.46875 0 0 0 0
-0.68441218 7.2859077 4.3606911 32.200001 0 0 0 0
-0.49374729 7.2875748 4.3542547 30.766146 0 0 0 0
-0.15519622 7.2572927 4.3629541 27.164062 0 0 0 0
1.0567204 7.2807031 4.3544841 30.370117 0 0 0 0
1.3758425 7.3743215 4.3419371 30.033854 0 0 0 0
1.658563 7.275619 4.3432484 34.03125 0 0 0 0
1.912496 7.2649088 4.3131037 41.480469 0 0 0 0
2.2458191 7.2598562 4.3041859 40.53125 0 0 0 0
2.503361 7.2172084 4.3034668 43 0 0 0 0
4.1541238 7.2542243 4.3322735 31 0 0 0 0
-0.9320516 7.7543545 4.3520069 32 0 0 0 0
-0.75027686 7.7272635 4.3641376 29.861652 0 0 0 0
-0.45462751 7.7164011 4.3646951 29.5 0 0 0 0
-0.16311684 7.7005186 4.3514423 32.382568 0 0 0 0
1.1146938 7.6475868 4.3475327 30.803818 0 0 0 0
1.3470118 7.7602072 4.3425326 32.708336 0 0 0 0
1.6324053 7.6581774 4.3504934 30.289062 0 0 0 0
2.038311 7.6915359 4.3454747 28.558594 0 0 0 0
2.3672276 7.735548 4.3412719 29.125 0 0 0 0
2.5433111 7.7891507 4.3468375 31.5 0 0 0 0
-1.2843472 7.8716421 4.3710022 23.375 0 0 0 0
-0.93416297 7.9324689 4.3520412 30.583334 0 0 0 0
-0.72893751 7.9720936 4.363699 30.386719 0 0 0 0
-0.33114609 7.8693361 4.3505526 30 0 0 0 0
-0.12085627 7.9748187 4.3509398 30.789062 0 0 0 0
1.1604416 7.9892344 4.3505392 33.364582 0 0 0 0
1.3697464 7.8339882 4.338789 31.952799 0 0 0 0
1.7250879 7.9177828 4.3472185 33.916664 0 0 0 0
1.9071054 7.8656273 4.3481503 31.166668 0 0 0 0
2.2320859 7.9384937 4.3410349 32.0625 0 0 0 0
2.5242581 7.9614253 4.3403883 31.5 0 0 0 0
-0.91938901 8.2402859 4.3194313 32.5 0 0 0 0
-0.73523343 8.2595215 4.3427358 35.059776 0 0 0 0
-0.37864399 8.2437592 4.3180742 28.229166 0 0 0 0
-0.14737886 8.2224894 4.3241944 36.247467 0 0 0 0
1.1635476 8.2592211 4.3162541 38.417969 0 0 0 0
1.325563 8.3013344 4.2508154 39.844093 0 0 0 0
1.6682942 8.2553616 4.3362808 36.159016 0 0 0 0
2.0442748 8.2234783 4.3316441 34.151039 0 0 0 0
2.2884045 8.2874603 4.2653012 35.796875 0 0 0 0
2.5680292 8.1698494 4.3383608 30 0 0 0 0
-13.612944 11.25929 4.2364578 4.3398438 0 0 0 0
7.791048 13.741644 4.4120331 14.8125 0 0 0 0
7.9802194 13.614238 4.2543631 17.694702 0 0 0 0
8.1453648 13.585239 4.3465977 20.109476 0 0 0 0
8.5073004 13.595953 4.4264522 3.6904297 0 0 0 0
7.7856226 13.961929 4.4096851 17.5 0 0 0 0
7.8157744 14.061642 4.4421868 6.640625 0 0 0 0
7.7650728 14.183164 4.3828993 5.1875 0 0 0 0
7.8042974 14.19437 4.3132443 4.125 0 0 0 0
-3.5625238 29.476257 4.2011042 0 0 0 0 0
-2.8192282 31.350704 4.3636932 6.125 0 0 0 0
-2.5730133 31.39929 4.3341384 11.332031 0 0 0 0
-2.3378601 31.37706 4.2478571 23.210938 0 0 0 0
-2.8233032 31.586365 4.3488245 12.083334 0 0 0 0
-2.6298571 31.633347 4.3100491 19.5 0 0 0 0
-2.0599036 31.506142 4.2315035 10 0 0 0 0
-2.1638591 31.893959 4.4801741 13 0 0 0 0
-1.9627128 31.959568 4.4071054 10 0 0 0 0
-5.1918421 32.981396 4.2488174 16.75 0 0 0 0
-4.9048996 32.750114 4.3086796 14.5 0 0 0 0
-1.9994545 32.95121 4.2881594 12 0 0 0 0
-1.643916 32.969982 4.2538052 10 0 0 0 0
-5.5143347 33.126144 4.3260908 14.125 0 0 0 0
-5.1831083 33.102325 4.4070559 22.875 0 0 0 0
-5.0777469 33.113079 4.4197273 18.5 0 0 0 0
-2.2599978 33.268761 4.3490963 10 0 0 0 0
-1.9527242 33.041557 4.3805861 18.5 0 0 0 0
-1.499016 33.27319 4.4984975 23 0 0 0 0
-1.4231656 33.432171 4.4992423 11 0 0 0 0
-2.1019957 33.898834 4.2211599 6 0 0 0 0
-1.4576201 33.780617 4.3729992 10 0 0 0 0
3.524013 -5.739912 4.5022416 3.25 0 0 0 0
3.7007055 -5.8440247 4.5027308 1 0 0 0 0
-21.881786 -5.6636887 4.5175109 9 0 0 0 0
3.18837 -5.4435086 4.508698 0 0 0 0 0
3.4571767 -5.682303 4.5023961 10.5 0 0 0 0
-22.303457 -5.1663299 4.5210156 6 0 0 0 0
-20.703688 -5.1434388 4.5162644 6 0 0 0 0
-0.13440596 -5.2418776 4.5018764 3 0 0 0 0
2.972753 -5.1664529 4.5014682 10 0 0 0 0
3.2334917 -5.3981371 4.5150704 1 0 0 0 0
2.617378 -4.8000364 4.5099678 0 0 0 0 0
3.2149053 -5.0985432 4.5017948 1 0 0 0 0
2.8320155 -4.7136254 4.5116825 0 0 0 0 0
-20.409754 -4.2722163 4.5053267 7 0 0 0 0
2.0013077 -3.934104 4.520772 0 0 0 0 0
2.1683924 -4.1302047 4.5038986 0 0 0 0 0
1.5571026 -3.4831412 4.5096526 0 0 0 0 0
1.0639508 -3.2086644 4.5202885 0 0 0 0 0
7.9533629 13.631321 4.6378479 23.029388 0 0 0 0
8.2956505 13.583719 4.7599792 21.057373 0 0 0 0
8.4457989 13.578726 4.5617695 11.927438 0 0 0 0
7.8146076 14.056016 4.6276302 9.75 0 0 0 0
7.7885504 14.134502 4.5830069 7.658453 0 0 0 0
7.8085017 14.128839 4.5640006 8.4140625 0 0 0 0
-2.2871683 31.368937 4.5147076 18.5 0 0 0 0
-2.3003101 31.713207 4.5543094 0 0 0 0 0
-2.4756722 31.947567 4.7631288 15.5 0 0 0 0
-2.2449138 31.928812 4.6971588 16.5 0 0 0 0
-1.9936738 32.030701 4.7016106 7.0998535 0 0 0 0
-1.7515211 32.033478 4.6908398 3.40625 0 0 0 0
-3.129416 32.391804 4.7885714 16 0 0 0 0
-2.6456704 32.206314 4.7442074 14 0 0 0 0
-2.038373 32.136101 4.6565409 16.25 0 0 0 0
-3.9720726 32.607346 4.6730909 12.25 0 0 0 0
-3.7101164 32.618515 4.6432981 0 0 0 0 0
-3.549737 32.672878 4.574007 19.25 0 0 0 0
-3.2764332 32.685898 4.7756176 13 0 0 0 0
-2.8571911 32.633553 4.7195368 13.75 0 0 0 0
-5.0584917 32.986073 4.6552658 10 0 0 0 0
-3.715338 32.774391 4.7327433 5 0 0 0 0
-3.4639897 32.713448 4.5539165 8.5 0 0 0 0
-3.1157327 32.762077 4.7177467 17.347168 0 0 0 0
-2.9464955 32.80724 4.6514111 12 0 0 0 0
-5.1578412 33.118446 4.6004095 12.25 0 0 0 0
-5.0436583 33.109528 4.5614939 6.5 0 0 0 0
-2.1559525 33.238728 4.6319542 0 0 0 0 0
-1.6315458 33.275169 4.7010612 14.25 0 0 0 0
-1.3442292 33.143116 4.6756716 13 0 0 0 0
-1.1872187 33.284462 4.7874265 10 0 0 0 0
-4.1592655 33.429836 4.7581768 13 0 0 0 0
-1.343487 33.443417 4.5940304 12 0 0 0 0
-3.9791648 33.862888 4.5735025 0 0 0 0 0
-3.7963548 33.829655 4.6350508 16.5 0 0 0 0
-13.247169 34.137527 4.7034283 10 0 0 0 0
-3.8052416 33.905949 4.5740695 9 0 0 0 0
-3.2820299 34.02766 4.6960783 9 0 0 0 0
7.7891178 13.748517 4.9559703 17.5 0 0 0 0
7.8522863 13.691469 4.845542 23.200428 0 0 0 0
8.2924805 13.591917 4.8628149 27.760414 0 0 0 0
8.4747858 13.579712 4.8434768 5.4375 0 0 0 0
7.7956152 13.850725 4.9505291 19.625 0 0 0 0
7.8057041 14.006775 4.8448873 16.527588 0 0 0 0
7.7766151 14.169632 4.970263 8.3897839 0 0 0 0
7.8060398 14.191322 4.9416432 8.0625 0 0 0 0
-2.431716 31.969219 4.9655008 7.25 0 0 0 0
-2.2311172 31.995277 4.8731699 11.152344 0 0 0 0
-2.0659776 31.998306 4.8486977 5.5 0 0 0 0
-2.8878729 32.372849 4.8577385 20 0 0 0 0
-2.6080179 32.387157 5.0905776 0 0 0 0 0
-3.7445974 32.597908 4.9781694 9 0 0 0 0
-3.098989 32.608482 5.0013723 25.833332 0 0 0 0
-2.8590951 32.476814 4.9134421 16.65625 0 0 0 0
-2.1053684 32.461048 5.022985 0 0 0 0 0
-3.6928687 32.917179 4.9963727 24.75 0 0 0 0
-3.477901 32.890221 4.8907104 22.4375 0 0 0 0
-3.1455956 32.749634 5.0074959 17.890625 0 0 0 0
-4.5430984 33.277046 4.9477863 10.5 0 0 0 0
-4.4139562 33.263988 4.9279666 6.5 0 0 0 0
-3.9617121 33.189255 5.0280905 12.5 0 0 0 0
-3.8328991 33.176437 4.9416709 13.5 0 0 0 0
-1.5245699 33.282822 4.8782306 4 0 0 0 0
-1.373408 33.137501 4.8290877 12 0 0 0 0
-4.3272524 33.333389 4.9539824 13.125 0 0 0 0
-4.0632181 33.370865 5.0380049 11.875 0 0 0 0
-1.6123544 33.301655 4.8180623 9 0 0 0 0
-3.6804261 33.602623 4.8838468 9 0 0 0 0
-13.423677 34.033539 4.9231229 12 0 0 0 0
-1.7166854 34.482437 5.0613379 11 0 0 0 0
7.7550569 14.219546 5.1627021 8.75 0 0 0 0
7.8005595 14.249416 5.1167126 6 0 0 0 0
-2.6470115 31.396011 5.2703981 8 0 0 0 0
-2.8754075 31.609838 5.2942858 7.25 0 0 0 0
-2.6958745 31.672207 5.2112856 0 0 0 0 0
-2.2102556 31.928009 5.2832575 14.5 0 0 0 0
-1.9490139 31.935017 5.3771 18 0 0 0 0
-2.5270307 32.316612 5.1061387 10 0 0 0 0
-2.3384676 32.129101 5.3165221 0 0 0 0 0
-1.9183232 32.235733 5.3970094 0 0 0 0 0
-3.7451506 32.592106 5.2392149 20.234375 0 0 0 0
-3.4357238 32.556084 5.3132477 20.5 0 0 0 0
-3.1467853 32.672253 5.2646828 16.992188 0 0 0 0
-2.9487827 32.645134 5.1365156 5.5 0 0 0 0
-3.6884568 32.965591 5.1299076 20.25 0 0 0 0
-3.4461014 32.837044 5.19521 23.421875 0 0 0 0
-3.2561498 32.745697 5.2590432 16.25 0 0 0 0
-3.9612503 33.262352 5.2654748 21.5 0 0 0 0
-3.7910457 33.263664 5.203867 16 0 0 0 0
-4.2225571 33.346584 5.1135454 9 0 0 0 0
-3.9352729 33.307789 5.3776193 33 0 0 0 0
-1.5577481 33.544209 5.2915559 0 0 0 0 0
-1.4162251 33.522606 5.2986102 7.375 0 0 0 0
-1.6930958 33.747032 5.3296852 11 0 0 0 0
-1.054595 33.877811 5.3759179 14 0 0 0 0
-2.4595904 34.12434 5.3013272 13 0 0 0 0
-2.2858343 34.098442 5.3106408 10 0 0 0 0
-1.6653277 33.998028 5.2305441 11.5 0 0 0 0
-1.2346144 33.987526 5.3264303 12.25 0 0 0 0
-1.0220554 33.965019 5.3315659 11.9375 0 0 0 0
-0.887012 33.94857 5.3994341 9 0 0 0 0
-2.4950535 34.20166 5.3935142 11 0 0 0 0
-2.2762852 34.354771 5.3981094 29 0 0 0 0
-1.8017918 34.390728 5.1777978 11 0 0 0 0
-1.5564989 34.409866 5.2568593 9.166667 0 0 0 0
-13.385139 30.339422 5.5143433 14 0 0 0 0
-2.8056695 31.460312 5.4824619 8 0 0 0 0
-2.4820609 31.417807 5.5048733 19.664062 0 0 0 0
-2.3111653 31.331467 5.6192036 22.975586 0 0 0 0
-2.4440832 31.640652 5.4478412 14 0 0 0 0
-2.2566025 31.628998 5.5253854 23.75 0 0 0 0
-1.9245694 31.739689 5.5632534 20.03125 0 0 0 0
-1.7312665 31.640461 5.6855407 12 0 0 0 0
-3.051882 31.861094 5.5656743 4 0 0 0 0
-2.3155951 31.929951 5.4390669 14.25 0 0 0 0
-1.8518102 31.890606 5.5463481 17.484375 0 0 0 0
-1.7699685 31.895954 5.6250868 5 0 0 0 0
-1.8597741 32.143734 5.4489088 6 0 0 0 0
-1.7724683 32.101181 5.4247408 0 0 0 0 0
-3.8424859 32.526043 5.5756192 10 0 0 0 0
-3.4933305 32.639507 5.5921764 16.75 0 0 0 0
-3.1408412 32.599567 5.5130205 8.7851562 0 0 0 0
-2.9964976 32.660355 5.4105048 8 0 0 0 0
-4.2088208 32.814724 5.6429625 12 0 0 0 0
-4.1888251 32.966995 5.661612 8 0 0 0 0
-3.7840734 32.975647 5.5978727 22 0 0 0 0
-3.3101299 32.74118 5.5058951 10 0 0 0 0
-3.0913916 32.727062 5.4201632 0 0 0 0 0
-4.3539782 33.226456 5.4535732 10 0 0 0 0
-3.9596584 33.203381 5.4783196 14.71875 0 0 0 0
-3.7474718 33.108261 5.4910192 21.5 0 0 0 0
-1.5883552 33.266933 5.4990845 0 0 0 0 0
-4.2146525 33.346264 5.5088034 10 0 0 0 0
-4.0297542 33.31115 5.6651978 17 0 0 0 0
-1.6034186 33.584698 5.4679604 19 0 0 0 0
-1.3135016 33.391495 5.5670738 22.25 0 0 0 0
-1.0951955 33.434731 5.5377684 15.890625 0 0 0 0
-0.79250991 33.437363 5.5356703 11.166667 0 0 0 0
-1.9184518 33.83849 5.4233727 9 0 0 0 0
-1.6083865 33.796783 5.5214114 11.5 0 0 0 0
-1.3082489 33.879086 5.4203291 24 0 0 0 0
-1.1044315 33.67527 5.5019298 16 0 0 0 0
-0.81042951 33.66478 5.4957776 13.5 0 0 0 0
-3.1483512 34.095074 5.5737972 5 0 0 0 0
-2.848042 34.128242 5.5558376 7 0 0 0 0
-2.1798458 34.129715 5.6172462 0 0 0 0 0
-1.8845633 33.935238 5.611361 21 0 0 0 0
-1.6370647 34.022991 5.641304 13 0 0 0 0
-1.1625853 34.008793 5.4522934 21.5 0 0 0 0
-0.70387059 33.934391 5.4247513 13 0 0 0 0
-2.8345556 34.211296 5.4778547 8.75 0 0 0 0
-2.4995651 34.318062 5.4784899 19.75 0 0 0 0
-2.3370233 34.311531 5.5704451 17.21875 0 0 0 0
-1.941794 34.31678 5.5632801 20 0 0 0 0
-1.7436857 34.448006 5.631568 20.5 0 0 0 0
-3.0242126 35.697647 5.515276 10 0 0 0 0
-3.1255627 35.803288 5.6485434 0 0 0 0 0
-2.9565122 35.808628 5.6674814 0 0 0 0 0
-13.761756 37.833542 5.5241079 16 0 0 0 0
-13.348957 38.036465 5.6051426 10 0 0 0 0
-13.415003 30.100292 5.9491854 17 0 0 0 0
-2.4404445 31.277744 5.7913036 7.5 0 0 0 0
-2.3320923 31.33263 5.8350353 11.203125 0 0 0 0
-1.9392351 31.460352 5.8046885 20.5 0 0 0 0
-1.7208047 31.433201 5.9455714 19 0 0 0 0
-1.8068587 31.54838 5.7951155 11 0 0 0 0
-1.733073 31.527193 5.8516669 12.25 0 0 0 0
-3.5117049 32.08564 5.9742341 9 0 0 0 0
-3.6074517 32.383999 5.9089723 10 0 0 0 0
-3.3499546 32.311501 5.9324951 8.75 0 0 0 0
-3.2089517 32.313316 5.9907355 22 0 0 0 0
-3.7138605 32.452042 5.7342138 17.75 0 0 0 0
-3.4776464 32.464653 5.7525291 21 0 0 0 0
-3.2537107 32.500786 5.8135481 8.5 0 0 0 0
-4.2662826 32.895042 5.7632885 9.25 0 0 0 0
-4.0640974 32.814392 5.8287077 11.875 0 0 0 0
-3.7905209 32.897167 5.901093 7 0 0 0 0
-4.0019512 33.228371 5.7451077 20.5 0 0 0 0
-1.6800629 33.534439 5.8069267 11.25 0 0 0 0
-1.2644204 33.496498 5.8635774 16.625 0 0 0 0
-0.98082334 33.526043 5.827806 15.867188 0 0 0 0
-0.78367704 33.532841 5.8892975 0 0 0 0 0
-1.6578387 33.680115 5.830122 18.3125 0 0 0 0
-1.3889647 33.697617 5.9650927 21.5 0 0 0 0
-3.139009 34.155308 5.7239914 9 0 0 0 0
-1.9318774 34.122597 5.728755 6.125 0 0 0 0
-1.7550253 34.112103 5.7341371 18 0 0 0 0
-1.8334844 34.385437 5.8199267 16 0 0 0 0
-2.5992723 35.369381 5.8161769 0 0 0 0 0
-13.48877 37.824165 5.9248276 14 0 0 0 0
-13.433844 30.271238 6.1840887 11 0 0 0 0
-13.3333 30.377762 6.2457714 10.5 0 0 0 0
-3.7508547 30.890602 6.2708306 8 0 0 0 0
-2.2352087 31.345255 6.0375991 0 0 0 0 0
-1.7203717 31.43618 6.0487094 10.5 0 0 0 0
-4.0094118 31.720617 6.2848325 11 0 0 0 0
-3.4055591 31.943905 6.2336254 12.78125 0 0 0 0
-3.1742988 32.074978 6.1214504 13.5 0 0 0 0
-3.7067642 32.357029 6.1370492 22 0 0 0 0
-3.3652003 32.136509 6.1814013 27 0 0 0 0
-3.0909798 32.20174 6.1995916 0 0 0 0 0
-2.9560492 32.239815 6.2411323 11 0 0 0 0
-4.0959864 32.491478 6.2297354 16.3125 0 0 0 0
-3.829114 32.643494 6.0895967 19 0 0 0 0
-3.9160891 32.890274 6.0921249 16 0 0 0 0
-3.7312286 32.830124 6.1121979 25 0 0 0 0
-3.5718765 32.901718 6.0979939 26.5 0 0 0 0
-3.5565257 33.038635 6.0923104 22 0 0 0 0
-1.3784583 33.554703 6.0315371 23 0 0 0 0
-1.8058474 33.793266 6.1378207 0 0 0 0 0
-1.3158486 33.745667 6.1458611 16.617188 0 0 0 0
-1.0650305 33.762218 6.128736 10.007812 0 0 0 0
-1.5795032 34.086372 6.2261567 16 0 0 0 0
-1.4323721 33.919659 6.250124 17 0 0 0 0
-1.024989 33.992882 6.2427502 11.5 0 0 0 0
-14.053329 37.772266 6.0215502 23 0 0 0 0
-13.747891 37.743481 6.1550708 25 0 0 0 0
-13.750046 29.684727 6.5022349 25 0 0 0 0
-13.429811 29.9277 6.4393768 21 0 0 0 0
-13.346658 30.41481 6.3032455 11 0 0 0 0
-4.047821 31.709044 6.4716539 18 0 0 0 0
-3.5765233 31.799835 6.5108924 18 0 0 0 0
-4.2891068 31.894146 6.4801264 14.8125 0 0 0 0
-3.6966105 31.826355 6.4552803 22.5 0 0 0 0
-3.4176059 31.874264 6.5252829 7.75 0 0 0 0
-3.7835515 32.178864 6.3362646 31 0 0 0 0
-4.0424218 32.430237 6.3242493 23 0 0 0 0
-3.209677 32.604137 6.3973565 9 0 0 0 0
-1.0911279 33.840683 6.3539019 19.25 0 0 0 0
-1.4097004 33.993618 6.4409246 20 0 0 0 0
-1.0455067 34.057663 6.5344353 23.625 0 0 0 0
-0.72795385 34.100956 6.523335 10 0 0 0 0
-0.73546112 34.244099 6.5472579 10 0 0 0 0
-14.250126 37.731876 6.3660631 13 0 0 0 0
-13.73291 37.833374 6.4232516 22 0 0 0 0
-13.406996 30.205931 6.7041044 15.25 0 0 0 0
-13.465868 30.3162 6.7346663 13 0 0 0 0
-4.4220896 31.766058 6.7348518 10 0 0 0 0
-4.016789 31.760515 6.6374755 18 0 0 0 0
-3.766818 31.64015 6.630569 7.5 0 0 0 0
-3.587152 31.744333 6.6274314 0 0 0 0 0
-4.3193736 32.061665 6.7861185 9 0 0 0 0
-4.1284437 31.923927 6.7276564 15.5 0 0 0 0
-3.8826854 31.819128 6.6636519 13 0 0 0 0
-3.3542104 31.833199 6.6319475 0 0 0 0 0
-3.0266411 32.6492 6.6316514 7 0 0 0 0
-1.251766 34.123116 6.6684985 17 0 0 0 0
-1.1705542 34.052227 6.6551046 12.5 0 0 0 0
-0.8306818 34.107948 6.6824107 13 0 0 0 0
-13.808327 37.771812 6.7119999 28 0 0 0 0
-13.513349 37.950817 6.8208914 15 0 0 0 0
-13.440543 29.829355 6.9545751 27 0 0 0 0
-13.508801 30.175388 7.1463032 20.5 0 0 0 0
-13.332974 30.377171 6.987402 9.875 0 0 0 0
-14.047855 37.776257 6.904171 18 0 0 0 0
-13.742594 37.812569 7.0603347 23 0 0 0 0
-13.599367 29.749783 7.2999325 26 0 0 0 0
-13.429878 30.322763 7.205039 14 0 0 0 0
-14.243136 37.738571 7.236362 12 0 0 0 0
-14.002633 37.809448 7.4625206 29 0 0 0 0
-13.728601 37.832722 7.2907777 25 0 0 0 0
-13.424564 37.968758 7.4962883 19 0 0 0 0
-13.744396 29.703501 7.6563129 24.5 0 0 0 0
-13.407824 29.998507 7.7723179 25 0 0 0 0
-13.350954 30.445467 7.7539778 9 0 0 0 0
-13.767612 32.157822 7.7786865 35 0 0 0 0
-13.796803 32.678375 7.7579622 28 0 0 0 0
-14.05181 32.727524 7.6971722 27 0 0 0 0
-14.428179 33.290836 7.6129408 25 0 0 0 0
-13.989431 33.081161 7.6852589 35 0 0 0 0
-13.902836 33.357975 7.7032561 22 0 0 0 0
-14.569614 33.7463 7.7128668 35 0 0 0 0
-13.779478 33.802654 7.7882919 33 0 0 0 0
-14.658325 34.017338 7.5563498 22 0 0 0 0
-14.658913 34.304092 7.6732621 23.25 0 0 0 0
-14.004167 34.260731 7.5778275 30 0 0 0 0
-14.000517 35.411167 7.6811895 28 0 0 0 0
-13.897039 36.326138 7.6196909 27 0 0 0 0
-15.370028 36.759552 7.6385121 13 0 0 0 0
-14.411858 36.871418 7.5542493 16 0 0 0 0
-15.103499 37.833107 7.6316156 20 0 0 0 0
-14.558548 37.854454 7.5362887 9 0 0 0 0
-13.643262 37.870453 7.6427822 22.5 0 0 0 0
-13.623849 29.606134 7.8815675 29 0 0 0 0
-13.333607 30.268051 8.075572 11 0 0 0 0
-13.748139 31.47024 7.9422903 31 0 0 0 0
-13.665135 31.728584 8.0505466 31.5 0 0 0 0
-13.676123 32.029831 7.9236708 35 0 0 0 0
-13.673717 32.261066 7.9342904 29.5 0 0 0 0
-13.669449 32.831783 7.9201145 30.375 0 0 0 0
-13.621371 33.424927 7.8994646 31.5 0 0 0 0
-13.681375 33.714569 7.8763595 32 0 0 0 0
-13.758613 34.073715 7.8740692 40 0 0 0 0
-13.689837 37.734623 7.8408127 28 0 0 0 0
-13.389057 29.848833 8.1813431 22 0 0 0 0
-13.4139 30.344694 8.3458061 13 0 0 0 0
-13.680706 33.010895 8.3760214 29 0 0 0 0
-13.629327 34.30793 8.3573904 30.5 0 0 0 0
-13.587981 36.41703 8.2468843 18 0 0 0 0
-13.704778 37.707897 8.150568 39 0 0 0 0
-13.658776 32.02985 8.5618544 38 0 0 0 0
